symbol,market,bucket,reasons,legs,fvLegs,textLost,numberValue,rdRows,proseStale,customCards,fNotes,driftClass,maxDeltaPct
A,US,VALUE-DRIFT,"scn.bear.tgt 129.1 → 129.12 | scn.base.tgt 172.4 → 172.44 | scn.bull.tgt 208 → 208.02 | prose:prose.gauge ""+11.8%"" → {{analyst.pct}} | prose:prose.verdictBody ""+11.8%"" → {{analyst.pct}} | prose stale copies ×3 (px@analysis;pe@analysis) | s2: $143.00 → $143.21 | s3: $143.00 → $143.21 | s4: $143.00 $100.10 $114.40 $143.00 → $143.21 $100.25 $114.57 $143.21 | s4: $143.00 → $143.21 | s4: $114.40 → $114.57 | s4: (+11.8% → (+1.2% | s5: $114.40 → $114.57 | s6: $129.10 → $129.12 | s6: $172.40 −0.3% → $172.44 −0.2% | s6: $208.00 → $208.02 | s6: −0.3% → −0.2% | s8: $114.40 → $114.57 | s8: $143.00 → $143.21 | s8: $114.40 → $114.57 | s8: (+11.8%) → (+1.2%) | s8: $143.00 → $143.21 | s8: $114.40 → $114.57 | s8: −0.3% → −0.2% | rd/sm fv: 143 → 143.21 | rd/sm values.scenarios[0].tgt: 129.1 → 129.12 | rd/sm values.scenarios[1].tgt: 172.4 → 172.44 | rd/sm values.scenarios[2].tgt: 208 → 208.02 | rd/sm sm.mos: -20.9 → -20.7 | rd/sm sm.upside: -17.3 → -17.1",3,3,0,18,7,3,0,6,mixed,0.2
AAI,TH,HUMAN,"scenarios.cases[0] .ret annotation ""(~−2%/ปี)"" not carried — a per-year/number label would mislabel the v3 total return | scenarios.cases[1] .ret annotation ""(~10%/ปี)"" not carried — a per-year/number label would mislabel the v3 total return | scenarios.cases[2] .ret annotation ""(~23%/ปี)"" not carried — a per-year/number label would mislabel the v3 total return | TEXT LOST ×3: Total Total Total | D: scn.base.tgt ฿4.76 → 4.8 | D: scn.bull.tgt ฿6.88 → 6.81 | D: prose stale copies ×1 (px@analysis) | D: s6: (~−2% ปี) → | D: s6: ฿4.76 Total +33% (~10% ปี) → ฿4.80 +34% | D: s6: ฿6.88 Total +85% (~23% ปี) → ฿6.81 +84%",3,3,3,3,2,1,0,7,,0
AAOI,US,HUMAN,"leg 3 analyst target as fv (""3. Analyst Intrinsic + range"") | custom cards 6 > 4 — dropped ""รายได้ Q1 2026""; ""EPS Q1 2026"" | TEXT LOST ×12: รายได้ YoY สถิติใหม่ EPS GAAP nonGAAP รายได้ฐาน รายได้เป้า | D: scn.bear.tgt 104 → 103.86 | D: scn.base.tgt 173 → 172.72 | D: scn.bull.tgt 260 → 260.5 | D: s1: −$0.77 → ~$-0.77 | D: s2: $155.00 → $154.94 | D: s3: $163 $155.00 → $163.00 $154.94 | D: s4: $155.00 $108.50 $124.00 $155.00 → $154.94 $108.46 $123.95 $154.94 $163.00 | D: s4: $220 → | D: s4: $155.00 → $154.94 | D: s4: ($108.50) → ($108.46) | D: s5: $155.00 → $154.94 | D: s5: ($108.50) → ($108.46) | D: s6: $104.00 → $103.86 | D: s6: $173.00 → $172.72 | D: s6: $260.00 +157% → $260.50 +158% | D: s6: $155.00) → $154.94) | D: s8: $155.00 → $154.94 | D: s8: $155.00 ($140.00–$175.00) → $154.94 ($143.00–$163.00) | D: s8: ($108.50) → ($108.46) | D: s1: รายได้ Q1 2026 $151.1M ▲ +51% YoY (สถิติใหม่) EPS Q1 2026 −$0.19 GAAP • non-GAAP −$0.07 0% → 0.00% | D: rd/sm fv: 155 → 154.94 | D: rd/sm values.fvLow: 140 → 143 | D: rd/sm values.fvHigh: 175 → 163 | D: rd/sm values.scenarios[0].tgt: 104 → 103.86 | D: rd/sm values.scenarios[1].tgt: 173 → 172.72 | D: rd/sm values.scenarios[2].tgt: 260 → 260.5",3,3,12,17,8,0,6,16,,6.86
AAON,US,VALUE-DRIFT,"scn.bear.tgt 70.3 → 69.11 | scn.base.tgt 139.48 → 138.28 | scn.bull.tgt 227.85 → 226.65 | s6: $70.30 −17% → $69.11 −18% | s6: $139.48 +66% → $138.28 +64% | s6: $227.85 +170% → $226.65 +169% | rd/sm values.scenarios[0].tgt: 70.3 → 69.11 | rd/sm values.scenarios[1].tgt: 139.48 → 138.28 | rd/sm values.scenarios[2].tgt: 227.85 → 226.65",2,2,0,3,3,0,1,4,mixed,1.69
AAPL,US,HUMAN,"leg 3 analyst target as fv (""3. Analyst Intrinsic"") | TEXT LOST ×2: เฉลี่ย มัธยฐาน | D: scn.bear.tgt 229 → 228.69 | D: scn.base.tgt 308 → 307.57 | D: scn.bull.tgt 415 → 415.21 | D: s2: $268.00 → $268.29 | D: s3: $328 $268.00 → $328.00 $268.29 | D: s4: $268.00 $187.60 $214.40 $268.00 → $268.29 $187.80 $214.63 $268.29 $328.00 | D: s4: $405 → | D: s5: $268.00 → $268.29 | D: s6: $229.00 → $228.69 | D: s6: $308.00 → $307.57 | D: s6: $415.00 → $415.21 | D: s8: $268.00 ($233.00–$328.00) → $268.29 ($232.72–$328.00) | D: s8: $268.00 → $268.29 | D: s8: <$214.40) → <$214.63) | D: rd/sm fv: 268 → 268.29 | D: rd/sm values.fvLow: 233 → 232.72 | D: rd/sm values.scenarios[0].tgt: 229 → 228.69 | D: rd/sm values.scenarios[1].tgt: 308 → 307.57 | D: rd/sm values.scenarios[2].tgt: 415 → 415.21",3,3,2,11,7,0,2,10,,0.14
ABBNY,US,VALUE-DRIFT,"header: $67.24 – $110.20 • → · | s1: $178.14B ~35.52x → $178B 30.7x | s2: $63.71 → $63.72 | s3: $63.71 → $63.72 | s3: ~$63.71 → ~$63.72 | s4: $63.71 → $63.72 | s4: $50.97 $63.71 → $50.98 $63.72 | s4: ($63.71) → ($63.72) | s5: $63.71 → $63.72 | s7: (~$63.71) → (~$63.72) | s8: (~$63.71) → (~$63.72) | s8: $63.71 → $63.72 | s8: ($50.97) → ($50.98) | s8: $63.71 → $63.72 | rd/sm fv: 63.71 → 63.72",2,2,0,14,3,0,2,7,fv-rounding,0.02
ABBV,US,HUMAN,"custom cards 5 > 4 — dropped ""Humira (FY2025)"" | TEXT LOST ×4: Humira FY2025 biosimilars กดดัน | D: scn.bear.tgt 244.24 → 244.25 | D: scn.base.tgt 371.87 → 371.88 | D: scn.bull.tgt 467.4 → 467.43 | D: prose stale copies ×1 (px@analysis) | D: s2: $233.00 → $233.20 | D: s3: $189.98 $233.00 → $189.66 $233.20 | D: s3: $233.00 → $233.20 | D: s4: $233.00 $163.10 $186.40 $233.00 $265.00 → $233.20 $163.24 $186.56 $233.20 $265.43 | D: s4: $233.00 → $233.20 | D: s4: $186.40 → $186.56 | D: s4: $163.10 → $163.24 | D: s6: $244.24 → $244.25 | D: s6: $371.87 → $371.88 | D: s6: $467.40 → $467.43 | D: s8: $233.00 → $233.20 | D: s8: $233.00 → $233.20 | D: s8: ($186.40) $233.00 ($190.00–$265.00) → ($186.56) $233.20 ($189.66–$265.43) | D: s8: $233.00 → $233.20 | D: s8: $186.40 → $186.56 | D: rd/sm fv: 233 → 233.2 | D: rd/sm values.fvLow: 190 → 189.66 | D: rd/sm values.fvHigh: 265 → 265.43 | D: rd/sm values.scenarios[0].tgt: 244.24 → 244.25 | D: rd/sm values.scenarios[1].tgt: 371.87 → 371.88 | D: rd/sm values.scenarios[2].tgt: 467.4 → 467.43",3,3,4,15,8,1,5,9,,0.18
ABNB,US,HUMAN,"custom cards 7 > 4 — dropped ""Take Rate (โดยประมาณ)""; ""Adjusted EBITDA Margin""; ""เงินปันผล"" | TEXT LOST ×16: Take Rate โดยประมาณ รายได้ GBV ทยอยขยับขึ้นจากค่าธรรมเนียมประกัน Adjusted EBITDA | D: scn.base.tgt 195.6 → 195.56 | D: scn.bull.tgt 279.65 → 279.64 | D: prose stale copies ×3 (pe@analysis) | D: s1: ~36.9x → 36.8x | D: s6: $195.60 → $195.56 | D: s6: $279.65 → $279.64 | D: rd/sm values.scenarios[1].tgt: 195.6 → 195.56 | D: rd/sm values.scenarios[2].tgt: 279.65 → 279.64",3,3,16,3,2,3,7,11,,0.02
ABT,US,HUMAN,"TEXT LOST ×4: Healthcare Medical Devices NYSE | D: scn.bear.tgt 87.7 → 87.71 | D: scn.base.tgt 122.63 → 122.61 | D: scn.bull.tgt 151.08 → 151.07 | D: prose:prose.gauge ""+17.2%"" → {{analyst.pct}} | D: prose:catalysts[5] ""+17.2%"" → {{analyst.pct}} | D: s3: $112.53 → $112.60 | D: s4: $112.50 → $112.60 | D: s4: (+17.2% → (+19% | D: s6: $87.70 → $87.71 | D: s6: $122.63 → $122.61 | D: s6: $151.08 → $151.07 | D: s7: (+17.2%) → (+19%) | D: s8: ($96.40–$112.50) → ($96.41–$112.60) | D: rd/sm values.fvLow: 96.4 → 96.41 | D: rd/sm values.fvHigh: 112.5 → 112.6 | D: rd/sm values.scenarios[0].tgt: 87.7 → 87.71 | D: rd/sm values.scenarios[1].tgt: 122.63 → 122.61 | D: rd/sm values.scenarios[2].tgt: 151.08 → 151.07",2,2,4,8,7,0,1,5,,0.09
ACE,TH,HUMAN,"TEXT LOST ×5: เฉลี่ย Peer กลุ่ม RE ไทย | D: prose stale copies ×3 (pe@analysis;px@analysis) | D: s1: ~13.1x → 13.0x | D: s1: ~0.76% → 0.77%",3,3,5,2,2,3,2,7,,0
ACMR,US,HUMAN,"leg 3 analyst target as fv (""3. Analyst Intrinsic + range"") | D: scn.bear.tgt 49 → 48.52 | D: scn.base.tgt 89 → 88.75 | D: scn.bull.tgt 141 → 141.05 | D: prose:legs[2].note ""~30%"" → {{mos}} | D: s2: $73.00 → $72.73 | D: s3: ~30% → −5% | D: s3: $82 $73.00 → $82.00 $72.73 | D: s4: $73.00 $51.10 $58.40 $73.00 → $72.73 $50.91 $58.18 $72.73 $82.00 | D: s4: $125 → | D: s4: $73.00 (−4%) → $72.73 (−5%) | D: s5: −4% → −5% | D: s5: $73.00 → $72.73 | D: s5: −4% → −5% | D: s6: $49.00 → $48.52 | D: s6: $89.00 → $88.75 | D: s6: $141.00 → $141.05 | D: s8: (−4%) $73.00 ($64.00–$82.00) → (−5%) $72.73 ($64.20–$82.00) | D: s8: −4% → −5% | D: s8: $58.40) → $58.18) | D: rd/sm fv: 73 → 72.73 | D: rd/sm values.fvLow: 64 → 64.2 | D: rd/sm values.scenarios[0].tgt: 49 → 48.52 | D: rd/sm values.scenarios[1].tgt: 89 → 88.75 | D: rd/sm values.scenarios[2].tgt: 141 → 141.05 | D: rd/sm sm.mos: -4.4 → -4.7 | D: rd/sm sm.upside: -4.2 → -4.5",3,3,0,15,9,0,0,12,,0.98
ACN,US,HUMAN,"leg 3 analyst target as fv (""3. Analyst Intrinsic"") | D: scn.bear.tgt 103 → 102.68 | D: scn.base.tgt 159 → 159.17 | D: scn.bull.tgt 227 → 226.63 | D: prose stale copies ×1 (upside@analysis) | D: s2: $152.00 → $152.50 | D: s3: $165 $152.00 → $165.00 $152.50 | D: s3: $152.00 → $152.50 | D: s4: $152.00 $106.40 $121.60 $152.00 → $152.50 $106.75 $122.00 $152.50 $165.00 | D: s4: $275 → | D: s5: −17% → −16% | D: s5: $152.00 → $152.50 | D: s6: $103.00 → $102.68 | D: s6: $159.00 → $159.17 | D: s6: $227.00 → $226.63 | D: s8: $152.00 → $152.50 | D: s8: −17% → −16% | D: rd/sm fv: 152 → 152.5 | D: rd/sm values.scenarios[0].tgt: 103 → 102.68 | D: rd/sm values.scenarios[1].tgt: 159 → 159.17 | D: rd/sm values.scenarios[2].tgt: 227 → 226.63 | D: rd/sm sm.mos: -16.7 → -16.3 | D: rd/sm sm.upside: -14.3 → -14",3,3,0,12,8,1,2,11,,0.4
ADBE,US,HUMAN,"leg 3 analyst target as fv (""3. Analyst Intrinsic"") | D: scn.bear.tgt 228 → 227.94 | D: scn.base.tgt 310 → 309.72 | D: scn.bull.tgt 424 → 424.31 | D: prose stale copies ×5 (pe@analysis;px@analysis) | D: s2: $238.00 → $237.61 | D: s3: $235 $238.00 → $235.00 $237.61 | D: s4: $238.00 $166.60 $190.40 $238.00 → $237.61 $166.33 $190.09 $237.61 $245.00 | D: s4: $460 → | D: s5: −0.4% → −0.6% | D: s5: $238.00 → $237.61 | D: s5: ($190.40) → ($190.09) | D: s6: $228.00 → $227.94 | D: s6: $310.00 → $309.72 | D: s6: $424.00 +77% → $424.31 +78% | D: s8: $238.00 ($233.00–$245.00) → $237.61 ($232.83–$245.00) | D: s8: −0.4% → −0.6% | D: s8: <$190.40 → <$190.09 | D: s8: <$166.60 → <$166.33 | D: rd/sm fv: 238 → 237.61 | D: rd/sm values.fvLow: 233 → 232.83 | D: rd/sm values.scenarios[0].tgt: 228 → 227.94 | D: rd/sm values.scenarios[1].tgt: 310 → 309.72 | D: rd/sm values.scenarios[2].tgt: 424 → 424.31 | D: rd/sm sm.mos: -0.4 → -0.6 | D: rd/sm sm.upside: -0.4 → -0.6",3,3,0,14,8,5,4,10,,0.2
ADI,US,VALUE-DRIFT,"scn.bear.tgt 313 → 313.36 | scn.base.tgt 435 → 434.63 | scn.bull.tgt 572 → 571.82 | s2: $363.00 → $363.29 | s3: $342 $363.00 → $342.48 $363.29 | s4: $363.00 $254.10 $290.40 $363.00 → $363.29 $254.30 $290.63 $363.29 $386.48 | s4: $515 → | s5: $363.00 → $363.29 | s6: $313.00 → $313.36 | s6: $435.00 → $434.63 | s6: $572.00 → $571.82 | s8: $363.00 ($340.00–$390.00) → $363.29 ($342.48–$386.48) | rd/sm fv: 363 → 363.29 | rd/sm values.fvLow: 340 → 342.48 | rd/sm values.fvHigh: 390 → 386.48 | rd/sm values.scenarios[0].tgt: 313 → 313.36 | rd/sm values.scenarios[1].tgt: 435 → 434.63 | rd/sm values.scenarios[2].tgt: 572 → 571.82",3,3,0,9,8,0,3,13,multi-rounding,0.9
ADM,US,VALUE-DRIFT,"scn.bear.tgt $42.90 → 42.88 | scn.base.tgt $75.24 → 75.27 | scn.bull.tgt $99.83 → 99.86 | s1: ~15.2x → 15.9x | s2: $53.20 → $53.17 | s2: $53.20 → $53.17 | s3: $42.80 $53.20 → $42.85 $53.17 | s3: $53.20 → $53.17 | s4: $53.20 $37.24 $42.56 $53.20 → $53.17 $37.22 $42.54 $53.17 | s4: $53.20 → $53.17 | s4: $42.56 → $42.54 | s4: $37.24 → $37.22 | s5: $53.20 → $53.17 | s6: $42.90 −47.6% → $42.88 −48% | s6: $75.24 −8.1% → $75.27 −8% | s6: $99.83 +21.9% → $99.86 +22% | s8: $53.20 → $53.17 | s8: $53.20 ($42.80–$63.50) → $53.17 ($42.85–$63.50) | s8: ($53.20) → ($53.17) | s8: $53.20 → $53.17 | s8: $42.56 → $42.54 | rd/sm fv: 53.2 → 53.17 | rd/sm values.fvLow: 42.8 → 42.85",2,2,0,18,4,0,1,8,mixed,0.12
ADP,US,VALUE-DRIFT,"scn.bear.tgt 204.58 → 208.97 | scn.base.tgt 296.81 → 303.19 | scn.bull.tgt 376.17 → 384.25 | s1: ~22.6x → 24.1x | s6: $204.58 −14% $11.37 → $208.97 −12% $11.61 | s6: $296.81 +22% $13.49 → $303.19 +24% $13.78 | s6: $376.17 +52% $15.05 → $384.25 +55% $15.37 | rd/sm values.scenarios[0].tgt: 204.58 → 208.97 | rd/sm values.scenarios[1].tgt: 296.81 → 303.19 | rd/sm values.scenarios[2].tgt: 376.17 → 384.25 | rd/sm sm.pe: 22.6 → 24.050274",2,2,0,4,6,0,2,8,mixed,6.42
ADSK,US,HUMAN,"leg 3 analyst target as fv (""3. Analyst Intrinsic"") | TEXT LOST ×1: nonGAAP | D: scn.bear.tgt 159 → 159.17 | D: scn.base.tgt 264 → 263.42 | D: scn.bull.tgt 390 → 390.22 | D: header: $185.50–$326.47 • → · | D: s1: $329.09 → $326.47 | D: s2: $246.00 → $245.83 | D: s3: $255 $246.00 → $255.00 $245.83 | D: s4: $246.00 $172.20 $196.80 $246.00 → $245.83 $172.08 $196.66 $245.83 $255.00 | D: s4: $456 → | D: s4: $246.00 → $245.83 | D: s5: $246.00 → $245.83 | D: s6: $159.00 → $159.17 | D: s6: $264.00 → $263.42 | D: s6: $390.00 → $390.22 | D: s8: $246.00 ($238.00–$255.00) → $245.83 ($237.50–$255.00) | D: s8: $196.80; → $196.66; | D: s8: $172.20) → $172.08) | D: rd/sm fv: 246 → 245.83 | D: rd/sm values.fvLow: 238 → 237.5 | D: rd/sm values.scenarios[0].tgt: 159 → 159.17 | D: rd/sm values.scenarios[1].tgt: 264 → 263.42 | D: rd/sm values.scenarios[2].tgt: 390 → 390.22 | D: rd/sm sm.pe: 16.9 → 27.376943",3,3,1,14,7,0,1,10,,61.99
ADVANC,TH,VALUE-DRIFT,"scn.bear.tgt 306 → 305.63 | scn.base.tgt 385 → 384.7 | scn.bull.tgt 485 → 485.12 | s1: ~19.11x → 19.2x | s1: ~19.5 → 19.60x | s2: ฿384.00 → ฿383.54 | s3: ฿384.00 → ฿383.54 | s3: ฿384.00 → ฿383.54 | s4: ฿384.00 ฿268.80 ฿307.20 ฿384.00 ฿402.00 → ฿383.54 ฿268.48 ฿306.83 ฿383.54 ฿401.67 | s4: ฿384.00 → ฿383.54 | s4: ฿307.20 → ฿306.83 | s6: ฿306.00 → ฿305.63 | s6: ฿385.00 → ฿384.70 | s6: ฿485.00 → ฿485.12 | s8: ฿384.00 → ฿383.54 | s8: ฿307.20 ฿384.00 (฿365.00–฿402.00) → ฿306.83 ฿383.54 (฿365.40–฿401.67) | s8: ฿307.20 → ฿306.83 | rd/sm fv: 384 → 383.54 | rd/sm values.fvLow: 365 → 365.4 | rd/sm values.fvHigh: 402 → 401.67 | rd/sm values.scenarios[0].tgt: 306 → 305.63 | rd/sm values.scenarios[1].tgt: 385 → 384.7 | rd/sm values.scenarios[2].tgt: 485 → 485.12 | rd/sm sm.mos: 10.2 → 10",2,2,0,14,8,0,0,4,multi-rounding,0.2
ADVICE,TH,HUMAN,"scenarios.cases[0] .ret annotation ""ต่อปี"" not carried — a per-year/number label would mislabel the v3 total return | scenarios.cases[1] .ret annotation ""ต่อปี"" not carried — a per-year/number label would mislabel the v3 total return | scenarios.cases[2] .ret annotation ""ต่อปี"" not carried — a per-year/number label would mislabel the v3 total return | TEXT LOST ×3: ต่อปี ต่อปี ต่อปี | D: scn.bear.tgt ฿5.10 → 5.09 | D: scn.base.tgt ฿9.00 → 8.97 | D: scn.bull.tgt ฿13.05 → 13.07 | D: prose:prose.verdictBody ""+19.0%"" → {{analyst.pct}} | D: s1: ~฿4.18 → ฿4.18 พันล้าน | D: s8: (+19.0%) → (+21%) | D: s6: ฿5.10 −8.9% ต่อปี → ฿5.09 −25% | D: s6: ฿9.00 +10.1% ต่อปี → ฿8.97 +33% | D: s6: ฿13.05 +24.6% ต่อปี → ฿13.07 +94%",2,2,3,5,2,0,0,8,,0
AEE,US,HUMAN,"scenarios.cases[1] .ret annotation ""(3 ปี) ~13.4%/ปี"" not carried — a per-year/number label would mislabel the v3 total return | scenarios.cases[2] .ret annotation ""(3 ปี) ~19.4%/ปี"" not carried — a per-year/number label would mislabel the v3 total return | TEXT LOST ×1: AEE | D: scn.bear.tgt $85.95 → 85.98 | D: scn.bull.tgt $158.40 → 158.5 | D: s6: $85.95 −4.1% → $85.98 −4% | D: s6: +45.7% (3 ปี) 13.4% ปี → +46% | D: s6: $158.40 +70.3% (3 ปี) 19.4% ปี → $158.50 +70%",2,2,1,3,2,0,1,8,,0
AEHR,US,HUMAN,"leg 3 analyst target as fv (""3. Analyst Intrinsic + range"") | custom cards 5 > 4 — dropped ""EPS Q4 FY2026"" | TEXT LOST ×14: แล้วแกว่งแรงในกรอบ EPS FY2026 GAAP nonGAAP ชนะคาด AEHR ยังขาดทุน | D: FV 88 → 91.26 (family weights) | D: scn.bear.tgt 26 → 23.3 | D: scn.base.tgt 80 → 80.52 | D: scn.bull.tgt 150 → 154.76 | D: header: $18.70 – $147.40 • → · | D: s1: −$0.23 → ~$-0.23 | D: s2: $88.00 → $91.26 | D: s3: $128 $88.00 → $128.00 $91.26 | D: s3: $88.00 → $91.26 | D: s3: $88.00 → $91.26 | D: s3: (−11%) → (−7%) | D: s4: $88.00 $61.60 $70.40 $88.00 → $91.26 $63.88 $73.01 $91.26 $128.00 | D: s4: $88.00 → $91.26 | D: s4: (−11%; → (−7%; | D: s5: −11% → −7% | D: s5: $88.00 → $91.26 | D: s5: ($61.60–$70.40) → ($63.88–$73.01) | D: s6: $26.00 −73% (−35% → $23.30 −76% (−38% | D: s6: $4.26 → $3.88 | D: s6: $80.00 −18% → $80.52 −17% | D: s6: $150.00 +54% (+15% → $154.76 +59% (+17% | D: s6: $9.39 → $9.67 | D: s8: $88.00 → $91.26 | D: s8: $88.00 → $91.26 | D: s8: (−11%; → (−7%; | D: s8: $88.00 → $91.26 | D: s8: −11% → −7% | D: s8: (−11%) → (−7%) | D: s8: $70.40 → $73.01 | D: s8: <$61.60) → <$63.88) | D: disc: (−11%) → (−7%) | D: s1: EPS Q4 FY2026 +$0.04 GAAP • non-GAAP +$0.11 (ชนะคาด −$0.01) 0% → 0.00% | D: rd/sm fv: 88 → 91.26 | D: rd/sm values.baseEps: 1.63 → null | D: rd/sm values.scenarios[0].tgt: 26 → 23.3 | D: rd/sm values.scenarios[1].tgt: 80 → 80.52 | D: rd/sm values.scenarios[2].tgt: 150 → 154.76 | D: rd/sm sm.mos: -10.7 → -6.7 | D: rd/sm sm.upside: -9.7 → -6.3 | D: rd/sm sm.fairValue: 88 → 91.26",3,3,14,28,10,0,5,16,,10.38
AEM,US,HUMAN,"TEXT LOST ×40: ปรับสู่ฉาก Base ปัญหาอยู่ที่ราคา กำไร TTM หุ้น เกิดขึ้นในช่วงที่ทองคำอยู่ที่ oz | D: scn.bear.tgt 45.36 → 45.45 | D: scn.base.tgt 136.41 → 136.37 | D: scn.bull.tgt 292.49 → 292.3 | D: prose:prose.gauge ""+8.3%"" → {{analyst.pct}} | D: prose stale copies ×2 (pe@analysis) | D: s1: ~15.3x → 16.6x | D: s4: (+8.3%) → (+11%) | D: s6: $45.36 → $45.45 | D: s6: $2.52 18x → $2.53 18.0x | D: s6: $136.41 → $136.37 | D: s6: $292.49 → $292.30 | D: s6: $14.13 → $14.12 | D: rd/sm values.scenarios[0].tgt: 45.36 → 45.45 | D: rd/sm values.scenarios[1].tgt: 136.41 → 136.37 | D: rd/sm values.scenarios[2].tgt: 292.49 → 292.3 | D: rd/sm sm.pe: 15.3 → 16.585115",2,2,40,7,6,2,2,7,,8.4
AEONTS,TH,HUMAN,"scenarios.cases[0] .ret annotation ""รวม / ~−1.4%/ปี"" not carried — a per-year/number label would mislabel the v3 total return | scenarios.cases[1] .ret annotation ""รวม / ~+14.5%/ปี"" not carried — a per-year/number label would mislabel the v3 total return | scenarios.cases[2] .ret annotation ""รวม / ~+25.9%/ปี"" not carried — a per-year/number label would mislabel the v3 total return | TEXT LOST ×3: รวม รวม รวม | D: prose stale copies ×1 (pe@analysis) | D: s1: ~7.8x → 7.7x | D: s1: 0.89x → 0.87x | D: s3: ฿153 → ฿152.00 | D: s4: ฿153.00 → ฿152.00 | D: s8: (฿94.00–฿153.00) → (฿94.42–฿152.00) | D: s6: ฿75 −4.2% รวม −1.4% ปี → ฿74.66 −5% | D: s6: ฿126 +50.3% รวม +14.5% ปี → ฿125.94 +50% | D: s6: ฿172 +99.5% รวม +25.9% ปี → ฿172.38 +100% | D: rd/sm values.fvLow: 94 → 94.42 | D: rd/sm values.fvHigh: 153 → 152",3,3,3,8,4,1,2,5,,0.65
AEP,US,HUMAN,"leg 3 analyst target as fv (""3. Analyst Consensus"") | TEXT LOST ×1: oper | D: scn.bear.tgt 115 → 115.19 | D: scn.base.tgt 145 → 145.12 | D: scn.bull.tgt 179 → 178.89 | D: s2: $130.00 → $129.53 | D: s3: $144 $130.00 → $144.00 $129.53 | D: s3: $130.00 → $129.53 | D: s4: $130.00 $91.00 $104.00 $130.00 → $129.53 $90.67 $103.62 $129.53 | D: s4: $130.00 (+10% → $129.53 (+9% | D: s4: $104.00 → $103.62 | D: s4: $91.00 → $90.67 | D: s5: +10% → +9% | D: s6: $115.00 → $115.19 | D: s6: $145.00 → $145.12 | D: s6: $179.00 → $178.89 | D: s8: $130.00 (+10%) → $129.53 (+9%) | D: s8: $104.00–$91.00 → $103.62–$90.67 | D: s8: $130.00 ($122.00–$144.00) → $129.53 ($121.60–$144.00) | D: s8: +10% → +9% | D: s8: (+10%) → (+9%) | D: s8: $104.00 → $103.62 | D: s8: $91.00 → $90.67 | D: rd/sm fv: 130 → 129.53 | D: rd/sm values.fvLow: 122 → 121.6 | D: rd/sm values.scenarios[0].tgt: 115 → 115.19 | D: rd/sm values.scenarios[1].tgt: 145 → 145.12 | D: rd/sm values.scenarios[2].tgt: 179 → 178.89 | D: rd/sm sm.mos: 9.6 → 9.2 | D: rd/sm sm.upside: 10.6 → 10.2",3,3,1,18,9,0,1,12,,0.4
AER,US,HUMAN,"TEXT LOST ×9: ปรับปกติ มัธยฐานย้อนหลัง บริบท ขอบบน ไม่รวมใน FV ตาม impliedrate | D: scn.bear.tgt 62.87 → 62.86 | D: scn.bull.tgt 165.9 → 165.92 | D: s1: ~6.95x → 7.1x | D: s1: 1.19x → 1.22x | D: s2: $102.90 → $102.91 | D: s3: $283.72 $102.90 → $284.27 $102.91 | D: s4: $102.90 $72.03 $82.32 $102.90 $113.19 → $102.91 $72.04 $82.33 $102.91 $104.90 | D: s4: $102.90 → $102.91 | D: s6: $62.87 → $62.86 | D: s6: $165.90 → $165.92 | D: s8: $102.90 → $102.91 | D: s8: $102.90 ($92.61–$113.19) → $102.91 ($100.91–$104.90) | D: s8: ($82.32) → ($82.33) | D: rd/sm fv: 102.9 → 102.91 | D: rd/sm values.fvLow: 92.61 → 100.91 | D: rd/sm values.fvHigh: 113.19 → 104.9 | D: rd/sm values.scenarios[0].tgt: 62.87 → 62.86 | D: rd/sm values.scenarios[2].tgt: 165.9 → 165.92 | D: rd/sm sm.pe: 6.95 → 7.131927",3,2,9,11,8,0,0,6,,8.96
AEVA,US,HUMAN,"TEXT LOST ×2: มัธยฐาน peer | D: scn.bear.tgt 2.16 → 2.19 | D: scn.base.tgt 8.87 → 8.91 | D: scn.bull.tgt 20.16 → 20.2 | D: prose stale copies ×3 (px@analysis) | D: s1: -$0.53 → ~$-0.53 | D: s2: $3.95 → $3.94 | D: s3: $8.87 → $8.91 | D: s3: $3.95 → $3.94 | D: s4: $3.95 $2.77 $3.16 $3.95 → $3.94 $2.76 $3.15 $3.94 | D: s5: −295% → −296% | D: s6: $2.16 → $2.19 | D: s6: $8.87 → $8.91 | D: s6: $20.16 → $20.20 | D: s8: $3.95 → $3.94 | D: s8: −295% → −296% | D: rd/sm fv: 3.95 → 3.94 | D: rd/sm values.scenarios[0].tgt: 2.16 → 2.19 | D: rd/sm values.scenarios[1].tgt: 8.87 → 8.91 | D: rd/sm values.scenarios[2].tgt: 20.16 → 20.2 | D: rd/sm sm.mos: -295.4 → -296.4",2,2,2,11,6,3,4,12,,1.39
AFL,US,VALUE-DRIFT,"FV 101 → 101.58 (family weights) | s2: $101.00 → $101.58 | s2: $101.00 → $101.58 | s3: $107 $101.00 → $107.27 $101.58 | s4: $101.00 $70.70 $80.80 $101.00 → $101.58 $71.11 $81.26 $101.58 $107.27 | s4: $130 → | s4: $101.00 → $101.58 | s4: $70.70–$80.80 → $71.11–$81.26 | s4: $80.80 → $81.26 | s4: $70.70 → $71.11 | s5: −13% → −12% | s5: $70.70–$80.80 → $71.11–$81.26 | s8: $101.00 → $101.58 | s8: $70.70–$80.80 → $71.11–$81.26 | s8: $101.00 ($98.00–$107.00) → $101.58 ($98.28–$107.27) | s8: −13% → −12% | s8: $80.80 → $81.26 | rd/sm fv: 101 → 101.58 | rd/sm values.fvLow: 98 → 98.28 | rd/sm values.fvHigh: 107 → 107.27 | rd/sm chart.min: 90 → 100 | rd/sm chart.grid: 100;110;120 → 110;120 | rd/sm sm.mos: -12.9 → -12.2 | rd/sm sm.upside: -11.4 → -10.9 | rd/sm sm.fairValue: 101 → 101.58",3,3,0,16,10,0,2,9,mixed,11.11
AHC,TH,HUMAN,"TEXT LOST ×2: ไม่มี ทรงตัว | D: scn.base.tgt 11.05 → 11.07 | D: prose stale copies ×2 (pe@analysis) | D: s1: ฿1;813.9 ล้าน ~21.4x → ฿1.81 พันล้าน 21.6x | D: s2: ฿11.02 → ฿11.01 | D: s3: ฿11.32 ฿11.02 → ฿11.30 ฿11.01 | D: s4: ฿11.02 → ฿11.01 | D: s4: (฿10.72–฿11.32) → (฿10.72–฿11.30) | D: s4: ฿11.02 → ฿11.01 | D: s4: (฿8.82) → (฿8.81) | D: s6: ฿11.05 → ฿11.07 | D: s8: ฿11.02 → ฿11.01 | D: s8: ฿11.02 → ฿11.01 | D: s8: ฿11.02 (฿10.72–฿11.32) → ฿11.01 (฿10.72–฿11.30) | D: s8: (฿8.82) → (฿8.81) | D: s4: ฿8.82 ฿11.02 ไม่มี ฿11.32 → ฿8.81 ฿11.01 ฿11.30 | D: rd/sm fv: 11.02 → 11.01 | D: rd/sm values.fvHigh: 11.32 → 11.3 | D: rd/sm values.scenarios[1].tgt: 11.05 → 11.07",2,2,2,13,5,2,1,4,,0.18
AIG,US,HUMAN,"scenarios.cases[1] .ret annotation ""(3 ปี) / ~11.5%/ปี"" not carried — a per-year/number label would mislabel the v3 total return | scenarios.cases[2] .ret annotation ""(3 ปี) / ~20.6%/ปี"" not carried — a per-year/number label would mislabel the v3 total return | custom cards 5 > 4 — dropped ""Net Premiums Written"" | TEXT LOST ×6: Net Premiums Written รายงาน constantdollar TBV | D: scn.bear.tgt $68.04 → 68.02 | D: scn.base.tgt $97.65 → 97.61 | D: scn.bull.tgt $124.80 → 124.79 | D: prose stale copies ×1 (pe@analysis) | D: s2: $88.00 → $88.13 | D: s3: $94 → $94.59 | D: s3: $81 $88.00 → $81.48 $88.13 | D: s3: $88.00 → $88.13 | D: s4: $88.00 $61.60 $70.40 $88.00 → $88.13 $61.69 $70.50 $88.13 | D: s4: $94.00 → $94.59 | D: s4: $88.00 → $88.13 | D: s4: $70.40 → $70.50 | D: s4: $61.60 → $61.69 | D: s6: $68.04 → $68.02 | D: s6: $97.65 +38.8% (3 ปี) 11.5% ปี → $97.61 +39% | D: s6: $124.80 +75.6% (3 ปี) 20.6% ปี → $124.79 +76% | D: s8: $88.00 ($82.00–$94.00) → $88.13 ($81.48–$94.59) | D: s8: ($70.40) → ($70.50) | D: rd/sm fv: 88 → 88.13 | D: rd/sm values.fvLow: 82 → 81.48 | D: rd/sm values.fvHigh: 94 → 94.59 | D: rd/sm sm.upside: 17.6 → 17.8",3,3,6,14,6,1,5,12,,0.63
AIT,US,VALUE-DRIFT,"scn.bear.tgt 181 → 181.39 | scn.base.tgt 290 → 289.67 | scn.bull.tgt 400 → 399.98 | prose stale copies ×1 (px@analysis) | s1: $12.18B ~29.4x → $12.2B 30.3x | s2: $271.00 → $270.96 | s2: $271.00 → $270.96 | s3: $279.15 $271.00 → $279.11 $270.96 | s3: $271.00 → $270.96 | s4: $271.00 $189.70 $216.80 $271.00 $300.00 $400 → $270.96 $189.67 $216.77 $270.96 $279.11 $400.00 | s4: $271.00 → $270.96 | s4: $271.00 → $270.96 | s4: ($216.80) → ($216.77) | s4: ($189.70) → ($189.67) | s6: $181.00 → $181.39 | s6: $290.00 → $289.67 | s6: $400.00 → $399.98 | s8: $271.00 → $270.96 | s8: $271.00 ($240.00–$300.00) → $270.96 ($262.80–$279.11) | s8: $271.00 → $270.96 | s8: $216.80 → $216.77 | rd/sm fv: 271 → 270.96 | rd/sm values.fvLow: 240 → 262.8 | rd/sm values.fvHigh: 300 → 279.11 | rd/sm values.scenarios[0].tgt: 181 → 181.39 | rd/sm values.scenarios[1].tgt: 290 → 289.67 | rd/sm values.scenarios[2].tgt: 400 → 399.98 | rd/sm sm.pe: 29.4 → 30.321461",2,2,0,17,9,1,1,8,mixed,9.5
AJG,US,VALUE-DRIFT,"prose:prose.gauge ""+21.8%"" → {{analyst.pct}} | prose:prose.verdictBody ""+21.8%"" → {{analyst.pct}} | s1: ~3.0x → 2.86x | s2: $259.50 → $259.52 | s3: $250.62 $259.50 → $250.63 $259.52 | s3: $259.50 → $259.52 | s4: $259.50 $181.65 $207.60 $259.50 $277.00 → $259.52 $181.66 $207.62 $259.52 $276.78 | s4: $259.50 → $259.52 | s4: (+21.8% → (+28% | s4: ($207.60) → ($207.62) | s4: ($181.65) → ($181.66) | s8: $259.50 → $259.52 | s8: (+21.8%) → (+28%) | s8: $259.50 ($251.00–$277.00) → $259.52 ($250.63–$276.78) | s8: $207.60–$181.65 → $207.62–$181.66 | s8: $259.50 → $259.52 | rd/sm fv: 259.5 → 259.52 | rd/sm values.fvLow: 251 → 250.63 | rd/sm values.fvHigh: 277 → 276.78",3,3,0,14,5,0,1,8,mixed,0.15
AKAM,US,HUMAN,"TEXT LOST ×1: เฉลี่ยตลอดวงจร | D: FV 103.63 → 98.35 (family weights) | D: scn.base.tgt 124.06 → 124.08 | D: scn.bull.tgt 188.68 → 188.67 | D: prose:prose.verdictBody ""+46.7%"" → {{analyst.pct}} | D: prose stale copies ×2 (px@analysis;pe@analysis) | D: s1: ~38.0x → 16.5x | D: s2: $103.63 → $98.35 | D: s3: $120.87 → $122.28 | D: s3: $103.63 → $98.35 | D: s3: $103.63 → $98.35 | D: s3: ($103.63) → ($98.35) | D: s4: $103.63 $72.54 $82.90 $103.63 $120.87 → $98.35 $68.84 $78.68 $98.35 $122.28 | D: s4: ($103.63) → ($98.35) | D: s4: ($77.28–$120.87) → ($77.28–$122.28) | D: s5: −7% → −12% | D: s5: (−7%) → (−12%) | D: s6: $124.06 → $124.08 | D: s6: $188.68 → $188.67 | D: s7: (−7%) → (−12%) | D: s8: ~$103.63 → ~$98.35 | D: s8: $77.28–$120.87) → $77.28–$122.28) | D: s8: (+46.7% → (+39% | D: s8: $103.63 ($77.28–$120.87) → $98.35 ($77.28–$122.28) | D: s8: −7% → −12% | D: rd/sm fv: 103.63 → 98.35 | D: rd/sm values.fvHigh: 120.87 → 122.28 | D: rd/sm values.scenarios[1].tgt: 124.06 → 124.08 | D: rd/sm values.scenarios[2].tgt: 188.68 → 188.67 | D: rd/sm sm.mos: -6.5 → -12.3 | D: rd/sm sm.upside: -6.1 → -10.9 | D: rd/sm sm.fairValue: 103.63 → 98.35",3,3,1,19,9,2,1,7,,5.8
ALAB,US,VALUE-DRIFT,"scn.bear.tgt 168 → 167.13 | scn.base.tgt 305 → 301.03 | scn.bull.tgt 551 → 552.87 | s2: $190.00 → $189.94 | s3: $160 $190.00 → $160.06 $189.94 | s4: $190.00 $133.00 $152.00 $190.00 → $189.94 $132.96 $151.95 $189.94 $219.82 | s4: $500 → | s4: $190.00 → $189.94 | s5: $190.00 → $189.94 | s6: $168.00 −53% (−22% → $167.13 −54% (−23% | s6: $305.00 −15% (−5% → $301.03 −16% (−6% | s6: $551.00 → $552.87 | s7: $190.00 → $189.94 | s8: ($190.00; → ($189.94; | s8: $160.00–$220.00) → $160.06–$219.82) | s8: $190.00 ($160.00–$220.00) → $189.94 ($160.06–$219.82) | s8: $160.00 → $160.06 | s8: $152.00; → $151.95; | s8: $133.00) → $132.96) | rd/sm fv: 190 → 189.94 | rd/sm values.fvLow: 160 → 160.06 | rd/sm values.fvHigh: 220 → 219.82 | rd/sm values.scenarios[0].tgt: 168 → 167.13 | rd/sm values.scenarios[1].tgt: 305 → 301.03 | rd/sm values.scenarios[2].tgt: 551 → 552.87 | rd/sm sm.pe: 47.5 → 177.591133",2,2,0,16,8,0,4,8,mixed,273.88
ALC,US,VALUE-DRIFT,"scn.bear.tgt 55.5 → 55.52 | scn.base.tgt 87.1 → 87.05 | scn.bull.tgt 116.2 → 116.27 | prose stale copies ×2 (pe@analysis) | s2: $75.90 → $75.68 | s3: $79.20 → $79.22 | s3: $75.90 → $75.68 | s3: $75.90 → $75.68 | s4: $75.90 $53.13 $60.72 $75.90 $79.20 → $75.68 $52.98 $60.54 $75.68 $79.22 | s4: $75.90 → $75.68 | s4: $60.72 → $60.54 | s4: $53.13 → $52.98 | s5: ($75.90) → ($75.68) | s5: $60.72 → $60.54 | s6: $55.50 → $55.52 | s6: $87.10 → $87.05 | s6: $116.20 → $116.27 | s8: $75.90 → $75.68 | s8: $73.50–$79.20) → $73.50–$79.22) | s8: $75.90 ($73.50–$79.20) → $75.68 ($73.50–$79.22) | s8: $60.72 → $60.54 | rd/sm fv: 75.9 → 75.68 | rd/sm values.fvHigh: 79.2 → 79.22 | rd/sm values.scenarios[0].tgt: 55.5 → 55.52 | rd/sm values.scenarios[1].tgt: 87.1 → 87.05 | rd/sm values.scenarios[2].tgt: 116.2 → 116.27 | rd/sm sm.mos: 14.9 → 14.7 | rd/sm sm.upside: 17.6 → 17.2",3,3,0,17,8,2,2,9,mixed,0.4
ALGN,US,HUMAN,"TEXT LOST ×3: adj adj adj | D: scn.bear.tgt 216 → 215.79 | D: scn.base.tgt 276 → 276.4 | D: scn.bull.tgt 385 → 385.33 | D: prose stale copies ×1 (pe@analysis) | D: s1: (0%) → · | D: s2: $220.00 → $220.61 | D: s3: $223 $220.00 → $223.11 $220.61 | D: s4: $220.00 $154.00 $176.00 $209 $220.00 $223.00 → $220.61 $154.43 $176.49 $209.00 $220.61 $223.11 | D: s4: $220.00 → $220.61 | D: s4: ($154.00) → ($154.43) | D: s4: ($176.00) → ($176.49) | D: s4: ($154.00) → ($154.43) | D: s6: $216.00 → $215.79 | D: s6: $276.00 → $276.40 | D: s8: $220.00 → $220.61 | D: s8: $220.00 ($219.00–$223.00) → $220.61 ($219.31–$223.11) | D: s8: ($176.00) → ($176.49) | D: s8: ($154.00) → ($154.43) | D: s6: $385.00 +164% EPS adj. ปี 3 → $385.33 +165% | D: rd/sm fv: 220 → 220.61 | D: rd/sm values.fvLow: 219 → 219.31 | D: rd/sm values.fvHigh: 223 → 223.11 | D: rd/sm values.scenarios[0].tgt: 216 → 215.79 | D: rd/sm values.scenarios[1].tgt: 276 → 276.4 | D: rd/sm values.scenarios[2].tgt: 385 → 385.33 | D: rd/sm chart.max: 225 → 250 | D: rd/sm chart.grid: 150;175;200 → 150;175;200;225 | D: rd/sm sm.mos: 33.8 → 34 | D: rd/sm sm.upside: 51.1 → 51.5",3,3,3,15,12,1,2,13,,11.11
ALL,US,VALUE-DRIFT,"scn.bear.tgt 213 → 213.05 | scn.base.tgt 332 → 332.41 | scn.bull.tgt 417 → 417.37 | s2: $300.00 → $299.56 | s3: $312 $300.00 → $311.98 $299.56 | s4: $300.00 $210.00 $240.00 → $299.56 $209.69 $239.65 | s4: $300.00 $312.00 → $299.56 $311.98 | s4: $300.00 → $299.56 | s4: ($240.00) → ($239.65) | s6: $213.00 → $213.05 | s6: $332.00 → $332.41 | s6: $417.00 → $417.37 | s8: $300.00 ($287.00–$312.00) → $299.56 ($287.14–$311.98) | s8: ($240.00) → ($239.65) | rd/sm fv: 300 → 299.56 | rd/sm values.fvLow: 287 → 287.14 | rd/sm values.fvHigh: 312 → 311.98 | rd/sm values.scenarios[0].tgt: 213 → 213.05 | rd/sm values.scenarios[1].tgt: 332 → 332.41 | rd/sm values.scenarios[2].tgt: 417 → 417.37 | rd/sm sm.upside: 32.1 → 31.9",2,2,0,11,9,0,1,7,multi-rounding,0.2
ALLE,US,VALUE-DRIFT,"scn.bear.tgt 145.7 → 145.71 | scn.base.tgt 192 → 191.98 | scn.bull.tgt 235.5 → 235.52 | prose:prose.strategy ""~3.0%"" → {{mos}} | prose:prose.strategy ""$126"" → {{mos20}} | prose stale copies ×1 (px@analysis) | s2: $157.00 → $157.39 | s3: $159 $157.00 → $159.33 $157.39 | s4: $157.00 $109.90 $125.60 $157.00 $166.00 $175 → $157.39 $110.17 $125.91 $157.39 $159.33 $175.00 | s4: ($157.00) → ($157.39) | s4: ($125.60) → ($125.91) | s6: $145.70 → $145.71 | s6: $192.00 → $191.98 | s6: $235.50 → $235.52 | s8: $157.00 ($148.00–$166.00) → $157.39 ($155.45–$159.33) | rd/sm fv: 157 → 157.39 | rd/sm values.fvLow: 148 → 155.45 | rd/sm values.fvHigh: 166 → 159.33 | rd/sm values.scenarios[0].tgt: 145.7 → 145.71 | rd/sm values.scenarios[1].tgt: 192 → 191.98 | rd/sm values.scenarios[2].tgt: 235.5 → 235.52 | rd/sm sm.mos: 2.9 → 3.1 | rd/sm sm.upside: 3 → 3.2",2,2,0,9,9,1,0,5,mixed,5.03
ALNY,US,HUMAN,"TEXT LOST ×4: รายได้รวม ไม่จ่าย ไม่จ่าย ไม่จ่าย | D: FV 158.73 → 159.92 (family weights) | D: scn.bear.tgt 141.6 → 141.59 | D: scn.base.tgt 291.3 → 291.34 | D: scn.bull.tgt 484 → 483.96 | D: s1: ~43x → 44.4x | D: s2: $158.73 → $159.92 | D: s3: $164.55 → $166.94 | D: s3: $158.73 → $159.92 | D: s4: $158.73 $111.11 $126.98 $158.73 $164.55 → $159.92 $111.94 $127.94 $159.92 $166.94 | D: s5: −57% → −56% | D: s5: $158.73 → $159.92 | D: s5: ($126.98) → ($127.94) | D: s6: $141.60 → $141.59 | D: s6: $291.30 → $291.34 | D: s6: $484.00 → $483.96 | D: s8: ($158.73 → ($159.92 | D: s8: $158.73 ($152.90–$164.55) → $159.92 ($152.90–$166.94) | D: s8: −57% → −56% | D: s8: ($126.98) → ($127.94) | D: rd/sm fv: 158.73 → 159.92 | D: rd/sm values.fvHigh: 164.55 → 166.94 | D: rd/sm values.scenarios[0].tgt: 141.6 → 141.59 | D: rd/sm values.scenarios[1].tgt: 291.3 → 291.34 | D: rd/sm values.scenarios[2].tgt: 484 → 483.96 | D: rd/sm sm.pe: 42.63 → 44.411032 | D: rd/sm sm.mos: -57.2 → -56.1 | D: rd/sm sm.upside: -36.4 → -35.9 | D: rd/sm sm.fairValue: 158.73 → 159.92",2,2,4,15,11,0,3,10,,4.18
AMAT,US,VALUE-DRIFT,"scn.bear.tgt 258 → 257.79 | scn.base.tgt 486 → 486.22 | scn.bull.tgt 731 → 730.59 | header: $184 – $740 • → · | s2: $339.00 → $337.78 | s3: $319 $339.00 → $317.43 $337.78 | s4: $339.00 $237.30 $271.20 $339.00 → $337.78 $236.45 $270.22 $337.78 $358.12 | s4: $339.00 → $337.78 | s5: $339.00 → $337.78 | s6: $258.00 → $257.79 | s6: $486.00 +2% (+0.7% → $486.22 +3% (+1.0% | s6: $731.00 → $730.59 | s7: $339.00 → $337.78 | s8: $339.00 ($319.00–$358.00) → $337.78 ($317.43–$358.12) | s8: $339.00 → $337.78 | s8: <$271.20) → <$270.22) | rd/sm fv: 339 → 337.78 | rd/sm values.fvLow: 319 → 317.43 | rd/sm values.fvHigh: 358 → 358.12 | rd/sm values.scenarios[0].tgt: 258 → 257.79 | rd/sm values.scenarios[1].tgt: 486 → 486.22 | rd/sm values.scenarios[2].tgt: 731 → 730.59 | rd/sm sm.mos: -39.9 → -40.4 | rd/sm sm.upside: -28.5 → -28.8",2,2,0,13,9,0,2,7,multi-rounding,0.5
AMATA,TH,HUMAN,"analyst target not a single consensus in the doc currency (s8 vcell: range) | D: scn.bull.tgt 59.35 → 59.34 | D: prose stale copies ×3 (pe@analysis;mos@analysis) | D: s1: ~7.42x → 7.6x | D: s4: ฿31.01 → | D: s4: ฿41.00 → ฿40.83 | D: s6: ฿59.35 → ฿59.34 | D: s6: ฿4.94 → ฿4.95 | D: s8: (฿28.00–฿41.00) → (฿27.26–฿40.83) | D: rd/sm values.fvLow: 28 → 27.26 | D: rd/sm values.fvHigh: 41 → 40.83 | D: rd/sm values.scenarios[2].tgt: 59.35 → 59.34 | D: rd/sm sm.pe: 7.4 → 7.645089",3,3,0,6,5,3,0,3,,3.31
AMATAV,TH,HUMAN,"scenarios.cases[0] .ret annotation ""/ปี"" not carried — a per-year/number label would mislabel the v3 total return | scenarios.cases[1] .ret annotation ""/ปี"" not carried — a per-year/number label would mislabel the v3 total return | scenarios.cases[2] .ret annotation ""/ปี"" not carried — a per-year/number label would mislabel the v3 total return | TEXT LOST ×2: เฉลี่ย เฉลี่ยกลุ่มนิคมอุตสาหกรรม | D: s1: ~2.3% → 2.14% | D: s6: −2.8% ปี → −8% | D: s6: +19.1% ปี → +69% | D: s6: +39.0% ปี → +168% | D: rd/sm sm.dividendYield: 2.25 → 2.136752",3,3,2,4,3,0,1,9,,0.11
AMCR,US,VALUE-DRIFT,"scn.bear.tgt 33 → 33.02 | scn.base.tgt 48.9 → 48.86 | scn.bull.tgt 65.1 → 65.08 | header: $36.25 – $50.94 → · | s1: ~10.5x → 17.7x | s3: $43.63 → $43.58 | s6: $33.00 → $33.02 | s6: $48.90 → $48.86 | s6: $65.10 → $65.08 | rd/sm values.scenarios[0].tgt: 33 → 33.02 | rd/sm values.scenarios[1].tgt: 48.9 → 48.86 | rd/sm values.scenarios[2].tgt: 65.1 → 65.08 | rd/sm sm.pe: 10.5 → 17.689076",3,2,0,6,5,0,0,8,mixed,68.47
AMD,US,VALUE-DRIFT,"scn.bear.tgt 287 → 286.46 | scn.base.tgt 498 → 497.73 | scn.bull.tgt 749 → 749.4 | s4: $585 → $430.00 | s6: $287.00 → $286.46 | s6: $498.00 → $497.73 | s6: $749.00 → $749.40 | rd/sm values.scenarios[0].tgt: 287 → 286.46 | rd/sm values.scenarios[1].tgt: 498 → 497.73 | rd/sm values.scenarios[2].tgt: 749 → 749.4",3,3,0,4,4,0,4,14,scn-tgt,0.19
AME,US,VALUE-DRIFT,"scn.base.tgt $250.80 → 250.74 | scn.bull.tgt $289.10 → 289.06 | prose:prose.gauge ""$278"" → {{analyst.target}} | prose:prose.gauge ""+17%"" → {{analyst.pct}} | prose:catalysts[5] ""$278"" → {{analyst.target}} | prose:catalysts[5] ""+17%"" → {{analyst.pct}} | prose stale copies ×1 (upside@analysis) | s2: $202.00 → $202.21 | s2: $202.00 → $202.21 | s3: $202.00 → $202.21 | s4: $202.00 $141.40 $161.60 $202.00 $205.00 $278 → $202.21 $141.55 $161.77 $202.21 $205.37 $278.00 | s4: $202.00 → $202.21 | s4: $161.60 → $161.77 | s4: $278 (+17% → $278.00 (+12% | s6: -15% → −19% | s6: $250.80 +6% → $250.74 +1.2% | s6: $289.10 +22% $9.36 → $289.06 +17% $9.35 | s7: $278 (+17%) → $278.00 (+12%) | s8: $202.00 → $202.21 | s8: $161.60–$202.00 $202.00 ($199.00–$205.00) → $161.77–$202.21 $202.21 ($199.04–$205.37) | s8: $161.60–$182 → $161.77–$182 | rd/sm fv: 202 → 202.21 | rd/sm values.fvLow: 199 → 199.04 | rd/sm values.fvHigh: 205 → 205.37",2,2,0,14,5,1,0,7,mixed,0.18
AMGN,US,VALUE-DRIFT,"scn.bear.tgt 241 → 241.35 | scn.base.tgt 406 → 405.38 | scn.bull.tgt 563 → 562.83 | s2: $348.00 → $348.20 | s2: $348.00 → $348.20 | s3: $348.94 $348.00 → $348.93 $348.20 | s3: $348.00 → $348.20 | s4: $348.00 $243.60 $278.40 $348.00 $356.00 $388 → $348.20 $243.74 $278.56 $348.20 $356.16 $388.00 | s4: $348.00 → $348.20 | s4: $278.40 → $278.56 | s4: $243.60 → $243.74 | s5: ($278.40) → ($278.56) | s6: $241.00 → $241.35 | s6: $406.00 → $405.38 | s6: $563.00 → $562.83 | s8: $348.00 → $348.20 | s8: $348.00 ($339.00–$356.00) → $348.20 ($339.50–$356.16) | s8: ($278.40) → ($278.56) | rd/sm fv: 348 → 348.2 | rd/sm values.fvLow: 339 → 339.5 | rd/sm values.fvHigh: 356 → 356.16 | rd/sm values.scenarios[0].tgt: 241 → 241.35 | rd/sm values.scenarios[1].tgt: 406 → 405.38 | rd/sm values.scenarios[2].tgt: 563 → 562.83",3,3,0,15,8,0,1,9,multi-rounding,0.15
AMKR,US,VALUE-DRIFT,"scn.bear.tgt 37 → 36.55 | scn.base.tgt 58 → 57.66 | scn.bull.tgt 92 → 91.46 | prose stale copies ×4 (pe@analysis) | s2: $33.00 → $33.07 | s3: $28 $33.00 → $28.22 $33.07 | s4: $33.00 $23 $26 $33.00 → $33.07 $23.15 $26.46 $33.07 $37.91 | s4: $90 → | s4: ($33.00) → ($33.07) | s4: (−60% → (−59% | s5: −60% → −59% | s5: $33.00 (−60%) → $33.07 (−59%) | s5: $26.40) → $26.46) | s6: $37.00 −30% (−11% → $36.55 −31% (−12% | s6: $58.00 +10% → $57.66 +9% | s6: $92.00 +75% (+21% → $91.46 +74% (+20% | s8: ($33.00) → ($33.07) | s8: (−60%) → (−59%) | s8: $33.00 ($28.00–$38.00) → $33.07 ($28.22–$37.91) | s8: −60% → −59% | s8: $33.00 → $33.07 | s8: $26.40) → $26.46) | rd/sm fv: 33 → 33.07 | rd/sm values.fvLow: 28 → 28.22 | rd/sm values.fvHigh: 38 → 37.91 | rd/sm values.scenarios[0].tgt: 37 → 36.55 | rd/sm values.scenarios[1].tgt: 58 → 57.66 | rd/sm values.scenarios[2].tgt: 92 → 91.46 | rd/sm sm.mos: -59.7 → -59.3 | rd/sm sm.upside: -37.4 → -37.2",2,2,0,18,10,4,3,7,mixed,1.22
AMP,US,VALUE-DRIFT,"s1: ~7.8x → 8.31x | s2: $617.00 → $617.21 | s2: $617.00 → $617.21 | s3: $662.77 $617.00 → $663.11 $617.21 | s3: $617.00 → $617.21 | s4: $617.00 $431.90 $493.60 $579 $617.00 $629.00 → $617.21 $432.05 $493.77 $579.00 $617.21 $663.11 | s4: $617.00 → $617.21 | s4: $493.60 → $493.77 | s4: $431.90 → $432.05 | s5: $617.00 → $617.21 | s8: $617.00 → $617.21 | s8: $617.00 ($605.00–$629.00) → $617.21 ($571.32–$663.11) | s8: $617.00 → $617.21 | s8: ($493.60) → ($493.77) | rd/sm fv: 617 → 617.21 | rd/sm values.fvLow: 605 → 571.32 | rd/sm values.fvHigh: 629 → 663.11",2,2,0,14,5,0,1,6,mixed,5.57
AMRZ,US,HUMAN,"failed before compare — compute: scenarios: ต้องมี (object) | scenarios: 2 columns (need Bear/Base/Bull) | schema scenarios: ต้องมี (object)",3,3,0,0,0,0,1,4,,0
AMT,US,HUMAN,"TEXT LOST ×22: AMT AMT AMT AMT AMT AFFO AFFO AFFO | D: scn.bear.tgt 193.6 → 193.66 | D: scn.base.tgt 230.76 → 230.68 | D: scn.bull.tgt 257.45 → 257.54 | D: prose stale copies ×1 (mos@analysis) | D: s2: $192.50 → $192.54 | D: s2: $192.50 → $192.54 | D: s3: $192.50 → $192.54 | D: s4: $192.50 $134.75 $154.00 $192.50 $200.00 → $192.54 $134.78 $154.03 $192.54 $199.62 | D: s4: $192.50 → $192.54 | D: s4: ($154.00) → ($154.03) | D: s6: $193.60 → $193.66 | D: s6: $230.76 → $230.68 | D: s6: $257.45 → $257.54 | D: s8: $192.50 → $192.54 | D: s8: $192.50 ($188.00–$200.00) → $192.54 ($188.42–$199.62) | D: s8: $154.00 → $154.03 | D: rd/sm fv: 192.5 → 192.54 | D: rd/sm values.fvLow: 188 → 188.42 | D: rd/sm values.fvHigh: 200 → 199.62 | D: rd/sm values.scenarios[0].tgt: 193.6 → 193.66 | D: rd/sm values.scenarios[1].tgt: 230.76 → 230.68 | D: rd/sm values.scenarios[2].tgt: 257.45 → 257.54 | D: rd/sm sm.pe: 16.3 → 23.006878",3,3,22,12,9,1,4,11,,41.15
AMZN,US,VALUE-DRIFT,"scn.bear.tgt 171 → 181.27 | scn.bull.tgt 384 → 385.93 | s2: $261.00 → $260.97 | s3: $240 $261.00 → $240.00 $260.97 | s4: $261.00 $182.70 $208.80 $249.38 $261.00 → $260.97 $182.68 $208.78 $260.97 $281.94 | s4: $261.00 → $260.97 | s5: $261.00 → $260.97 | s6: $171.00 −31% (−12% → $181.27 −27% (−10% | s6: $8.6 → $9.06 | s6: $384.00 +54% (+15% → $385.93 +55% (+16% | s6: $12.8 → $12.86 | s8: $261.00 ($240.00–$282.00) → $260.97 ($240.00–$281.94) | s8: $208.80 → $208.78 | s8: $182.70 → $182.68 | rd/sm fv: 261 → 260.97 | rd/sm values.fvHigh: 282 → 281.94 | rd/sm values.scenarios[0].tgt: 171 → 181.27 | rd/sm values.scenarios[2].tgt: 384 → 385.93",2,2,0,12,5,0,2,8,mixed,6.01
ANET,US,VALUE-DRIFT,"scn.bear.tgt 114 → 113.56 | scn.base.tgt 191 → 191.12 | scn.bull.tgt 252 → 251.83 | header: $114.52 – $214.89 → · | s2: $155.00 → $155.20 | s3: $164 $155.00 → $164.50 $155.20 | s4: $155.00 $108.50 $124.00 $155.00 → $155.20 $108.64 $124.16 $155.20 $164.50 | s5: $155.00 → $155.20 | s6: $114.00 → $113.56 | s6: $191.00 → $191.12 | s6: $252.00 +23% → $251.83 +22% | s8: $155.00 ($146.00–$164.00) → $155.20 ($145.91–$164.50) | s8: $146.00 → $145.91 | s8: $124.00) → $124.16) | rd/sm fv: 155 → 155.2 | rd/sm values.fvLow: 146 → 145.91 | rd/sm values.fvHigh: 164 → 164.5 | rd/sm values.scenarios[0].tgt: 114 → 113.56 | rd/sm values.scenarios[1].tgt: 191 → 191.12 | rd/sm values.scenarios[2].tgt: 252 → 251.83 | rd/sm sm.mos: -32.7 → -32.5",2,2,0,11,9,0,2,8,multi-rounding,0.39
ANI,TH,HUMAN,"TEXT LOST ×2: เฉลี่ยหลัง IPO | D: scn.base.tgt 3.3 → 3.13 | D: prose stale copies ×1 (pe@analysis) | D: s1: ~9.5x → 9.6x | D: s1: 0.81x → 0.80x | D: s2: ฿3.65 → ฿3.63 | D: s3: ฿3.78 → ฿3.74 | D: s3: ฿3.65 → ฿3.63 | D: s4: ฿3.65 ฿2.55 ฿2.92 ฿3.65 N A → ฿3.63 ฿2.54 ฿2.90 ฿3.63 | D: s4: (฿3.65) → (฿3.63) | D: s5: +6% → +5% | D: s5: ฿3.65 → ฿3.63 | D: s5: (฿2.92) → (฿2.90) | D: s6: ฿3.30 +13% → ฿3.13 +8% | D: s8: ฿3.65 → ฿3.63 | D: s8: +6% → +5% | D: s8: +6% → +5% | D: s8: (฿2.92) → (฿2.90) | D: rd/sm fv: 3.65 → 3.63 | D: rd/sm values.scenarios[1].tgt: 3.3 → 3.13 | D: rd/sm sm.mos: 5.8 → 5.2 | D: rd/sm sm.upside: 6.1 → 5.5 | D: rd/sm sm.fairValue: 3.65 → 3.63",3,3,2,15,6,1,2,5,,5.15
AON,US,HUMAN,"TEXT LOST ×5: AON Risk Human Capital NYSE | D: scn.bear.tgt $285.88 → 285.83 | D: scn.base.tgt $411.48 → 411.55 | D: scn.bull.tgt $507.36 → 507.31 | D: s2: $393.00 → $393.20 | D: s3: $393.00 → $393.20 | D: s4: $393.00 $275.10 $314.40 $383 $393.00 $446.00 → $393.20 $275.24 $314.56 $383.00 $393.20 $446.49 | D: s4: $393.00 → $393.20 | D: s4: ($314.40) → ($314.56) | D: s4: ($275.10) → ($275.24) | D: s6: $285.88 -3% → $285.83 +4% | D: s6: $411.48 +39% → $411.55 +49% | D: s6: $507.36 +72% → $507.31 +84% | D: s8: $393.00 → $393.20 | D: s8: $393.00 ($340.00–$446.00) → $393.20 ($339.90–$446.49) | D: s8: $314.40 → $314.56 | D: s8: $275.10 → $275.24 | D: rd/sm fv: 393 → 393.2 | D: rd/sm values.fvLow: 340 → 339.9 | D: rd/sm values.fvHigh: 446 → 446.49",2,2,5,13,5,0,1,11,,0.11
AOS,US,VALUE-DRIFT,"scn.base.tgt 76.97 → 76.96 | s1: ~15.9x → 16.1x | s6: $76.97 → $76.96 | rd/sm values.scenarios[1].tgt: 76.97 → 76.96",3,3,0,2,3,0,0,5,scn-tgt,0.01
AOT,TH,VALUE-DRIFT,"scn.bull.tgt 77 → 76.92 | s1: ~6.6x → 6.74x | s2: ฿49.00 → ฿49.05 | s3: ฿49.00 → ฿49.05 | s3: ฿49.00 → ฿49.05 | s4: ฿49.00 ฿34.30 ฿39.20 ฿49.00 ฿54.00 → ฿49.05 ฿34.33 ฿39.24 ฿49.05 ฿52.00 | s4: ฿49.00 → ฿49.05 | s4: ฿39.20 → ฿39.24 | s5: −27% → −26% | s5: ฿49.00 → ฿49.05 | s6: ฿77.00 → ฿76.92 | s8: ฿49.00 → ฿49.05 | s8: ฿39.20 ฿49.00 (฿44.00–฿54.00) → ฿39.24 ฿49.05 (฿46.10–฿52.00) | s8: −27% → −26% | s8: ฿49.00 → ฿49.05 | s8: ฿39.20) → ฿39.24) | rd/sm fv: 49 → 49.05 | rd/sm values.fvLow: 44 → 46.1 | rd/sm values.fvHigh: 54 → 52 | rd/sm values.scenarios[2].tgt: 77 → 76.92",2,2,0,15,5,0,1,13,mixed,4.77
AP,TH,VALUE-DRIFT,"scn.bear.tgt 6.2 → 6.24 | scn.base.tgt 8.9 → 8.87 | scn.bull.tgt 12.3 → 12.35 | prose stale copies ×2 (pe@analysis) | s1: ~5.71x → 5.6x | s1: 0.54x → 0.53x | s2: ฿8.30 → ฿8.34 | s3: ฿8.30 → ฿8.34 | s3: ฿8.30 → ฿8.34 | s4: ฿8.30 ฿5.81 ฿6.64 ฿8.30 ฿9.50 → ฿8.34 ฿5.84 ฿6.67 ฿8.34 ฿9.53 | s4: ฿8.30 → ฿8.34 | s4: (฿6.64) → (฿6.67) | s6: ฿6.20 −22% → ฿6.24 −21% | s6: ฿8.90 +13% → ฿8.87 +12% | s6: ฿12.30 → ฿12.35 | s8: ฿8.30 (฿7.60–฿9.50) → ฿8.34 (฿7.58–฿9.53) | s8: ฿8.30 → ฿8.34 | s8: (฿6.64) → (฿6.67) | rd/sm fv: 8.3 → 8.34 | rd/sm values.fvLow: 7.6 → 7.58 | rd/sm values.fvHigh: 9.5 → 9.53 | rd/sm values.scenarios[0].tgt: 6.2 → 6.24 | rd/sm values.scenarios[1].tgt: 8.9 → 8.87 | rd/sm values.scenarios[2].tgt: 12.3 → 12.35 | rd/sm sm.mos: 4.8 → 5.3 | rd/sm sm.upside: 5.1 → 5.6",3,3,0,14,10,2,0,8,mixed,0.65
APD,US,HUMAN,"TEXT LOST ×8: APD ที่มาตัวคูณ ใกล้ ต่ำสุดที่วัดได้ ที่มาตัวคูณ ต่ำกว่ามัธยฐาน ที่มาตัวคูณ ต่ำกว่ามัธยฐาน | D: s1: −$47M → · | D: s2: $309.00 → $308.74 | D: s2: $309.00 → $308.74 | D: s3: $309.00 → $308.74 | D: s4: $309.00 $216.30 $247.20 $309.00 → $308.74 $216.12 $246.99 $308.74 | D: s4: $363.00 → $362.88 | D: s4: $309.00 → $308.74 | D: s4: $247.20 → $246.99 | D: s8: $309.00 → $308.74 | D: s8: $247.20 → $246.99 | D: s8: $309.00 ($255.00–$363.00) → $308.74 ($254.61–$362.88) | D: s8: $247.20 → $246.99 | D: rd/sm fv: 309 → 308.74 | D: rd/sm values.fvLow: 255 → 254.61 | D: rd/sm values.fvHigh: 363 → 362.88",2,2,8,12,4,0,2,4,,0.15
APG,US,VALUE-DRIFT,"scn.bear.tgt 22.08 → 22.09 | scn.base.tgt 54.24 → 54.29 | scn.bull.tgt 77.84 → 77.9 | prose stale copies ×2 (pe@analysis) | s1: ~23.2x → 23.5x | s1: ~4.6x → 4.69x | s6: $22.08 → $22.09 | s6: $54.24 +43% → $54.29 +44% | s6: $77.84 → $77.90 | rd/sm values.scenarios[0].tgt: 22.08 → 22.09 | rd/sm values.scenarios[1].tgt: 54.24 → 54.29 | rd/sm values.scenarios[2].tgt: 77.84 → 77.9",2,2,0,5,5,2,3,10,mixed,0.09
APH,US,VALUE-DRIFT,"scn.bear.tgt 53 → 52.91 | scn.base.tgt 98 → 98.06 | scn.bull.tgt 140.5 → 140.61 | s2: $80.00 → $80.15 | s3: $85 $80.00 → $85.00 $80.15 | s4: $80.00 $56.00 $64.00 $80.00 → $80.15 $56.11 $64.12 $80.15 | s4: $80.00 → $80.15 | s5: $80.00 → $80.15 | s5: $64.00 → $64.12 | s6: $53.00 → $52.91 | s6: $98.00 → $98.06 | s6: $140.50 → $140.61 | s8: $80.00 ($75.00–$85.00) → $80.15 ($75.29–$85.00) | s8: $75.00 → $75.29 | s8: <$64.00) → <$64.12) | rd/sm fv: 80 → 80.15 | rd/sm values.fvLow: 75 → 75.29 | rd/sm values.scenarios[0].tgt: 53 → 52.91 | rd/sm values.scenarios[1].tgt: 98 → 98.06 | rd/sm values.scenarios[2].tgt: 140.5 → 140.61 | rd/sm sm.upside: -3.7 → -3.5",2,2,0,12,8,0,0,9,multi-rounding,0.39
APO,US,HUMAN,"leg 2 declared sotp has no extras table (E52) | scenarios.exitMetric ""Price/DE ออก"" not in [""pe"";""ps"";""pbv"";""pffo"";""pfcf"";""evsales""] | scenarios.cases[0] .ret annotation ""(capital) / −5.5% total"" not carried — a per-year/number label would mislabel the v3 total return | scenarios.cases[1] .ret annotation ""(capital) / +35.4% total"" not carried — a per-year/number label would mislabel the v3 total return | scenarios.cases[2] .ret annotation ""(capital) / +81.9% total"" not carried — a per-year/number label would mislabel the v3 total return | custom cards 8 > 4 — dropped ""Total DE/Share (LTM)""; ""Athene Net Inv. Spread""; ""FRE Q1 2569""; ""SRE Q1 2569"" | TEXT LOST ×52: Total DE Share LTM FRESRE Distributable Earnings หลัก | D: scn.bear.tgt $112.18 → 112.22 | D: scn.base.tgt $163.43 → 163.49 | D: scn.bull.tgt $221.86 → 221.94 | D: prose stale copies ×1 (px@analysis) | D: s1: Total DE Share (LTM) $9.61 FRE+SRE = Distributable Earnings หลัก · ANI Share $8.50 Athene Net Inv. Spread 0.97% Q1 2569 (ex-notable 1.34%) ลดจาก 1.65% YoY — cost of funds สูงขึ้น FRE Q1 2569 $728M +30% YoY · margin ขยายจาก fee-paying AUM โต SRE Q1 2569 $719M Organic growth ของ Athene ยังแข็งแรง แม้ spread บีบ ~1.86% → 1.86% | D: s6: $112.18 −10.9% (capital) −5.5% total → $112.22 −1.4% | D: s6: $163.43 +29.8% (capital) +35.4% total → $163.49 +41% | D: s6: $221.86 +76.2% (capital) +81.9% total → $221.94 +90% | D: rd/sm sm.pe: 44.8 → 12.558793",3,3,52,4,3,1,8,9,,71.97
APP,US,VALUE-DRIFT,"scn.bear.tgt 246 → 245.83 | scn.base.tgt 495 → 494.59 | scn.bull.tgt 715 → 714.57 | s1: ~15.1x → 15.5x | s2: $395.00 → $394.84 | s3: $415 $395.00 → $415.00 $394.84 | s4: $395.00 $276.50 $316.00 $395.00 → $394.84 $276.39 $315.87 $394.84 $415.00 | s4: $746 → | s4: $395.00 → $394.84 | s4: ($316.00) → ($315.87) | s5: $395.00 → $394.84 | s6: $246.00 → $245.83 | s6: $495.00 → $494.59 | s6: $715.00 → $714.57 | s8: $395.00 ($375.00–$415.00) → $394.84 ($374.69–$415.00) | s8: $316.00 → $315.87 | s8: <$276.50) → <$276.39) | rd/sm fv: 395 → 394.84 | rd/sm values.fvLow: 375 → 374.69 | rd/sm values.scenarios[0].tgt: 246 → 245.83 | rd/sm values.scenarios[1].tgt: 495 → 494.59 | rd/sm values.scenarios[2].tgt: 715 → 714.57",2,2,0,14,7,0,0,9,multi-rounding,0.08
APURE,TH,HUMAN,"failed before compare — compute: scenarios.cases[0].growth: ต้องมี (ตัวเลข) | fv legs 1 < 2 (E17) | scenarios.exitMetric ""ตัวคูณออก"" not in [""pe"";""ps"";""pbv"";""pffo"";""pfcf"";""evsales""] | scenarios.cases[0].growth unreadable (""รายได้หดต่อ"") | scenarios.cases[1].growth unreadable (""รายได้ทรงตัว"") | scenarios.cases[2].growth unreadable (""มาร์จิ้นกลับมา"") | schema scenarios.cases[0].growth: ต้องมี (ตัวเลข) | schema scenarios.cases[1].growth: ต้องมี (ตัวเลข) | schema scenarios.cases[2].growth: ต้องมี (ตัวเลข)",4,1,0,0,0,0,1,5,,0
AR,US,HUMAN,"leg 2 declared sotp has no extras table (E52) | TEXT LOST ×1: midcycle | D: FV 40 → 39.13 (family weights) | D: scn.bear.tgt 22.1 → 22.19 | D: scn.base.tgt 41.7 → 41.67 | D: scn.bull.tgt 59.2 → 59.15 | D: prose stale copies ×3 (mos@analysis;px@analysis) | D: s1: ~10.0x → 10.3x | D: s2: $40.00 → $39.13 | D: s3: $39.29 $40.00 → $39.40 $39.13 | D: s3: $40.00 → $39.13 | D: s4: $40.00 $28.00 $32.00 $40.00 $43.00 → $39.13 $27.39 $31.30 $39.13 $42.00 | D: s4: $40.00 (+10%) → $39.13 (+8%) | D: s4: ($32.00) → ($31.30) | D: s5: +10% → +8% | D: s5: $32.00 → $31.30 | D: s6: $22.10 → $22.19 | D: s6: $41.70 +16% → $41.67 +15% | D: s6: $59.20 → $59.15 | D: s8: $40.00 (+10%) → $39.13 (+8%) | D: s8: $40.00 ($36.00–$43.00) → $39.13 ($36.00–$42.00) | D: s8: +10% → +8% | D: s8: <$40.00 → <$39.13 | D: s8: ($32.00) → ($31.30) | D: rd/sm fv: 40 → 39.13 | D: rd/sm values.fvHigh: 43 → 42 | D: rd/sm values.scenarios[0].tgt: 22.1 → 22.19 | D: rd/sm values.scenarios[1].tgt: 41.7 → 41.67 | D: rd/sm values.scenarios[2].tgt: 59.2 → 59.15 | D: rd/sm sm.pe: 10 → 10.340974 | D: rd/sm sm.mos: 9.8 → 7.8 | D: rd/sm sm.upside: 10.8 → 8.4 | D: rd/sm sm.fairValue: 40 → 39.13",3,3,1,17,11,3,4,8,,3.41
ARE,US,HUMAN,"leg 3 declared nav has no extras table (E52) | TEXT LOST ×12: sh Exit FFO ราคาออก sh Exit FFO ราคาออก | D: scn.bear.tgt 38 → 38.41 | D: scn.base.tgt 68 → 67.92 | D: scn.bull.tgt 96 → 96.31 | D: prose stale copies ×1 (px@analysis) | D: s2: $61.00 → $61.12 | D: s3: $67 $61.00 → $67.00 $61.12 | D: s3: $61.00 → $61.12 | D: s4: $61.00 $42.70 $48.80 → $61.12 $42.78 $48.90 | D: s4: $61.00 → $61.12 | D: s4: ($48.80) → ($48.90) | D: s4: $61.00 → $61.12 | D: s6: $38.00 −25% → $38.41 −24% | D: s6: $68.00 → $67.92 | D: s6: $96.00 +90% → $96.31 +91% | D: s8: $61.00 → $61.12 | D: s8: $61.00 ($52.00–$67.00) → $61.12 ($52.36–$67.00) | D: s8: <$48.80 → <$48.90 | D: s8: <$42.70 → <$42.78 | D: rd/sm fv: 61 → 61.12 | D: rd/sm values.fvLow: 52 → 52.36 | D: rd/sm values.scenarios[0].tgt: 38 → 38.41 | D: rd/sm values.scenarios[1].tgt: 68 → 67.92 | D: rd/sm values.scenarios[2].tgt: 96 → 96.31 | D: rd/sm sm.mos: 17.2 → 17.4 | D: rd/sm sm.upside: 20.8 → 21.1",3,3,12,14,9,1,4,8,,1.08
ARES,US,HUMAN,"scenarios.exitMetric ""Price/FRE ออก"" not in [""pe"";""ps"";""pbv"";""pffo"";""pfcf"";""evsales""] | custom cards 7 > 4 — dropped ""DE/Share (TTM; proxy)""; ""AUM Growth YoY""; ""FRE Margin"" | price-bound custom card ""GAAP P/E (TTM)"" | TEXT LOST ×38: DE Share TTM proxy Aftertax Realized Income share | D: scn.bear.tgt 115 → 115.07 | D: scn.base.tgt 176.72 → 176.82 | D: scn.bull.tgt 255.19 → 255.34 | D: s2: $120.00 → $120.07 | D: s3: $120.00 → $120.07 | D: s3: $120.00 → $120.07 | D: s4: $120.00 $84.00 $96.00 $120.00 → $120.07 $84.05 $96.06 $120.07 | D: s4: $120.00 → $120.07 | D: s4: −0.1%) → −0.0%) | D: s5: −0.1% → −0.0% | D: s6: $115.00 → $115.07 | D: s6: $176.72 → $176.82 | D: s8: $120.00 → $120.07 | D: s8: −0.1%) → −0.0%) | D: s8: $120.00 ($98.00–$142.00) → $120.07 ($98.20–$142.00) | D: s8: −0.1% → −0.0% | D: s8: ($96.00) → ($96.06) | D: s1: DE Share (TTM; proxy) $4.91 After-tax Realized Income share (Class A) 4Q ล่าสุด AUM Growth YoY +18% Management fees Q1'26 ทะลุ $1.0B ครั้งแรก (+22% YoY) ~4.50% → 4.50% | D: s6: FRE share ปี 3 $6.76 Price FRE ออก → $6.77 | D: s6: $255.19 +112% FRE share ปี 3 → $255.34 +113% | D: rd/sm fv: 120 → 120.07 | D: rd/sm values.fvLow: 98 → 98.2 | D: rd/sm values.scenarios[0].tgt: 115 → 115.07 | D: rd/sm values.scenarios[1].tgt: 176.72 → 176.82 | D: rd/sm values.scenarios[2].tgt: 255.19 → 255.34",3,3,38,17,6,0,7,12,,0.2
ARM,US,HUMAN,"fv legs 1 < 2 (E17) | TEXT LOST ×3: บริบท ไม่รวมใน FV | D: scn.bear.tgt 201 → 200.67 | D: scn.base.tgt 386 → 385.69 | D: scn.bull.tgt 653 → 653.23 | D: s1: ~$294B → $328B | D: s2: $141.00 → $141.30 | D: s3: $51 $141.00 → $51.00 $141.30 | D: s3: $141.00 → $141.30 | D: s4: $141.00 $98.70 $112.80 $141.00 $306.34 $500 → $141.30 $98.91 $113.04 $141.30 $141.30 $288.71 | D: s4: $141.00 → $141.30 | D: s5: $141.00 → $141.30 | D: s6: $201.00 → $200.67 | D: s6: $386.00 → $385.69 | D: s6: $653.00 → $653.23 | D: s6: ($141.00) → ($141.30) | D: s8: $141.00 → $141.30 | D: s8: $141.00 ($51.00–$171.00) → $141.30 ($141.30–$141.30) | D: s8: $141.00 → $141.30 | D: s8: <$112.80) → <$113.04) | D: rd/sm fv: 141 → 141.3 | D: rd/sm values.fvLow: 51 → 141.3 | D: rd/sm values.fvHigh: 171 → 141.3 | D: rd/sm values.scenarios[0].tgt: 201 → 200.67 | D: rd/sm values.scenarios[1].tgt: 386 → 385.69 | D: rd/sm values.scenarios[2].tgt: 653 → 653.23 | D: rd/sm sm.mos: -117.3 → -116.8",2,1,3,15,9,0,3,11,,177.06
AS,US,HUMAN,"TEXT LOST ×5: ไกด์ไลน์เต็มปีที่บริษัทประกาศเอง รายได้คาดการณ์ปี ไม่จ่าย ไม่จ่าย ไม่จ่าย | D: FV 43.32 → 43.08 (family weights) | D: scn.bear.tgt 14.4 → 14.35 | D: scn.base.tgt 43.2 → 43.13 | D: scn.bull.tgt 73.85 → 73.82 | D: s1: <3 → < | D: s2: $43.32 → $43.08 | D: s3: $41.12 → $40.64 | D: s3: $43.32 → $43.08 | D: s4: $43.32 $30.32 $34.66 $43.32 → $43.08 $30.16 $34.46 $43.08 | D: s4: $43.32 → $43.08 | D: s6: $14.40 → $14.35 | D: s6: $43.20 → $43.13 | D: s6: $73.85 → $73.82 | D: s8: $43.32 → $43.08 | D: s8: $41.12–$45.52) → $40.64–$45.52) | D: s8: $43.32 ($41.12–$45.52) → $43.08 ($40.64–$45.52) | D: s8: ($34.66) → ($34.46) | D: rd/sm fv: 43.32 → 43.08 | D: rd/sm values.fvLow: 41.12 → 40.64 | D: rd/sm values.scenarios[0].tgt: 14.4 → 14.35 | D: rd/sm values.scenarios[1].tgt: 43.2 → 43.13 | D: rd/sm values.scenarios[2].tgt: 73.85 → 73.82 | D: rd/sm sm.mos: 38.2 → 37.9 | D: rd/sm sm.upside: 61.8 → 60.9 | D: rd/sm sm.fairValue: 43.32 → 43.08",2,2,5,13,10,0,2,7,,1.17
ASIAN,TH,HUMAN,"leg 3 declared sotp has no extras table (E52) | D: scn.bear.tgt 4.25 → 4.2 | D: scn.base.tgt 11.07 → 11.1 | D: scn.bull.tgt 13.2 → 13.14 | D: s1: 0.79x → 0.89x | D: s1: -19.6% → 19.6% | D: s1: ฿10;381 ล้าน -4.1% → ฿1.04 หมื่นล้าน 4.1% | D: s6: ฿4.25 → ฿4.20 | D: s6: ฿0.53 8x → ฿0.52 8.0x | D: s6: ฿11.07 → ฿11.10 | D: s6: ฿13.20 +119% → ฿13.14 +118% | D: rd/sm values.scenarios[0].tgt: 4.25 → 4.2 | D: rd/sm values.scenarios[1].tgt: 11.07 → 11.1 | D: rd/sm values.scenarios[2].tgt: 13.2 → 13.14",3,3,0,7,3,0,1,2,,1.18
ASK,TH,HUMAN,"scenarios.cases[0] .ret annotation ""/ ปี"" not carried — a per-year/number label would mislabel the v3 total return | scenarios.cases[1] .ret annotation ""/ ปี"" not carried — a per-year/number label would mislabel the v3 total return | scenarios.cases[2] .ret annotation ""/ ปี"" not carried — a per-year/number label would mislabel the v3 total return | D: prose stale copies ×1 (px@analysis) | D: s1: ~10.7x → 10.5x | D: s6: −5.4% ปี → −15% | D: s6: +9.6% ปี → +32% | D: s6: +25.5% ปี ฿1.45 → +98% ฿1.44",3,3,0,4,1,1,0,4,,0
ASML,US,HUMAN,"first header tag not ""<EXCH>: ASML"" (""NASDAQ: ASML (ADR)"") | TEXT LOST ×1: ADR | D: scn.bear.tgt 1233 → 1232.91 | D: scn.base.tgt 2301 → 2299.8 | D: scn.bull.tgt 3230 → 3229.29 | D: s2: $1;387.00 → $1;386.44 | D: s3: $1;595 $1;387.00 → $1;595.00 $1;386.44 | D: s4: $1;387.00 $970.90 $1;109.60 $1;387.00 $2;000 → $1;386.44 $970.51 $1;109.15 $1;386.44 $1;595.00 | D: s4: $1;387.00 → $1;386.44 | D: s5: $1;387.00 → $1;386.44 | D: s6: $1;233.00 → $1;232.91 | D: s6: $2;301.00 → $2;299.80 | D: s6: $3;230.00 +88% → $3;229.29 +87% | D: s8: $1;387.00 → $1;386.44 | D: s8: $1;387.00 ($1;178.00–$1;595.00) → $1;386.44 ($1;177.88–$1;595.00) | D: s8: ($1;109.60) → ($1;109.15) | D: rd/sm fv: 1387 → 1386.44 | D: rd/sm values.fvLow: 1178 → 1177.88 | D: rd/sm values.scenarios[0].tgt: 1233 → 1232.91 | D: rd/sm values.scenarios[1].tgt: 2301 → 2299.8 | D: rd/sm values.scenarios[2].tgt: 3230 → 3229.29",2,2,1,11,7,0,3,12,,0.05
ASW,TH,VALUE-DRIFT,"prose stale copies ×2 (pe@analysis) | s1: ~4.8x → 4.7x",2,2,0,1,2,2,1,4,prose-stale,0
ASX,US,HUMAN,"first header tag not ""<EXCH>: ASX"" (""NYSE: ASX (ADR)"") | TEXT LOST ×6: ADR ADR USD ADR รายได้ต่อ ADR | D: scn.bear.tgt 10.5 → 10.46 | D: scn.base.tgt 22.7 → 22.66 | D: scn.bull.tgt 35.9 → 35.92 | D: s3: $8.4 → $8.48 | D: s4: $45.52 $51 → $13.11 $51.00 | D: s6: $10.50 → $10.46 | D: s6: $22.70 → $22.66 | D: s6: $35.90 → $35.92 | D: s8: ($8.40–$13.10) → ($8.48–$13.11) | D: rd/sm values.fvLow: 8.4 → 8.48 | D: rd/sm values.fvHigh: 13.1 → 13.11 | D: rd/sm values.scenarios[0].tgt: 10.5 → 10.46 | D: rd/sm values.scenarios[1].tgt: 22.7 → 22.66 | D: rd/sm values.scenarios[2].tgt: 35.9 → 35.92",2,2,6,6,7,0,1,7,,0.95
ATO,US,VALUE-DRIFT,"scn.base.tgt 201.76 → 201.77 | scn.bull.tgt 242.1 → 242.11 | prose stale copies ×2 (px@analysis;mos@analysis) | s2: $178.00 → $178.01 | s3: $178.00 → $178.01 | s3: $158.00–$211.00) → $157.64–$211.00) | s3: $178.00 → $178.01 | s4: $178.00 $124.60 $142.40 $178.00 → $178.01 $124.61 $142.41 $178.01 | s4: $178.00 → $178.01 | s4: $142.40 → $142.41 | s6: $201.76 → $201.77 | s6: $242.10 → $242.11 | s8: $178.00 → $178.01 | s8: $178.00 ($158.00–$211.00) → $178.01 ($157.64–$211.00) | s8: $178.00 → $178.01 | s8: $142.40 → $142.41 | s8: $124.60 → $124.61 | rd/sm fv: 178 → 178.01 | rd/sm values.fvLow: 158 → 157.64 | rd/sm values.scenarios[1].tgt: 201.76 → 201.77 | rd/sm values.scenarios[2].tgt: 242.1 → 242.11",3,3,0,14,6,2,1,6,mixed,0.23
ATS,US,HUMAN,"analyst target not a single consensus in the doc currency (s8 vcell: currency C$) | D: scn.bear.tgt 13.2 → 13.26 | D: scn.base.tgt 28.5 → 28.53 | D: scn.bull.tgt 38.8 → 38.91 | D: s1: 1.61x → 1.44x | D: s2: $16.70 → $16.69 | D: s3: $16.70 → $16.69 | D: s4: $16.70 $11.69 $13.36 $16.70 $19.20 → $16.69 $11.68 $13.35 $16.69 $16.89 | D: s4: $16.70 → $16.69 | D: s6: $13.20 → $13.26 | D: s6: $28.50 → $28.53 | D: s6: $38.80 +105% → $38.91 +106% | D: s8: $16.70 → $16.69 | D: s8: $16.70 ($14.20–$19.20) → $16.69 ($16.48–$16.89) | D: s8: $16.70 → $16.69 | D: s8: ($13.36) → ($13.35) | D: rd/sm fv: 16.7 → 16.69 | D: rd/sm values.fvLow: 14.2 → 16.48 | D: rd/sm values.fvHigh: 19.2 → 16.89 | D: rd/sm values.scenarios[0].tgt: 13.2 → 13.26 | D: rd/sm values.scenarios[1].tgt: 28.5 → 28.53 | D: rd/sm values.scenarios[2].tgt: 38.8 → 38.91",2,2,0,12,7,0,0,6,,16.06
AU,TH,HUMAN,"scenarios.cases[0] .ret annotation ""/ปี"" not carried — a per-year/number label would mislabel the v3 total return | scenarios.cases[1] .ret annotation ""/ปี"" not carried — a per-year/number label would mislabel the v3 total return | scenarios.cases[2] .ret annotation ""/ปี"" not carried — a per-year/number label would mislabel the v3 total return | D: prose:prose.gauge ""+34.4%"" → {{analyst.pct}} | D: prose:scenarios.note ""+34.4%"" → {{analyst.pct}} | D: prose stale copies ×2 (pe@analysis) | D: s1: ~19.3x → 19.2x | D: s4: (+34.4% → (+35% | D: s6: −1.8% ปี → −5% | D: s6: +12.8% ปี → +43% | D: s6: +26.5% ปี → +103% | D: s6: (+34.4%) → (+35%)",3,3,0,6,1,2,0,5,,0
AUR,US,VALUE-DRIFT,"scn.bear.tgt 0.26 → 0.25 | scn.base.tgt 1.74 → 1.69 | scn.bull.tgt 8.35 → 8.37 | s1: -$0.46 → ~$-0.46 | s6: $0.26 → $0.25 | s6: $1.74 −71% (−34% → $1.69 −72% (−35% | s6: $8.35 → $8.37 | rd/sm values.scenarios[0].tgt: 0.26 → 0.25 | rd/sm values.scenarios[1].tgt: 1.74 → 1.69 | rd/sm values.scenarios[2].tgt: 8.35 → 8.37",2,2,0,4,4,0,4,10,mixed,3.85
AURA,TH,VALUE-DRIFT,"scn.bear.tgt 9.36 → 9.34 | scn.base.tgt 16.72 → 16.77 | scn.bull.tgt 25.87 → 25.84 | prose stale copies ×2 (pe@analysis;px@analysis) | s1: ~11.32x → 11.2x | s6: ฿9.36 → ฿9.34 | s6: ฿16.72 +37% → ฿16.77 +38% | s6: ฿25.87 → ฿25.84 | rd/sm values.scenarios[0].tgt: 9.36 → 9.34 | rd/sm values.scenarios[1].tgt: 16.72 → 16.77 | rd/sm values.scenarios[2].tgt: 25.87 → 25.84",3,3,0,4,5,2,3,8,mixed,0.3
AVAV,US,VALUE-DRIFT,"scn.bear.tgt 86.73 → 75.65 | scn.base.tgt 173.02 → 172.9 | scn.bull.tgt 268.18 → 306.6 | s1: -$4.07 → ~$-4.07 | s2: $134.63 → $134.53 | s3: $138.46 $134.63 → $138.25 $134.53 | s3: $130.80–$138.46 → $130.80–$138.25 | s4: $134.63 $94.24 $107.70 $134.63 $138.46 → $134.53 $94.17 $107.62 $134.53 $138.25 | s4: ($130.80–$138.46) → ($130.80–$138.25) | s5: ($94.24–$107.70) → ($94.17–$107.62) | s6: $86.73 −45% (−18% → $75.65 −52% (−22% | s6: $3.47 → $3.03 | s6: $173.02 → $172.90 | s6: $268.18 +69% (+19% → $306.60 +93% (+25% | s6: $5.96 → $6.81 | s8: $134.63 ($130.80–$138.46) → $134.53 ($130.80–$138.25) | s8: $94.24–$107.70 → $94.17–$107.62 | rd/sm fv: 134.63 → 134.53 | rd/sm values.fvHigh: 138.46 → 138.25 | rd/sm values.scenarios[0].tgt: 86.73 → 75.65 | rd/sm values.scenarios[1].tgt: 173.02 → 172.9 | rd/sm values.scenarios[2].tgt: 268.18 → 306.6",2,2,0,14,6,0,2,7,mixed,14.33
AVGO,US,HUMAN,"leg 3: .mval ""—"" unreadable — cannot declare | TEXT LOST ×12: nonGAAP บริบท เป้านักวิเคราะห์ ไม่นับใน FV เป้าเฉลี่ย เดือน Strong | D: scn.bear.tgt 426 → 425.92 | D: scn.base.tgt 677 → 677.53 | D: scn.bull.tgt 973 → 973.45 | D: s2: $400.00 → $399.99 | D: s4: $400.00 $280.00 $320.00 $400.00 → $399.99 $279.99 $319.99 $399.99 $443.08 | D: s4: $400.00 → $399.99 | D: s5: $400.00 → $399.99 | D: s6: $426.00 → $425.92 | D: s6: $677.00 → $677.53 | D: s6: $973.00 → $973.45 | D: s8: $400.00 ($357.00–$443.00) → $399.99 ($356.90–$443.08) | D: s8: $320.00 → $319.99 | D: s8: $280.00) → $279.99) | D: s3: $357 บริบท: เป้านักวิเคราะห์ (ไม่นับใน FV) เป้าเฉลี่ย 12 เดือน $532.00 (Strong Buy; 47 ราย) — เป็นมุมมองตลาด ไม่ใช่การประเมินอิสระ — $400.00 → $356.90 $399.99 | D: rd/sm fv: 400 → 399.99 | D: rd/sm values.fvLow: 357 → 356.9 | D: rd/sm values.fvHigh: 443 → 443.08 | D: rd/sm values.scenarios[0].tgt: 426 → 425.92 | D: rd/sm values.scenarios[1].tgt: 677 → 677.53 | D: rd/sm values.scenarios[2].tgt: 973 → 973.45",2,2,12,11,7,0,2,9,,0.08
AVY,US,VALUE-DRIFT,"scn.bear.tgt 136.5 → 136.48 | scn.base.tgt 237.2 → 237.18 | scn.bull.tgt 315 → 314.96 | prose:catalysts[5] ""+20.3%"" → {{analyst.pct}} | s2: $197.70 → $197.67 | s3: $197.70 → $197.67 | s3: $197.70 → $197.67 | s3: $185.30 → $185.34 | s3: $210.00) → $209.99) | s4: $197.70 $138.39 $158.16 $197.70 $201.8 $210.00 → $197.67 $138.37 $158.14 $197.67 $201.80 $209.99 | s4: ($158.16) → ($158.14) | s4: ($197.70) → ($197.67) | s4: +15% → +14% | s5: +15% → +14% | s5: $138.39) → $138.37) | s6: $136.50 → $136.48 | s6: $237.20 → $237.18 | s6: $315.00 → $314.96 | s7: (+20.3% → (+19% | s7: ($138.39) → ($138.37) | s8: $197.70 → $197.67 | s8: $185.30–$210.00) → $185.34–$209.99) | s8: +15% → +14% | s8: $197.70 ($185.30–$210.00) → $197.67 ($185.34–$209.99) | s8: +15% → +14% | s8: ($158.16) → ($158.14) | rd/sm fv: 197.7 → 197.67 | rd/sm values.fvLow: 185.3 → 185.34 | rd/sm values.fvHigh: 210 → 209.99 | rd/sm values.scenarios[0].tgt: 136.5 → 136.48 | rd/sm values.scenarios[1].tgt: 237.2 → 237.18 | rd/sm values.scenarios[2].tgt: 315 → 314.96 | rd/sm chart.max: 210 → 200 | rd/sm chart.grid: 160;170;180;190;200 → 160;170;180;190",2,2,0,22,10,0,0,9,mixed,4.76
AWC,TH,HUMAN,"scenarios.cases[0] .ret annotation ""/ ปี −19.6%"" not carried — a per-year/number label would mislabel the v3 total return | scenarios.cases[1] .ret annotation ""/ ปี −2.0%"" not carried — a per-year/number label would mislabel the v3 total return | scenarios.cases[2] .ret annotation ""/ ปี +10.9%"" not carried — a per-year/number label would mislabel the v3 total return | TEXT LOST ×4: บริบท ห่างจากขายึดตลาด ไม่รวมในกรอบ FV | D: scn.base.tgt ฿2.90 → 2.93 | D: scn.bull.tgt ฿4.20 → 4.27 | D: s2: ฿2.54 → ฿2.53 | D: s2: ฿2.54 → ฿2.53 | D: s3: ฿2.54 → ฿2.53 | D: s3: ฿2.54 → ฿2.53 | D: s4: ฿2.54 ฿1.78 ฿2.03 ฿2.54 → ฿2.53 ฿1.77 ฿2.02 ฿2.53 | D: s4: ฿2.54 → ฿2.53 | D: s4: ฿2.03 → ฿2.02 | D: s4: ฿1.78 → ฿1.77 | D: s5: −21% → −22% | D: s6: −48.1% ปี −19.6% → −48% | D: s6: ฿2.90 −5.8% ปี −2.0% → ฿2.93 −5% | D: s6: ฿4.20 +36.4% ปี +10.9% → ฿4.27 +39% | D: s8: ฿2.54 (−21%) → ฿2.53 (−22%) | D: s8: ฿2.54 → ฿2.53 | D: s8: ฿2.54 → ฿2.53 | D: s8: −21% → −22% | D: s8: ฿2.54 → ฿2.53 | D: s8: ฿2.03 → ฿2.02 | D: rd/sm fv: 2.54 → 2.53 | D: rd/sm sm.mos: -21.3 → -21.7 | D: rd/sm sm.upside: -17.5 → -17.9",3,2,4,18,5,0,0,7,,0.4
AWK,US,VALUE-DRIFT,"scn.bear.tgt 154 → 142.79 | scn.base.tgt 181 → 169.64 | scn.bull.tgt 243 → 230.4 | prose stale copies ×1 (pe@analysis) | s1: ~23.6x → 22.8x | s2: $133.00 → $133.34 | s3: $126 $133.00 → $125.90 $133.34 | s3: $133.00 → $133.34 | s4: $133.00 $93.10 $106.40 $133.00 $141.00 → $133.34 $93.34 $106.67 $133.34 $140.79 | s4: $133.00 → $133.34 | s4: +1.1%) → +1.4%) | s4: ($106.40) → ($106.67) | s4: ($93.10) → ($93.34) | s5: +1.1% → +1.4% | s6: $154.00 +17% → $142.79 +9% | s6: $181.00 +38% → $169.64 +29% | s6: $243.00 +85% → $230.40 +75% | s8: $133.00 → $133.34 | s8: +1.1%) → +1.4%) | s8: $133.00 ($126.00–$141.00) → $133.34 ($125.90–$140.79) | s8: +1.1% → +1.4% | s8: ($106.40) → ($106.67) | rd/sm fv: 133 → 133.34 | rd/sm values.fvLow: 126 → 125.9 | rd/sm values.fvHigh: 141 → 140.79 | rd/sm values.scenarios[0].tgt: 154 → 142.79 | rd/sm values.scenarios[1].tgt: 181 → 169.64 | rd/sm values.scenarios[2].tgt: 243 → 230.4 | rd/sm sm.pe: 23.6 → 22.795494 | rd/sm sm.mos: 1.1 → 1.4 | rd/sm sm.upside: 1.1 → 1.4",2,2,0,18,10,1,0,4,mixed,7.28
AWR,US,VALUE-DRIFT,"scn.bear.tgt 69 → 69.27 | scn.base.tgt 113 → 112.7 | scn.bull.tgt 132 → 132.25 | s2: $88.00 → $88.24 | s2: $88.00 → $88.24 | s3: $88 $88.00 → $87.61 $88.24 | s4: $88.00 $61.60 $70.40 → $88.24 $61.77 $70.59 | s4: $88.00 $93.00 → $88.24 $92.71 | s4: $88.00 → $88.24 | s4: $88.00 → $88.24 | s4: $70.40 → $70.59 | s5: +6% → +7% | s6: $69.00 → $69.27 | s6: $113.00 +46% → $112.70 +45% | s6: $132.00 → $132.25 | s8: $88.00 (+6%) → $88.24 (+7%) | s8: $70.40 → $70.59 | s8: $88.00 ($80.00–$93.00) → $88.24 ($79.93–$92.71) | s8: +6% → +7% | s8: $88.00 → $88.24 | s8: $70.40 → $70.59 | rd/sm fv: 88 → 88.24 | rd/sm values.fvLow: 80 → 79.93 | rd/sm values.fvHigh: 93 → 92.71 | rd/sm values.scenarios[0].tgt: 69 → 69.27 | rd/sm values.scenarios[1].tgt: 113 → 112.7 | rd/sm values.scenarios[2].tgt: 132 → 132.25 | rd/sm sm.mos: 6.3 → 6.5 | rd/sm sm.upside: 6.7 → 7",3,3,0,18,9,0,1,5,multi-rounding,0.39
AXON,US,HUMAN,"TEXT LOST ×5: AXON Axon Enterprise Inc NASDAQ | D: scn.bear.tgt 334 → 334.01 | D: scn.base.tgt 616 → 616.23 | D: scn.bull.tgt 872 → 871.89 | D: s1: $706 → $706.00 (+59%) | D: s2: $468.00 → $468.52 | D: s2: $468.00 → $468.52 | D: s3: $455.69 → $457.42 | D: s3: $480.00 $468.00 → $479.61 $468.52 | D: s3: $468.00 → $468.52 | D: s4: $468.00 $327.60 $374.40 $468.00 $559.00 $706 → $468.52 $327.96 $374.82 $468.52 $479.61 $706.00 | D: s4: $468.00 → $468.52 | D: s4: $468.00 → $468.52 | D: s4: $374.40 → $374.82 | D: s4: $327.60 → $327.96 | D: s5: $468.00 → $468.52 | D: s5: $374.40 → $374.82 | D: s6: $334.00 → $334.01 | D: s6: $616.00 → $616.23 | D: s6: $872.00 → $871.89 | D: s6: $79.27 → $79.26 | D: s8: $468.00 → $468.52 | D: s8: $371.00–$559.00 → $457.42–$479.61 | D: s8: $468.00 ($371.00–$559.00) → $468.52 ($457.42–$479.61) | D: s8: $468.00 → $468.52 | D: s8: $327.60–$374.40 → $327.96–$374.82 | D: rd/sm fv: 468 → 468.52 | D: rd/sm values.fvLow: 371 → 457.42 | D: rd/sm values.fvHigh: 559 → 479.61 | D: rd/sm values.baseEps: 2.4 → null | D: rd/sm values.scenarios[0].tgt: 334 → 334.01 | D: rd/sm values.scenarios[1].tgt: 616 → 616.23 | D: rd/sm values.scenarios[2].tgt: 872 → 871.89",2,2,5,22,8,0,2,7,,23.29
AXP,US,HUMAN,"custom cards 6 > 4 — dropped ""New Cards Q2 2026""; ""2026 EPS Guidance"" | TEXT LOST ×13: New Cards ล้านใบ เป็น Millennial GenZ EPS Guidance | D: scn.bear.tgt 290 → 290.32 | D: scn.base.tgt 370 → 369.41 | D: scn.bull.tgt 519 → 518.51 | D: s2: $276.00 → $276.44 | D: s3: $427 $276.00 → $427.48 $276.44 | D: s4: $276.00 $193.20 $220.80 $276.00 $341.00 $376 → $276.44 $193.51 $221.15 $276.44 $376.00 $427.48 | D: s4: $276.00 → $276.44 | D: s4: <$220.80 → <$221.15 | D: s4: <$193.20 → <$193.51 | D: s6: $290.00 −1.0% → $290.32 −0.9% | D: s6: $370.00 → $369.41 | D: s6: $22.53 → $22.52 | D: s6: $519.00 → $518.51 | D: s8: <$220.80 → <$221.15 | D: s8: $276.00 ($244.00–$341.00) → $276.44 ($138.07–$427.48) | D: s8: $276.00 → $276.44 | D: s8: <$220.80 → <$221.15 | D: s8: <$193.20 → <$193.51 | D: rd/sm fv: 276 → 276.44 | D: rd/sm values.fvLow: 244 → 138.07 | D: rd/sm values.fvHigh: 341 → 427.48 | D: rd/sm values.scenarios[0].tgt: 290 → 290.32 | D: rd/sm values.scenarios[1].tgt: 370 → 369.41 | D: rd/sm values.scenarios[2].tgt: 519 → 518.51",3,3,13,15,8,0,6,6,,43.41
AXTI,US,HUMAN,"TEXT LOST ×2: รายได้ฉากฐาน รายได้ฉากฐาน | D: s1: $0.02–0.07 → ~$0.02 | D: s2: $14.20 → $14.18 | D: s3: $14.20 → $14.18 | D: s3: $14.20 → $14.18 | D: s4: $14.20 $9.94 $11.36 $14.20 → $14.18 $9.93 $11.34 $14.18 | D: s4: $14.20 → $14.18 | D: s5: $14.20 → $14.18 | D: s5: $11.36 → $11.34 | D: s5: $9.94 → $9.93 | D: s8: $14.20 → $14.18 | D: s8: $14.20 → $14.18 | D: s8: $11.36 → $11.34 | D: rd/sm fv: 14.2 → 14.18 | D: rd/sm values.eps: null → 0.02 | D: rd/sm values.dps: null → 0 | D: rd/sm sm.mos: -434.5 → -435.3",2,2,2,12,5,0,4,3,,0.8
AYUD,TH,VALUE-DRIFT,"scn.bear.tgt 35.5 → 35.51 | scn.bull.tgt 97.3 → 97.34 | s2: ฿54.50 → ฿54.47 | s3: ฿56.2 ฿54.50 → ฿56.23 ฿54.47 | s3: ฿54.50 → ฿54.47 | s4: ฿54.50 ฿38.15 ฿43.60 ฿54.50 N A ฿56.20 → ฿54.47 ฿38.13 ฿43.58 ฿54.47 ฿56.23 | s4: (฿43.60) → (฿43.58) | s4: ฿54.50 → ฿54.47 | s6: ฿35.50 → ฿35.51 | s6: ฿97.30 → ฿97.34 | s6: ฿54.50 → ฿54.47 | s8: ฿54.50 (฿52.70–฿56.20) → ฿54.47 (฿52.71–฿56.23) | s8: (~฿43.60) → (~฿43.58) | s8: (~฿38.15) → (~฿38.13) | rd/sm fv: 54.5 → 54.47 | rd/sm values.fvLow: 52.7 → 52.71 | rd/sm values.fvHigh: 56.2 → 56.23 | rd/sm values.scenarios[0].tgt: 35.5 → 35.51 | rd/sm values.scenarios[2].tgt: 97.3 → 97.34",2,2,0,12,7,0,2,5,multi-rounding,0.06
AZN,US,VALUE-DRIFT,"prose stale copies ×1 (pe@analysis) | s1: ~24.9x → 16.1x",2,2,0,1,2,1,1,8,prose-stale,0
AZO,US,HUMAN,"custom cards 7 > 4 — dropped ""Operating Margin""; ""จำนวนสาขา""; ""Share Count (YoY)"" | TEXT LOST ×25: AZO AutoZone Inc NYSE Operating Margin Gross margin | D: prose stale copies ×2 (pe@analysis) | D: s2: $2;416.00 → $2;416.43 | D: s3: $2;721.00 → $2;720.85 | D: s3: $2;416.00 → $2;416.43 | D: s3: $2;416.00 → $2;416.43 | D: s4: $2;416.00 $1;691.20 $1;932.80 $2;416.00 $2;721.00 → $2;416.43 $1;691.50 $1;933.14 $2;416.43 $2;720.85 | D: s4: $2;416.00 → $2;416.43 | D: s4: $2;416.00 → $2;416.43 | D: s4: $1;932.80 → $1;933.14 | D: s4: $1;691.20 → $1;691.50 | D: s8: ($2;416.00 → ($2;416.43 | D: s8: $2;416.00 ($2;112.00–$2;721.00) → $2;416.43 ($2;112.00–$2;720.85) | D: s8: $2;416.00 → $2;416.43 | D: s8: ($1;932.80) → ($1;933.14) | D: s8: ($1;691.20) → ($1;691.50) | D: rd/sm fv: 2416 → 2416.43 | D: rd/sm values.fvHigh: 2721 → 2720.85",2,2,25,14,4,2,7,10,,0.02
B,US,HUMAN,"scenarios.cases[0] .ret annotation ""(≈ −41%/ปี)"" not carried — a per-year/number label would mislabel the v3 total return | scenarios.cases[1] .ret annotation ""(≈ −5%/ปี)"" not carried — a per-year/number label would mislabel the v3 total return | scenarios.cases[2] .ret annotation ""(≈ +18%/ปี)"" not carried — a per-year/number label would mislabel the v3 total return | TEXT LOST ×274: อ่านก่อนดูตัวเลขทุกช่อง ticker เปลี่ยนจาก GOLD เป็น Barrick เปลี่ยนชื่อจาก Barrick | D: scn.bear.tgt $7.60 → 7.56 | D: scn.base.tgt $35.05 → 35.04 | D: scn.bull.tgt $66.88 → 66.71 | D: prose stale copies ×1 (pe@analysis) | D: s1: ~11.17x → 10.9x | D: s2: $32.17 → $32.18 | D: s2: ($32.17) → ($32.18) | D: s3: $29.30 → $29.32 | D: s4: $32.17 $22.52 → $32.18 $22.53 | D: s4: $32.17 $35.05 → $32.18 $35.04 | D: s4: $32.17 → $32.18 | D: s4: $25.74–$22.52 → $25.74–$22.53 | D: s5: $32.17 → $32.18 | D: s5: $22.52–$32.17 → $22.53–$32.18 | D: s6: $7.60 −80% (ณ −41% ปี) $0.48 → $7.56 −79% $0.47 | D: s6: $35.05 −14% (ณ −5% ปี) → $35.04 −12% | D: s6: $66.88 +63% (ณ +18% ปี) $4.18 → $66.71 +66% $4.17 | D: s8: $32.17 → $32.18 | D: s8: $32.17 ($29.30–$35.05) → $32.18 ($29.32–$35.04) | D: s8: $32.17 → $32.18 | D: s1: อ่านก่อนดูตัวเลขทุกช่อง 1) ticker เปลี่ยนจาก GOLD เป็น B — Barrick เปลี่ยนชื่อจาก Barrick Gold เป็น Barrick Mining และใช้สัญลักษณ์ B บน NYSE · สัญลักษณ์ B เคยเป็นของบริษัทอื่น ⇒ ข้อมูลย้อนหลังของ ""B"" ที่ดึงจากบางแหล่งอาจปนกัน ตัวเลขในรายงานนี้ตรวจแล้วว่าเป็นของ Barrick (กำไรสุทธิ TTM $6.53bn · หุ้นคงเหลือ → $69.7B | D: s3: $35.05 $32.17 ★ FV ที่ราคาทองทั้ง 3 ฉาก (บังคับแสดง — FV จุดเดียวซ่อนดุลพินิจไว้) ฉากราคาทอง ขา EV EBITDA ขา P E FV เฉลี่ย Bear $2;145 oz $6.94 $7.60 FV@bear = $7.27 Base $3;191 oz $29.30 $35.05 FV = $32.17 Bull $4;404 oz (spot) $55.22 $66.88 FV@bull = $61.05 สังเกตความกว้างของช่วงให้ดี: มูลค่าของหุ้นนี้ถูกกำหนดโดยฉากราคาทองแทบทั้งหมด — จาก $7.27 ถ้าทองกลับสู่มัธยฐาน 5 ปีของตัวเอง ($2;145) ไปจนถึง $61.05 ถ้าทองยืนที่ spot $4;404 ตลอดไป · ข้อสรุปฝั่งลบของรายงานนี้จึงตั้งอยู่บนการกลับสู่ค่าเฉลี่ยเท่านั้น ไม่ใช่ข้ออ้างว่าราคาวันนี้แพงในทุกฉาก — ถ้าทองยืนที่ spot ได้จริง ราคาตลาดวันนี้ ($42.32) ยัง ต่ำกว่า มูลค่าในฉากนั้นอยู่ 29% ★ ย้อนกลับ (back-solve): ราคาทองที่ตลาดกำลังฝังไว้ในราคาหุ้นวันนี้ แก้สมการย้อนกลับหาว่า ""ราคาทองระยะยาวเท่าไรจึงทำให้ FV ของโมเดลนี้ = ราคาตลาด $42.32"" • ใช้ทั้งสองขาตามสูตร FV จริง → ทองคำ ณ $3;660 oz — ทั้งสองขาตอบสนองราคาทอง (ขา P E ผ่านกำไรต่อหุ้น) จึง back-solve ได้ค่าเดียว ตีความให้ผู้อ่านตัดสินเอง: ที่ราคาปัจจุบัน ตลาดกำลังบอกว่าราคาทองคำจะยืนที่ประมาณ $3;660 oz ในระยะยาว — ต่ำกว่า ราคา spot วันนี้ 17% (ตลาดจึงไม่ได้ฝังว่าทองจะยืน spot ตลอดไป) แต่ยังเป็น 1.71 เท่า ของมัธยฐาน 5 ปีที่ทองเคยอยู่จริง ($2;145) และสูงกว่าฉาก Base ของรายงานนี้ ($3;191) อยู่ 15% · คำถามเดียวที่ต้องตอบก่อนซื้อคือ ""คุณเชื่อไหมว่าราคาทองระดับนี้คือระดับปกติใหม่ ไม่ใช่ยอดของวัฏจักร"" ถ้าเชื่อ หุ้นนี้ก็ไม่ได้แพง ถ้าไม่เชื่อ ตัวเลขข้างบนคือสิ่งที่คุณกำลังจ่ายไป → $35.04 $32.18 | D: rd/sm fv: 32.17 → 32.18 | D: rd/sm values.fvLow: 29.3 → 29.32 | D: rd/sm values.fvHigh: 35.05 → 35.04 | D: rd/sm sm.pe: 11.17 → 10.907216",2,2,274,18,6,1,3,8,,2.35
BABA,US,HUMAN,"first header tag not ""<EXCH>: BABA"" (""NYSE: BABA (ADR)"") | TEXT LOST ×2: ADR ADR | D: scn.bear.tgt 49 → 48.99 | D: scn.base.tgt 119 → 119.26 | D: scn.bull.tgt 184 → 184.02 | D: header: $91.99 – $192.67 • → · | D: s1: $186 → $186.00 (+68%) | D: s3: $99 $97.00 → $99.00 $97.10 | D: s4: $97.00 $67.90 $77.60 $97.00 → $97.10 $67.97 $77.68 $97.10 $99.00 | D: s4: $193 → | D: s4: $97.00 → $97.10 | D: s5: $97.00 → $97.10 | D: s5: $77.60 → $77.68 | D: s6: $49.00 → $48.99 | D: s6: $119.00 → $119.26 | D: s6: $184.00 → $184.02 | D: s8: $97.00) → $97.10) | D: s8: $97.00 ($95.00–$99.00) → $97.10 ($95.20–$99.00) | D: s8: $77.60 → $77.68 | D: s8: $67.90) → $67.97) | D: s2: (ADR) $97.00 → $97.10 | D: rd/sm fv: 97 → 97.1 | D: rd/sm values.fvLow: 95 → 95.2 | D: rd/sm values.scenarios[0].tgt: 49 → 48.99 | D: rd/sm values.scenarios[1].tgt: 119 → 119.26 | D: rd/sm values.scenarios[2].tgt: 184 → 184.02 | D: rd/sm sm.mos: -14.1 → -13.9",2,2,2,16,8,0,4,11,,0.22
BAC,US,HUMAN,"custom cards 5 > 4 — dropped ""NII Q1 2026"" | TEXT LOST ×3: NII YoY guidance | D: scn.bear.tgt 47.3 → 47.32 | D: prose stale copies ×2 (px@analysis;pe@analysis) | D: s2: $50.70 → $50.65 | D: s3: $50.70 → $50.65 | D: s4: $50.70 $35.49 $40.56 $50.70 → $50.65 $35.46 $40.52 $50.65 | D: s4: $50.70 → $50.65 | D: s4: $40.56 → $40.52 | D: s4: $35.49 → $35.46 | D: s5: $40.56 → $40.52 | D: s6: $47.30 → $47.32 | D: s8: $50.70 → $50.65 | D: s8: $40.56 $50.70 → $40.52 $50.65 | D: s8: ($40.56) → ($40.52) | D: rd/sm fv: 50.7 → 50.65 | D: rd/sm values.scenarios[0].tgt: 47.3 → 47.32",2,2,3,11,4,2,5,8,,0.1
BAFS,TH,HUMAN,"scenarios.cases[0] .ret annotation ""/ ปี"" not carried — a per-year/number label would mislabel the v3 total return | scenarios.cases[1] .ret annotation ""/ ปี"" not carried — a per-year/number label would mislabel the v3 total return | scenarios.cases[2] .ret annotation ""/ ปี"" not carried — a per-year/number label would mislabel the v3 total return | D: scn.base.tgt ฿7.92 → 7.91 | D: scn.bull.tgt ฿14.80 → 14.77 | D: s6: −24.7% ปี → −57% | D: s6: ฿7.92 −7.8% ปี → ฿7.91 −22% | D: s6: ฿14.80 +13.6% ปี → ฿14.77 +46%",2,2,0,3,1,0,2,9,,0
BAH,US,VALUE-DRIFT,"scn.bear.tgt $58.00 → 58.05 | scn.base.tgt $103.04 → 103.07 | scn.bull.tgt $135.52 → 135.44 | s1: -9.1% → 9.1% | s1: -6.4% → 6.4% | s2: $94.00 → $93.96 | s3: $94.00 → $93.96 | s3: $94.00 → $93.96 | s3: $89.00–$99.00 → $89.04–$98.88 | s4: $94.00 $65.80 $75.20 → $93.96 $65.77 $75.17 | s4: $94.00 $99.00 → $93.96 $98.88 | s4: ($75.20) → ($75.17) | s4: ($65.80) → ($65.77) | s4: $94.00 → $93.96 | s6: $58.00 -21.4% → $58.05 −21% | s6: $103.04 +39.6% → $103.07 +40% | s6: $135.52 +83.6% → $135.44 +83% | s8: $94.00 ($89.00–$99.00) → $93.96 ($89.04–$98.88) | s8: ($75.20) → ($75.17) | rd/sm fv: 94 → 93.96 | rd/sm values.fvLow: 89 → 89.04 | rd/sm values.fvHigh: 99 → 98.88",2,2,0,16,5,0,2,11,mixed,0.12
BALL,US,VALUE-DRIFT,"scn.bear.tgt 51.94 → 52 | scn.base.tgt 79.38 → 79.36 | prose stale copies ×1 (px@analysis) | s2: $51.10 → $51.02 | s3: $43.60 → $43.38 | s3: $51.10 → $51.02 | s4: $51.10 $35.77 $40.88 $51.10 → $51.02 $35.71 $40.82 $51.02 | s4: $51.10 → $51.02 | s5: $51.10 → $51.02 | s5: $51.10 → $51.02 | s6: $51.94 → $52.00 | s6: $79.38 → $79.36 | s8: $51.10 → $51.02 | s8: $51.10 ($43.60–$54.95) → $51.02 ($43.38–$54.95) | s8: $51.10 → $51.02 | s8: ($40.88) → ($40.82) | s8: $35.77 → $35.71 | rd/sm fv: 51.1 → 51.02 | rd/sm values.fvLow: 43.6 → 43.38 | rd/sm values.scenarios[0].tgt: 51.94 → 52 | rd/sm values.scenarios[1].tgt: 79.38 → 79.36 | rd/sm sm.mos: -10.9 → -11.1 | rd/sm sm.upside: -9.8 → -10",3,3,0,14,7,1,0,8,mixed,0.5
BAM,TH,HUMAN,"scenarios.cases[0] .ret annotation ""รวม 3 ปี (~−14.6%/ปี)"" not carried — a per-year/number label would mislabel the v3 total return | scenarios.cases[1] .ret annotation ""รวม 3 ปี (~+6.7%/ปี)"" not carried — a per-year/number label would mislabel the v3 total return | scenarios.cases[2] .ret annotation ""รวม 3 ปี (~+21.3%/ปี)"" not carried — a per-year/number label would mislabel the v3 total return | TEXT LOST ×4: ปรับฐาน รวม รวม รวม | D: FV 7.34 → 6.79 (family weights) | D: scn.bear.tgt ฿3.30 → 4.37 | D: scn.bull.tgt ฿10.40 → 9.66 | D: prose stale copies ×2 (px@analysis;upside@analysis) | D: s2: ฿7.34 → ฿6.79 | D: s2: ฿7.34 → ฿6.79 | D: s2: +8% → +0.6% | D: s3: ฿7.34 → ฿6.79 | D: s3: ฿7.34 → ฿6.79 | D: s4: ฿7.34 ฿5.14 ฿5.87 → ฿6.79 ฿4.75 ฿5.43 ฿6.79 | D: s4: ฿7.34 → | D: s4: ฿7.34 → ฿6.79 | D: s4: ฿5.87 → ฿5.43 | D: s4: ฿5.14 → ฿4.75 | D: s5: +8% → +0.6% | D: s8: +8% → +0.6% | D: s8: ฿7.34 → ฿6.79 | D: s8: ฿7.34 → ฿6.79 | D: s8: +8% → +0.6% | D: s8: ฿7.34 → ฿6.79 | D: s8: (฿5.87) → (฿5.43) | D: s8: (฿5.14) → (฿4.75) | D: s6: ฿3.30 −37.8% รวม 3 ปี (~−14.6% ปี) ฿0.30 → ฿4.37 −22% ฿0.40 | D: s6: +21.5% รวม 3 ปี (~+6.7% ปี) → +21% | D: s6: ฿10.40 +78.5% รวม 3 ปี (~+21.3% ปี) ฿0.65 → ฿9.66 +68% ฿0.60 | D: rd/sm fv: 7.34 → 6.79 | D: rd/sm sm.mos: 8 → 0.6 | D: rd/sm sm.upside: 8.7 → 0.6 | D: rd/sm sm.fairValue: 7.34 → 6.79",3,3,4,21,6,2,3,12,,8.1
BAX,US,VALUE-DRIFT,"scn.bull.tgt 40.94 → 40.93 | prose stale copies ×3 (upside@analysis;mos@analysis) | s1: ~10.9x → 11.5x | s1: ~0.18% → 0.17% | s2: $24.00 → $23.94 | s3: $18.53 → $18.57 | s3: $24.00 → $23.94 | s3: $24.00 → $23.94 | s4: $24.00 $16.80 $19.20 $24.00 $29 $30 → $23.94 $16.76 $19.15 $23.94 $28.70 $28.73 | s4: $24.00 → $23.94 | s4: $19.20 → $19.15 | s4: $16.80 → $16.76 | s6: $40.94 → $40.93 | s8: $24.00 → $23.94 | s8: $19.20 → $19.15 | s8: $24.00 ($18.00–$29.00) → $23.94 ($18.57–$28.70) | s8: $19.20 → $19.15 | s8: $16.80 → $16.76 | rd/sm fv: 24 → 23.94 | rd/sm values.fvLow: 18 → 18.57 | rd/sm values.fvHigh: 29 → 28.7 | rd/sm values.scenarios[2].tgt: 40.94 → 40.93 | rd/sm sm.pe: 10.9 → 11.453659 | rd/sm sm.mos: 2.2 → 1.9 | rd/sm sm.upside: 2.2 → 2",3,3,0,16,9,3,3,12,mixed,5.08
BAY,TH,HUMAN,"TEXT LOST ×10: มัธยฐานย้อนหลัง ปีของ BAY บริบท ห่างจากขาตระกูล เดียวกัน Justified BV | D: scn.bear.tgt 24.8 → 24.81 | D: scn.base.tgt 34.6 → 34.59 | D: scn.bull.tgt 45.7 → 45.63 | D: s2: ฿34.15 → ฿34.22 | D: s3: ฿39.5 ฿34.15 → ฿39.63 ฿34.22 | D: s4: ฿34.15 ฿23.90 ฿27.32 ฿34.15 ฿39.5 ฿47.50 → ฿34.22 ฿23.95 ฿27.38 ฿34.22 ฿39.63 ฿47.00 | D: s4: (฿34.15) → (฿34.22) | D: s4: ฿34.15 → ฿34.22 | D: s5: ฿34.15 → ฿34.22 | D: s6: ฿24.80 → ฿24.81 | D: s6: ฿34.60 → ฿34.59 | D: s6: ฿45.70 +30% → ฿45.63 +29% | D: s6: +30% → +29% | D: s8: ฿34.15 (฿28.8–39.5) → ฿34.22 (฿28.81–฿39.63) | D: s8: ฿34.15 → ฿34.22 | D: s8: <฿27.32) → <฿27.38) | D: rd/sm fv: 34.15 → 34.22 | D: rd/sm values.fvLow: 28.8 → 28.81 | D: rd/sm values.fvHigh: 39.5 → 39.63 | D: rd/sm values.scenarios[0].tgt: 24.8 → 24.81 | D: rd/sm values.scenarios[1].tgt: 34.6 → 34.59 | D: rd/sm values.scenarios[2].tgt: 45.7 → 45.63 | D: rd/sm sm.mos: -13.5 → -13.2 | D: rd/sm sm.upside: -11.9 → -11.7",3,2,10,13,9,0,3,8,,0.33
BBIK,TH,VALUE-DRIFT,"scn.base.tgt 34.3 → 34.26 | scn.bull.tgt 55.4 → 55.37 | s2: ฿25.73 → ฿25.71 | s3: ฿37.03 ฿25.73 → ฿36.95 ฿25.71 | s4: ฿25.73 ฿18.01 ฿20.58 ฿25.73 → ฿25.71 ฿18.00 ฿20.57 ฿25.71 | s4: ฿37.03 → ฿36.95 | s4: ฿25.73 → ฿25.71 | s4: ฿18.01 → ฿18.00 | s6: ฿34.30 → ฿34.26 | s6: ฿55.40 → ฿55.37 | s8: ฿25.73 (฿17.12–฿37.03) → ฿25.71 (฿17.12–฿36.95) | s8: (฿18.01) → (฿18.00) | s8: ฿25.73 → ฿25.71 | rd/sm fv: 25.73 → 25.71 | rd/sm values.fvHigh: 37.03 → 36.95 | rd/sm values.scenarios[1].tgt: 34.3 → 34.26 | rd/sm values.scenarios[2].tgt: 55.4 → 55.37",3,3,0,11,5,0,0,6,multi-rounding,0.22
BBL,TH,VALUE-DRIFT,"scn.bear.tgt 124 → 124.24 | scn.base.tgt 178 → 177.9 | scn.bull.tgt 243 → 242.56 | s1: ~0.65x → 0.64x | s2: ฿177.00 → ฿176.77 | s3: ฿225 ฿177.00 → ฿223.02 ฿176.77 | s3: ฿177.00 → ฿176.77 | s3: ฿177.00 → ฿176.77 | s4: ฿177.00 ฿123.90 ฿141.60 ฿177.00 ฿202 ฿225.00 → ฿176.77 ฿123.74 ฿141.42 ฿176.77 ฿202.00 ฿223.02 | s4: (฿177.00) → (฿176.77) | s5: ฿177.00 → ฿176.77 | s5: (฿141.60) → (฿141.42) | s6: ฿124.00 → ฿124.24 | s6: ฿178.00 → ฿177.90 | s6: ฿243.00 → ฿242.56 | s8: ฿177.00 → ฿176.77 | s8: ฿177.00 (฿158.00–฿225.00) → ฿176.77 (฿158.46–฿223.02) | s8: ฿177.00 → ฿176.77 | s8: <฿141.60) → <฿141.42) | rd/sm fv: 177 → 176.77 | rd/sm values.fvLow: 158 → 158.46 | rd/sm values.fvHigh: 225 → 223.02 | rd/sm values.scenarios[0].tgt: 124 → 124.24 | rd/sm values.scenarios[1].tgt: 178 → 177.9 | rd/sm values.scenarios[2].tgt: 243 → 242.56",3,3,0,16,8,0,0,4,multi-rounding,0.88
BCH,TH,VALUE-DRIFT,"scn.bear.tgt 7.15 → 7.16 | scn.base.tgt 11.35 → 11.34 | s6: ฿7.15 → ฿7.16 | s6: ฿11.35 → ฿11.34 | s8: (฿8.10–฿12.25) → (฿5.11–฿12.25) | rd/sm values.fvLow: 8.1 → 5.11 | rd/sm values.scenarios[0].tgt: 7.15 → 7.16 | rd/sm values.scenarios[1].tgt: 11.35 → 11.34",3,3,0,3,4,0,0,7,mixed,36.91
BCP,TH,VALUE-DRIFT,"FV 50 → 50.4 (family weights) | scn.bear.tgt 22 → 21.52 | scn.base.tgt 40 → 40.04 | scn.bull.tgt 62 → 61.79 | prose stale copies ×4 (px@analysis;pe@analysis) | s1: ~3.6x → 3.7x | s1: ~1.08x → 1.13x | s2: ฿50.00 → ฿50.40 | s3: ฿61 ฿50.00 → ฿60.76 ฿50.40 | s4: ฿50.00 ฿35.00 ฿40.00 ฿50.00 ฿58 ฿61.00 → ฿50.40 ฿35.28 ฿40.32 ฿50.40 ฿58.00 ฿60.76 | s4: ฿50.00 → ฿50.40 | s4: −13%) → −12%) | s4: ฿40.00) → ฿40.32) | s5: −13% → −12% | s6: ฿22.00 → ฿21.52 | s6: ฿40.00 → ฿40.04 | s6: ฿62.00 +18% → ฿61.79 +17% | s8: ฿50.00 → ฿50.40 | s8: −13%) → −12%) | s8: ฿50.00 (฿40.00–฿61.00) → ฿50.40 (฿40.04–฿60.76) | s8: −13% → −12% | s8: (฿40.00) → (฿40.32) | s8: ฿35.00 → ฿35.28 | rd/sm fv: 50 → 50.4 | rd/sm values.fvLow: 40 → 40.04 | rd/sm values.fvHigh: 61 → 60.76 | rd/sm values.scenarios[0].tgt: 22 → 21.52 | rd/sm values.scenarios[1].tgt: 40 → 40.04 | rd/sm values.scenarios[2].tgt: 62 → 61.79 | rd/sm sm.pe: 3.6 → 3.703094 | rd/sm sm.mos: -12.5 → -11.6 | rd/sm sm.upside: -11.1 → -10.4 | rd/sm sm.fairValue: 50 → 50.4",2,2,0,18,12,4,0,4,mixed,2.86
BCPG,TH,HUMAN,"scenarios.cases[0] .ret annotation ""/ปี"" not carried — a per-year/number label would mislabel the v3 total return | scenarios.cases[1] .ret annotation ""/ปี"" not carried — a per-year/number label would mislabel the v3 total return | scenarios.cases[2] .ret annotation ""/ปี"" not carried — a per-year/number label would mislabel the v3 total return | D: scn.bear.tgt ฿4.73 → 4.71 | D: s6: ฿4.73 −5.0% ปี → ฿4.71 −15% | D: s6: +10.4% ปี → +35% | D: s6: +24.3% ปี → +92%",3,3,0,3,2,0,1,9,,0
BDMS,TH,VALUE-DRIFT,"prose stale copies ×3 (pe@analysis) | s1: ~20.7x → 20.8x | s1: ~฿15;850 ลบ. -0.9% → ฿1.58 หมื่นล้าน 0.9% | s1: ~฿24.78 → ฿24.78 (+24%)",2,2,0,3,2,3,0,6,prose-stale,0
BDX,US,HUMAN,"price-bound custom card ""P/E (GAAP FY2025)"" | D: scn.bear.tgt 160 → 160.05 | D: scn.base.tgt 223 → 223.2 | D: scn.bull.tgt 255 → 254.86 | D: s2: $168.00 → $167.90 | D: s2: $168.00 → $167.90 | D: s3: $148 $168.00 → $148.40 $167.90 | D: s3: $168.00 → $167.90 | D: s4: $168.00 $117.60 $134.40 $168.00 $187.00 → $167.90 $117.53 $134.32 $167.90 $187.40 | D: s4: ($134.40) → ($134.32) | D: s4: $168.00 → $167.90 | D: s4: $117.60 → $117.53 | D: s6: $160.00 → $160.05 | D: s6: $223.00 → $223.20 | D: s6: $255.00 +50% → $254.86 +49% | D: s8: $168.00 → $167.90 | D: s8: $168.00 ($148.00–$187.00) → $167.90 ($148.40–$187.40) | D: s8: $134.40) → $134.32) | D: s8: $117.60) → $117.53) | D: rd/sm fv: 168 → 167.9 | D: rd/sm values.fvLow: 148 → 148.4 | D: rd/sm values.fvHigh: 187 → 187.4 | D: rd/sm values.scenarios[0].tgt: 160 → 160.05 | D: rd/sm values.scenarios[1].tgt: 223 → 223.2 | D: rd/sm values.scenarios[2].tgt: 255 → 254.86",2,2,0,15,6,0,4,7,,0.27
BE8,TH,HUMAN,"failed before compare — compute: scenarios.cases[0].growth: ต้องมี (ตัวเลข) | scenarios.cases[0].growth unreadable (""EPS ทรงตัว/ลด"") | scenarios.cases[0] .ret annotation ""/ −26%ต่อปี"" not carried — a per-year/number label would mislabel the v3 total return | scenarios.cases[1] .ret annotation ""/ +16%ต่อปี"" not carried — a per-year/number label would mislabel the v3 total return | scenarios.cases[2] .ret annotation ""/ +36%ต่อปี"" not carried — a per-year/number label would mislabel the v3 total return | schema scenarios.cases[0].growth: ต้องมี (ตัวเลข)",2,2,0,0,0,0,3,8,,0
BEM,TH,VALUE-DRIFT,"scn.bear.tgt 5.15 → 5.14 | scn.base.tgt 7.75 → 7.74 | s1: ~26.3x → 25.4x | s1: 2.75x → 2.65x | s2: ฿7.23 → ฿7.22 | s2: ฿7.23 → ฿7.22 | s3: ฿7.23 → ฿7.22 | s4: ฿7.23 ฿5.06 → ฿7.22 ฿5.05 | s4: ฿7.23 ฿8.00 → ฿7.22 | s4: ฿7.23 → ฿7.22 | s6: ฿5.15 → ฿5.14 | s6: ฿7.75 → ฿7.74 | s8: ฿7.23 → ฿7.22 | s8: ฿7.23 (฿6.50–฿8.00) → ฿7.22 (฿5.48–฿8.97) | footer: (2026) → | rd/sm fv: 7.23 → 7.22 | rd/sm values.fvLow: 6.5 → 5.48 | rd/sm values.fvHigh: 8 → 8.97 | rd/sm values.scenarios[0].tgt: 5.15 → 5.14 | rd/sm values.scenarios[1].tgt: 7.75 → 7.74 | rd/sm sm.pe: 26.3 → 25.384615",2,2,0,13,8,0,2,8,mixed,15.69
BF-B,US,HUMAN,"fy periods conflict across FY cards | scenarios.cases[0] .ret annotation ""รวมปันผล ~−12%"" not carried — a per-year/number label would mislabel the v3 total return | scenarios.cases[1] .ret annotation ""รวมปันผล ~+43%"" not carried — a per-year/number label would mislabel the v3 total return | scenarios.cases[2] .ret annotation ""รวมปันผล ~+93%"" not carried — a per-year/number label would mislabel the v3 total return | TEXT LOST ×3: รวมปันผล รวมปันผล รวมปันผล | D: scn.bear.tgt $20.15 → 20.16 | D: scn.bull.tgt $47.20 → 47.18 | D: prose stale copies ×1 (pe@analysis) | D: s1: ~16.8x → 16.0x | D: s2: $29.40 → $29.43 | D: s3: $31.65 → $31.64 | D: s3: $24.25 $29.40 → $24.26 $29.43 | D: s3: $29.40 → $29.43 | D: s4: $29.40 $20.58 $23.52 → $29.43 $20.60 $23.54 | D: s4: $29.40 $33.00 → $29.43 $32.40 | D: s4: $29.40 → $29.43 | D: s5: ($23.52) → ($23.54) | D: s5: ($29.40) → ($29.43) | D: s6: $20.15 → $20.16 | D: s8: $29.40 → $29.43 | D: s8: $29.40 ($24.00–$33.00) → $29.43 ($24.26–$32.40) | D: s8: $23.52 → $23.54 | D: s6: +43% รวมปันผล +43% → +42% | D: s6: $47.20 +93% รวมปันผล +93% → $47.18 +92% | D: rd/sm fv: 29.4 → 29.43 | D: rd/sm values.fvLow: 24 → 24.26 | D: rd/sm values.fvHigh: 33 → 32.4 | D: rd/sm sm.pe: 16.8 → 16.049383",3,3,3,16,6,1,2,11,,4.47
BG,US,HUMAN,"TEXT LOST ×1: เฉลี่ย | D: scn.bear.tgt 67.5 → 67.52 | D: scn.base.tgt 121.56 → 121.55 | D: scn.bull.tgt 174.75 → 174.69 | D: prose:prose.gauge ""+22.7%"" → {{analyst.pct}} | D: prose:catalysts[3] ""+22.7%"" → {{analyst.pct}} | D: s2: $111.20 → $111.21 | D: s3: $117.40 $111.20 → $117.43 $111.21 | D: s3: ($117.40) → ($117.43) | D: s3: $111.20 → $111.21 | D: s4: $111.20 $77.84 $88.96 $111.20 $117.40 → $111.21 $77.85 $88.97 $111.21 $117.43 | D: s4: ($111.20) → ($111.21) | D: s4: (+22.7%) → (+29%) | D: s4: $88.96 → $88.97 | D: s4: $77.84 → $77.85 | D: s5: $111.20 → $111.21 | D: s6: $67.50 → $67.52 | D: s6: $121.56 → $121.55 | D: s6: $174.75 → $174.69 | D: s7: (+22.7%) → (+29%) | D: s8: $111.20 → $111.21 | D: s8: $105.00–$117.40) → $105.00–$117.43) | D: s8: $77.84–$88.96 → $77.85–$88.97 | D: s8: $111.20 ($105.00–$117.40) → $111.21 ($105.00–$117.43) | D: s8: ($111.20) → ($111.21) | D: s8: $88.96 → $88.97 | D: s8: $77.84 → $77.85 | D: rd/sm fv: 111.2 → 111.21 | D: rd/sm values.fvHigh: 117.4 → 117.43 | D: rd/sm values.scenarios[0].tgt: 67.5 → 67.52 | D: rd/sm values.scenarios[1].tgt: 121.56 → 121.55 | D: rd/sm values.scenarios[2].tgt: 174.75 → 174.69",2,2,1,21,7,0,1,10,,0.03
BGC,TH,HUMAN,"TEXT LOST ×1: ประมาณ | D: FV 6.05 → 3.3 (equal weights) | D: scn.bear.tgt 0.56 → 0.54 | D: scn.bull.tgt 4.32 → 4.33 | D: s1: 0.84x → 0.83x | D: s2: ฿6.05 → ฿3.30 | D: s3: ฿2.60 ฿6.05 → ฿2.63 ฿3.30 | D: s4: ฿4.23 ฿4.84 ฿6.05 ฿6.55 n a → | D: s4: ฿6.05 → ฿3.30 | D: s4: (−8%) → (−98%) | D: s4: ฿4.84 → ฿2.64 | D: s4: ฿4.23 → ฿2.31 | D: s5: −8% → −98% | D: s6: ฿0.56 → ฿0.54 | D: s6: ฿4.32 → ฿4.33 | D: s8: ฿6.05 → ฿3.30 | D: s8: ฿4.23–฿4.84 ฿6.05 → ฿2.31–฿2.64 ฿3.30 | D: s8: −8% → −98% | D: s8: (฿4.84) → (฿2.64) | D: rd/sm fv: 6.05 → 3.3 | D: rd/sm values.scenarios[0].tgt: 0.56 → 0.54 | D: rd/sm values.scenarios[2].tgt: 4.32 → 4.33 | D: rd/sm sm.mos: -8.3 → -98.5 | D: rd/sm sm.upside: -7.6 → -49.6 | D: rd/sm sm.fairValue: 6.05 → 3.3",3,3,1,15,8,0,1,7,,90.2
BGRIM,TH,VALUE-DRIFT,"scn.bear.tgt 9.5 → 9.49 | scn.base.tgt 16.9 → 16.93 | scn.bull.tgt 24.5 → 24.47 | s2: ฿14.27 → ฿14.24 | s3: ฿14.33 → ฿14.28 | s3: ฿14.27 → ฿14.24 | s3: ฿14.27) → ฿14.24) | s4: ฿14.27 ฿9.99 ฿11.42 ฿14.27 ฿14.33 ฿21.40 → ฿14.24 ฿9.97 ฿11.39 ฿14.24 ฿14.28 ฿19.79 | s4: ฿14.27 → ฿14.24 | s4: ฿11.42 → ฿11.39 | s6: ฿9.50 → ฿9.49 | s6: ฿16.90 → ฿16.93 | s6: ฿24.50 +35% → ฿24.47 +34% | s8: ฿14.27 → ฿14.24 | s8: ฿14.27 (฿14.21–฿14.33) → ฿14.24 (฿14.21–฿14.28) | s8: ฿11.42 → ฿11.39 | rd/sm fv: 14.27 → 14.24 | rd/sm values.fvHigh: 14.33 → 14.28 | rd/sm values.scenarios[0].tgt: 9.5 → 9.49 | rd/sm values.scenarios[1].tgt: 16.9 → 16.93 | rd/sm values.scenarios[2].tgt: 24.5 → 24.47 | rd/sm sm.mos: -33.8 → -34.1",2,2,0,13,8,0,1,6,multi-rounding,0.35
BH,TH,VALUE-DRIFT,"scn.bear.tgt 158 → 157.68 | scn.base.tgt 225 → 225.36 | scn.bull.tgt 296 → 295.37 | s1: ~2.54% → 2.55% | s2: ฿217.00 → ฿216.84 | s3: ฿205 ฿217.00 → ฿205.40 ฿216.84 | s3: ฿217.00 → ฿216.84 | s3: ฿217.00 → ฿216.84 | s4: ฿217.00 ฿151.90 ฿173.60 → ฿216.84 ฿151.79 ฿173.47 | s4: ฿217.00 ฿243.00 → ฿216.84 ฿242.65 | s4: ฿217.00 → ฿216.84 | s4: ฿173.60 → ฿173.47 | s6: ฿158.00 → ฿157.68 | s6: ฿225.00 → ฿225.36 | s6: ฿296.00 → ฿295.37 | s8: ฿217.00 → ฿216.84 | s8: ฿173.60 ฿217.00 (฿177.00–฿243.00) → ฿173.47 ฿216.84 (฿176.67–฿242.65) | s8: ฿217.00 → ฿216.84 | s8: ฿173.60 → ฿173.47 | rd/sm fv: 217 → 216.84 | rd/sm values.fvLow: 177 → 176.67 | rd/sm values.fvHigh: 243 → 242.65 | rd/sm values.scenarios[0].tgt: 158 → 157.68 | rd/sm values.scenarios[1].tgt: 225 → 225.36 | rd/sm values.scenarios[2].tgt: 296 → 295.37",3,3,0,16,7,0,0,4,multi-rounding,0.21
BIDU,US,HUMAN,"custom cards 5 > 4 — dropped ""เงินสดและเงินลงทุน"" | TEXT LOST ×6: StockAnalysis Yahoo Finance เงินสดและเงินลงทุน RMB มิย | D: scn.bear.tgt 54 → 54.45 | D: scn.base.tgt 101 → 100.6 | D: scn.bull.tgt 159 → 158.91 | D: s2: $91.00 → $90.93 | D: s3: $102 $91.00 → $102.00 $90.93 | D: s4: $91.00 $63.70 $72.80 $91.00 → $90.93 $63.65 $72.74 $90.93 $102.00 | D: s4: $165 → | D: s4: $91.00 → $90.93 | D: s4: $80.00–$102.00) → $79.86–$102.00) | D: s5: $91.00 → $90.93 | D: s6: $54.00 −39% → $54.45 −38% | D: s6: $101.00 +15% (+5% → $100.60 +14% (+4% | D: s6: $159.00 +81% → $158.91 +80% | D: s8: $91.00 → $90.93 | D: s8: $91.00 ($80.00–$102.00) → $90.93 ($79.86–$102.00) | D: s8: $72.80 → $72.74 | D: s8: $63.70) → $63.65) | D: s1: เงินสดและเงินลงทุน $41.7B RMB 283.1B ณ 30 มิ.ย. 2026 0% → 0.00% | D: rd/sm fv: 91 → 90.93 | D: rd/sm values.fvLow: 80 → 79.86 | D: rd/sm values.scenarios[0].tgt: 54 → 54.45 | D: rd/sm values.scenarios[1].tgt: 101 → 100.6 | D: rd/sm values.scenarios[2].tgt: 159 → 158.91",2,2,6,15,6,0,5,11,,0.83
BIIB,US,HUMAN,"failed before compare — compute: scenarios.cases[1].growth: ต้องมี (ตัวเลข) | scenarios.cases[1].growth unreadable (""EPS ทรงตัว"") | schema scenarios.cases[1].growth: ต้องมี (ตัวเลข)",2,2,0,0,0,0,1,8,,0
BIZ,TH,HUMAN,"TEXT LOST ×1: BIZ",2,2,1,0,2,0,0,4,,0
BJC,TH,HUMAN,"TEXT LOST ×3: ตรวจเป็นบริบท ไม่นับใน FV | D: scn.bull.tgt 33.7 → 33.72 | D: s1: 0.57x → 0.58x | D: s2: ฿28.00 → ฿28.05 | D: s2: ฿28.00 → ฿28.05 | D: s3: ฿10.6 ฿28.00 → ฿10.61 ฿28.05 | D: s4: ฿28.00 → ฿28.05 | D: s4: ฿19.60 ฿22.40 ฿28.00 → ฿19.63 ฿22.44 ฿28.05 | D: s4: ฿28.00 → ฿28.05 | D: s4: (฿22.40) → (฿22.44) | D: s4: (฿19.60) → (฿19.63) | D: s6: ฿1.22 → ฿1.23 | D: s6: ฿33.70 +97% (+25% → ฿33.72 +98% (+26% | D: s8: ฿28.00 → ฿28.05 | D: rd/sm fv: 28 → 28.05 | D: rd/sm values.scenarios[2].tgt: 33.7 → 33.72 | D: rd/sm sm.upside: 56.4 → 56.7",3,2,3,12,5,0,0,6,,0.3
BKI,TH,HUMAN,"custom cards 7 > 4 — dropped ""เครดิตเรทติ้ง""; ""ส่วนแบ่งตลาด""; ""เป้าเบี้ยปี 2569"" | TEXT LOST ×13: เครดิตเรทติ้ง SP Stable outlook Nov ส่วนแบ่งตลาด อันดับ nonlife | D: scn.bear.tgt 313 → 312.53 | D: scn.base.tgt 444 → 443.2 | D: scn.bull.tgt 557 → 556.48 | D: s3: ฿448 → ฿446.10 | D: s3: ฿331 ฿390.00 → ฿330.91 ฿388.51 | D: s3: ฿390.00 → ฿388.51 | D: s4: ฿390.00 ฿273.00 ฿312.00 ฿390.00 ฿448.00 → ฿388.51 ฿271.96 ฿310.81 ฿388.51 ฿446.10 | D: s4: ฿390.00 → ฿388.51 | D: s4: +0.8%) → +0.4%) | D: s4: (฿312.00) → (฿310.81) | D: s5: +0.8% → +0.4% | D: s6: ฿313.00 → ฿312.53 | D: s6: ฿444.00 → ฿443.20 | D: s6: ฿34.12 → ฿34.09 | D: s6: ฿557.00 → ฿556.48 | D: s6: ฿37.12 → ฿37.10 | D: s6: ฿444.00 → ฿443.20 | D: s6: ฿313.00 → ฿312.53 | D: s7: ฿390.00 → ฿388.51 | D: s7: +0.8%) → +0.4%) | D: s8: ฿390.00 → ฿388.51 | D: s8: +0.8%) → +0.4%) | D: s8: (฿312.00) → (฿310.81) | D: s8: ฿390.00 (฿331.00–฿448.00) → ฿388.51 (฿330.91–฿446.10) | D: s8: +0.8% ~9% ปี (3 ปี) → +0.4% | D: s8: (฿312.00) → (฿310.81) | D: s2: (BKIH) ฿390.00 → ฿388.51 | D: rd/sm fv: 390 → 388.51 | D: rd/sm values.fvLow: 331 → 330.91 | D: rd/sm values.fvHigh: 448 → 446.1 | D: rd/sm values.scenarios[0].tgt: 313 → 312.53 | D: rd/sm values.scenarios[1].tgt: 444 → 443.2 | D: rd/sm values.scenarios[2].tgt: 557 → 556.48 | D: rd/sm sm.mos: 0.8 → 0.4 | D: rd/sm sm.upside: 0.8 → 0.4",2,2,13,24,10,0,7,7,,0.42
BKNG,US,VALUE-DRIFT,"prose:catalysts[4] ""+42.2%"" → {{analyst.pct}} | prose stale copies ×2 (pe@analysis) | s1: ~−$10.80 → ~$-10.80 | s1: ~$239 → $238.78 (+52%) | s2: $236.00 → $235.74 | s3: $240.69 $236.00 → $240.71 $235.74 | s4: $236.00 $165.20 $188.80 $236.00 → $235.74 $165.02 $188.59 $235.74 | s4: $241.00 → $240.71 | s4: ($188.80) → ($188.59) | s4: ($165.20) → ($165.02) | s4: $236.00 → $235.74 | s5: $236.00 → $235.74 | s7: (+42.2%; → (+52%; | s8: $236.00 → $235.74 | s8: $236.00 ($231.00–$241.00) → $235.74 ($230.78–$240.71) | s8: ($165.20) → ($165.02) | rd/sm fv: 236 → 235.74 | rd/sm values.fvLow: 231 → 230.78 | rd/sm values.fvHigh: 241 → 240.71",2,2,0,14,3,2,1,3,mixed,0.12
BKR,US,VALUE-DRIFT,"s1: ~17.5% → 17.6% | s3: $46.92 → $46.93 | s4: $47.00 → $46.93 | s8: $42.00–$47.00) → $42.25–$46.93) | s8: ($42.00–$47.00) → ($42.25–$46.93) | rd/sm values.fvLow: 42 → 42.25 | rd/sm values.fvHigh: 47 → 46.93",2,2,0,5,3,0,1,8,fv-rounding,0.6
BLA,TH,HUMAN,"scenarios.cases[0] .ret annotation ""/ ปี"" not carried — a per-year/number label would mislabel the v3 total return | scenarios.cases[1] .ret annotation ""/ ปี"" not carried — a per-year/number label would mislabel the v3 total return | scenarios.cases[2] .ret annotation ""/ ปี"" not carried — a per-year/number label would mislabel the v3 total return | D: scn.bull.tgt ฿53.10 → 53.11 | D: s2: ฿24.40 → ฿24.36 | D: s2: ฿24.40 (+0.4%) → ฿24.36 (+0.2%) | D: s3: ฿24.40 → ฿24.36 | D: s3: ฿24.40 → ฿24.36 | D: s4: ฿24.40 ฿17.08 ฿19.52 ฿24.40 → ฿24.36 ฿17.05 ฿19.49 ฿24.36 | D: s4: ฿24.40 (+0.4%) → ฿24.36 (+0.2%) | D: s4: ฿19.52 → ฿19.49 | D: s4: ฿17.08 → ฿17.05 | D: s5: +0.4% → +0.2% | D: s6: −8.7% ปี → −24% | D: s6: +16.7% ปี → +59% | D: s6: ฿53.10 +29.8% ปี → ฿53.11 +119% | D: s8: ฿24.40 → ฿24.36 | D: s8: ฿24.40 → ฿24.36 | D: s8: +0.4% → +0.2% | D: s8: (+0.4%) → (+0.2%) | D: s8: ฿19.52 → ฿19.49 | D: rd/sm fv: 24.4 → 24.36 | D: rd/sm sm.mos: 0.4 → 0.2 | D: rd/sm sm.upside: 0.4 → 0.2",2,2,0,17,4,0,4,8,,0.2
BLK,US,VALUE-DRIFT,"scn.bear.tgt 823 → 823.2 | scn.base.tgt 1158 → 1158.06 | scn.bull.tgt 1590 → 1590.46 | prose stale copies ×1 (pe@analysis) | s1: ~25.6x → 25.7x | s2: $928.00 → $927.81 | s3: $986 $928.00 → $985.56 $927.81 | s4: $928.00 $649.60 $742.40 $928.00 $1;323 → $927.81 $649.47 $742.25 $927.81 $985.56 $1;323.00 | s4: $928.00 → $927.81 | s4: ($742.40) → ($742.25) | s6: $823.00 → $823.20 | s6: $1;158.00 → $1;158.06 | s6: $1;590.00 → $1;590.46 | s8: $928.00 → $927.81 | s8: $928.00 ($870.00–$986.00) → $927.81 ($870.06–$985.56) | s8: $928.00 → $927.81 | s8: ($742.40) → ($742.25) | rd/sm fv: 928 → 927.81 | rd/sm values.fvLow: 870 → 870.06 | rd/sm values.fvHigh: 986 → 985.56 | rd/sm values.scenarios[0].tgt: 823 → 823.2 | rd/sm values.scenarios[1].tgt: 1158 → 1158.06 | rd/sm values.scenarios[2].tgt: 1590 → 1590.46",2,2,0,13,7,1,2,6,mixed,0.04
BMI,US,VALUE-DRIFT,"s2: $191.00 → $190.72 | s2: $191.00 → $190.72 | s3: $190 $191.00 → $189.72 $190.72 | s3: ~$191.00 → ~$190.72 | s4: $191.00 $133.70 $152.80 $191.00 $192.00 $204 → $190.72 $133.50 $152.58 $157.00 $190.72 $191.72 | s4: ($133.70) → ($133.50) | s4: ($152.80) → ($152.58) | s4: $191.00 → $190.72 | s6: $226 +78% → $225.92 +77% | s6: $285 +123% → $284.68 +122% | s8: $191.00 → $190.72 | s8: $191.00 ($190.00–$192.00) → $190.72 ($189.72–$191.72) | s8: ($152.80) → ($152.58) | s8: ($133.70) → ($133.50) | rd/sm fv: 191 → 190.72 | rd/sm values.fvLow: 190 → 189.72 | rd/sm values.fvHigh: 192 → 191.72 | rd/sm sm.upside: 46.2 → 46",2,2,0,14,6,0,0,7,fv-rounding,0.2
BMO,US,HUMAN,"TEXT LOST ×1: median | D: prose stale copies ×3 (pe@analysis) | D: s1: ~19.9x → 19.5x | D: s1: ~$170.52 → $170.52 (−0.3%) | D: s2: $138.50 → $138.48 | D: s3: $138.50 → $138.48 | D: s3: $138.50 → $138.48 | D: s3: $138.50 → $138.48 | D: s4: $138.50 $96.95 $110.80 $138.50 → $138.48 $96.94 $110.78 $138.48 | D: s5: $138.50 → $138.48 | D: s5: $138.50 → $138.48 | D: s8: $138.50 → $138.48 | D: s8: $138.50 → $138.48 | D: s8: $138.50 → $138.48 | D: s8: $110.80) → $110.78) | D: rd/sm fv: 138.5 → 138.48",2,2,1,13,3,3,2,6,,0.01
BMY,US,VALUE-DRIFT,"scn.base.tgt 68.36 → 68.37 | scn.bull.tgt 102.1 → 102.14 | prose:prose.gauge ""+5.8%"" → {{analyst.pct}} | prose stale copies ×1 (px@analysis) | s2: $62.00 → $62.28 | s2: $62.00 → $62.28 | s3: $62.00 → $62.28 | s3: $62.00 → $62.28 | s3: ($43.00–$82.00) → ($42.84–$81.72) | s4: $62.00 $43.40 $49.60 $62.00 → $62.28 $43.60 $49.82 $62.28 | s4: $82.00 → $81.72 | s4: $62.00 → $62.28 | s4: +0.8%) → +1.3%) | s4: $49.60 → $49.82 | s4: $43.40 → $43.60 | s4: (+5.8%) → (+8%) | s5: +0.8% → +1.3% | s5: $49.60 → $49.82 | s6: $68.36 → $68.37 | s6: $102.10 → $102.14 | s6: ($49.60) → ($49.82) | s8: $62.00 → $62.28 | s8: $43.00–$82.00) → $42.84–$81.72) | s8: $49.60 $62.00 ($43.00–$82.00) → $49.82 $62.28 ($42.84–$81.72) | s8: +0.8% → +1.3% | s8: ($49.60) → ($49.82) | rd/sm fv: 62 → 62.28 | rd/sm values.fvLow: 43 → 42.84 | rd/sm values.fvHigh: 82 → 81.72 | rd/sm values.scenarios[1].tgt: 68.36 → 68.37 | rd/sm values.scenarios[2].tgt: 102.1 → 102.14 | rd/sm sm.mos: 0.8 → 1.3 | rd/sm sm.upside: 0.8 → 1.3",2,2,0,22,8,1,2,12,mixed,0.5
BN,US,HUMAN,"leg 2 declared nav has no extras table (E52) | TEXT LOST ×9: BN Alternative Asset Management Insurance NYSE Distributable Earnings | D: scn.bear.tgt 34.8 → 34.77 | D: scn.base.tgt 64 → 63.99 | D: scn.bull.tgt 80.74 → 80.63 | D: prose stale copies ×1 (px@analysis) | D: s1: ~69.5x → 67.8x | D: s1: 2.08x → 2.03x | D: s6: $34.80 → $34.77 | D: s6: $64.00 → $63.99 | D: s6: $80.74 → $80.63 | D: s6: $3.67 → $3.66 | D: rd/sm values.scenarios[0].tgt: 34.8 → 34.77 | D: rd/sm values.scenarios[1].tgt: 64 → 63.99 | D: rd/sm values.scenarios[2].tgt: 80.74 → 80.63 | D: rd/sm sm.pe: 69.5 → 67.833333",2,2,9,6,6,1,1,8,,2.4
BNS,US,HUMAN,"TEXT LOST ×1: ค่ากลาง | D: scn.base.tgt 74.75 → 74.78 | D: scn.bull.tgt 104.58 → 104.54 | D: prose stale copies ×2 (pe@analysis) | D: s1: ~$114.5B → $112B | D: s1: ~17.2x → 16.9x | D: s1: ~1.80x → 1.77x | D: s2: $70.00 → $69.92 | D: s2: $70.00 → $69.92 | D: s3: $83.62 → $83.54 | D: s3: $56.37 $70.00 → $56.31 $69.92 | D: s3: $70.00 → $69.92 | D: s4: $70.00 $49.00 $56.00 $70.00 $83.62 → $69.92 $48.94 $55.94 $69.92 $83.54 | D: s4: ($83.62) → ($83.54) | D: s4: ($56.00) → ($55.94) | D: s5: $70.00 → $69.92 | D: s6: $74.75 → $74.78 | D: s6: $104.58 → $104.54 | D: s8: $70.00 → $69.92 | D: s8: $70.00 ($56.37–$83.62) → $69.92 ($56.31–$83.54) | D: s8: $83.62 → $83.54 | D: s8: $56.00 → $55.94 | D: rd/sm fv: 70 → 69.92 | D: rd/sm values.fvLow: 56.37 → 56.31 | D: rd/sm values.fvHigh: 83.62 → 83.54 | D: rd/sm values.scenarios[1].tgt: 74.75 → 74.78 | D: rd/sm values.scenarios[2].tgt: 104.58 → 104.54",2,2,1,18,6,2,2,5,,0.11
BNY,US,VALUE-DRIFT,"scn.bear.tgt 103 → 103.01 | scn.base.tgt 137 → 136.51 | scn.bull.tgt 207 → 207.24 | header: $103.11 – $165.84 → · | s1: 4.22x → | s2: $120.00 → $120.21 | s2: ($120.00) → ($120.21) | s3: $135 $120.00 → $135.00 $120.21 | s3: $105.00–$135.00 → $105.41–$135.00 | s3: $120.00 → $120.21 | s3: $105.00–$135.00 → $105.41–$135.00 | s4: $120.00 $84.00 $96.00 $120.00 → $120.21 $84.15 $96.17 $120.21 | s4: $120.00 → $120.21 | s4: $96.00 → $96.17 | s4: $84.00 → $84.15 | s6: $103.00 → $103.01 | s6: $137.00 → $136.51 | s6: $207.00 → $207.24 | s8: $120.00 → $120.21 | s8: $120.00 ($105.00–$135.00) → $120.21 ($105.41–$135.00) | s8: $120.00 → $120.21 | s8: $84.00–$96.00 → $84.15–$96.17 | rd/sm fv: 120 → 120.21 | rd/sm values.fvLow: 105 → 105.41 | rd/sm values.scenarios[0].tgt: 103 → 103.01 | rd/sm values.scenarios[1].tgt: 137 → 136.51 | rd/sm values.scenarios[2].tgt: 207 → 207.24 | rd/sm sm.mos: -25.2 → -24.9",2,2,0,19,6,0,2,6,multi-rounding,0.39
BOL,TH,VALUE-DRIFT,"scn.bear.tgt 3.72 → 3.71 | prose stale copies ×2 (px@analysis;pe@analysis) | s1: ~13.7x → 13.5x | s1: ~3.80x → 3.76x | s6: ฿3.72 → ฿3.71 | rd/sm values.scenarios[0].tgt: 3.72 → 3.71",3,3,0,3,2,2,2,6,mixed,0.27
BR,US,VALUE-DRIFT,"scn.bear.tgt 162 → 161.98 | scn.base.tgt 224 → 223.78 | scn.bull.tgt 283 → 283.23 | s2: $178.00 → $177.35 | s2: $178.00 → $177.35 | s3: $154 $178.00 → $154.05 $177.35 | s4: $178.00 $124.60 $142.40 $178.00 $201.00 $213 → $177.35 $124.14 $141.88 $177.35 $200.64 $213.00 | s4: $142.40 → $141.88 | s4: $178.00 → $177.35 | s4: (+9%) → (+8%) | s5: +9% → +8% | s6: $162.00 → $161.98 | s6: $224.00 → $223.78 | s6: $283.00 → $283.23 | s8: $178.00 → $177.35 | s8: (+9%) → (+8%) | s8: $178.00 ($154.00–$201.00) → $177.35 ($154.05–$200.64) | s8: +9% → +8% | s8: ($142.40) → ($141.88) | rd/sm fv: 178 → 177.35 | rd/sm values.fvLow: 154 → 154.05 | rd/sm values.fvHigh: 201 → 200.64 | rd/sm values.scenarios[0].tgt: 162 → 161.98 | rd/sm values.scenarios[1].tgt: 224 → 223.78 | rd/sm values.scenarios[2].tgt: 283 → 283.23 | rd/sm sm.mos: 8.6 → 8.3 | rd/sm sm.upside: 9.4 → 9",2,2,0,16,10,0,1,8,multi-rounding,0.4
BRK-B,US,HUMAN,"leg 2 declared sotp has no extras table (E52) | custom cards 7 > 4 — dropped ""Total Shareholders' Equity""; ""Operating Earnings (TTM)""; ""Market Cap"" | TEXT LOST ×25: BRK Berkshire Hathaway Inc NYSE Total Shareholders Equity | D: scn.bear.tgt 467.4 → 467.47 | D: scn.base.tgt 602.6 → 602.68 | D: scn.bull.tgt 760.5 → 760.59 | D: prose stale copies ×2 (pe@analysis) | D: s1: ~1.50x → 1.49x | D: s1: ~23.7x → 23.6x | D: s6: $467.40 → $467.47 | D: s6: $602.60 → $602.68 | D: s6: $760.50 → $760.59 | D: s1: Total Shareholders' Equity ~$729.5B +1.4% QoQ (ณ 31 มี.ค. 2569) Operating Earnings (TTM) ~$46.1B Q1 FY26 $11.3B (+17.7% YoY) นำโดยประกันภัย BNSF BHE Market Cap ~$1.10T Class A-equiv shares ~1.438M → 0.00% ไม่จ่าย | D: rd/sm values.scenarios[0].tgt: 467.4 → 467.47 | D: rd/sm values.scenarios[1].tgt: 602.6 → 602.68 | D: rd/sm values.scenarios[2].tgt: 760.5 → 760.59",3,3,25,6,5,2,7,12,,0.01
BRO,US,HUMAN,"TEXT LOST ×2: ใกล้ต่ำสุดในอดีต มัธยฐาน | D: scn.bear.tgt 62 → 62.55 | D: scn.base.tgt 93 → 93.12 | D: scn.bull.tgt 128 → 128.16 | D: prose stale copies ×1 (pe@analysis) | D: s2: $91.50 → $91.60 | D: s2: $91.50 → $91.60 | D: s3: $99 $91.50 → $99.52 $91.60 | D: s4: $91.50 $64.05 $73.20 $91.50 $99.00 → $91.60 $64.12 $73.28 $76.69 $91.60 $99.52 | D: s4: $91.50 → $91.60 | D: s4: ($73.20) → ($73.28) | D: s4: ($64.05) → ($64.12) | D: s6: $62.00 +3% → $62.55 +4% | D: s6: $93.00 → $93.12 | D: s6: $128.00 → $128.16 | D: s8: $91.50 → $91.60 | D: s8: $91.50 ($84.00–$99.00) → $91.60 ($84.27–$99.52) | D: s8: ($73.20) → ($73.28) | D: s8: $91.50 → $91.60 | D: s8: ($64.05) → ($64.12) | D: s6: 22x (ใกล้ต่ำสุดในอดีต 21.8x) → 22.0x | D: rd/sm fv: 91.5 → 91.6 | D: rd/sm values.fvLow: 84 → 84.27 | D: rd/sm values.fvHigh: 99 → 99.52 | D: rd/sm values.scenarios[0].tgt: 62 → 62.55 | D: rd/sm values.scenarios[1].tgt: 93 → 93.12 | D: rd/sm values.scenarios[2].tgt: 128 → 128.16",3,3,2,16,6,1,0,3,,0.89
BSX,US,HUMAN,"TEXT LOST ×2: BSX สมมติฐาน | D: scn.bear.tgt 69.3 → 69.38 | D: scn.base.tgt 94.6 → 94.58 | D: scn.bull.tgt 111.6 → 111.69 | D: s2: $85.00 → $85.02 | D: s3: $64.83 → $64.82 | D: s3: $85.00 → $85.02 | D: s4: $85.00 $59.50 $62 $68.00 $85.00 → $85.02 $59.51 $62.00 $68.02 $85.02 | D: s4: ($59.50) → ($59.51) | D: s4: $85.00 → $85.02 | D: s5: $85.00 → $85.02 | D: s6: $69.30 → $69.38 | D: s6: $94.60 → $94.58 | D: s6: $111.60 → $111.69 | D: s8: $85.00 → $85.02 | D: s8: $85.00 ($64.83–$105.22) → $85.02 ($64.82–$105.22) | D: s8: ($59.50) → ($59.51) | D: rd/sm fv: 85 → 85.02 | D: rd/sm values.fvLow: 64.83 → 64.82 | D: rd/sm values.scenarios[0].tgt: 69.3 → 69.38 | D: rd/sm values.scenarios[1].tgt: 94.6 → 94.58 | D: rd/sm values.scenarios[2].tgt: 111.6 → 111.69",2,2,2,13,7,0,2,8,,0.12
BTG,TH,VALUE-DRIFT,"s2: ฿19.92 → ฿19.88 | s3: ฿15.12 → ฿15.05 | s3: ฿19.92 → ฿19.88 | s4: ฿19.92 ฿13.94 ฿15.94 ฿19.92 → ฿19.88 ฿13.92 ฿15.90 ฿19.88 | s4: (฿19.92) → (฿19.88) | s5: −2% → −3% | s5: ฿13.94–฿15.94 → ฿13.92–฿15.90 | s8: ~฿19.92 → ~฿19.88 | s8: −2%) → −3%) | s8: ฿13.94–฿15.94 → ฿13.92–฿15.90 | s8: ฿19.92 (฿15.12–฿24.71) → ฿19.88 (฿15.05–฿24.71) | s8: −2% → −3% | s8: ฿13.94–฿15.94 → ฿13.92–฿15.90 | rd/sm fv: 19.92 → 19.88 | rd/sm values.fvLow: 15.12 → 15.05 | rd/sm sm.mos: -2.4 → -2.6",2,2,0,13,5,0,2,8,fv-rounding,0.46
BTS,TH,HUMAN,"scenarios.cases[0] .ret annotation ""/ −6.4%ต่อปี"" not carried — a per-year/number label would mislabel the v3 total return | scenarios.cases[1] .ret annotation ""/ +17.0%ต่อปี"" not carried — a per-year/number label would mislabel the v3 total return | scenarios.cases[2] .ret annotation ""/ +32.6%ต่อปี"" not carried — a per-year/number label would mislabel the v3 total return | TEXT LOST ×3: 64ต่อปี 170ต่อปี 326ต่อปี | D: scn.bear.tgt ฿1.50 → 0.03 | D: scn.base.tgt ฿2.90 → 0.14 | D: scn.bull.tgt ฿4.20 → 0.24 | D: prose stale copies ×1 (px@analysis) | D: s6: ฿1.50 −18% −6.4%ต่อปี → ฿0.03 −91% | D: s6: ฿2.90 +60% +17.0%ต่อปี → ฿0.14 −78% | D: s6: ฿4.20 +133% +32.6%ต่อปี ฿0.25 1.0x → ฿0.24 −66% ฿0.24 1.00x",2,2,3,3,1,1,2,10,,0
BWXT,US,VALUE-DRIFT,"scn.base.tgt 139.92 → 139.91 | s1: ~38.2x → 35.9x | s2: $101.30 → $101.12 | s3: $103.00 $101.30 → $102.65 $101.12 | s4: $101.30 $70.91 $81.04 $101.30 $103.00 → $101.12 $70.78 $80.90 $101.12 $102.65 | s4: ($101.30) → ($101.12) | s6: $139.92 → $139.91 | s8: ($101.30) → ($101.12) | s8: $101.30 ($99.59–$103.00) → $101.12 ($99.59–$102.65) | s8: ($81.04) → ($80.90) | rd/sm fv: 101.3 → 101.12 | rd/sm values.fvHigh: 103 → 102.65 | rd/sm values.scenarios[1].tgt: 139.92 → 139.91 | rd/sm sm.pe: 38.22 → 35.927461 | rd/sm sm.mos: -36.9 → -37.1",2,2,0,9,7,0,1,6,mixed,6
BX,US,HUMAN,"custom cards 5 > 4 — dropped ""Credit & Insurance AUM"" | price-bound custom card ""GAAP P/E (TTM)"" | TEXT LOST ×6: Credit Insurance AUM YoY segment โตเร็วสุด | D: scn.bull.tgt 220.4 → 220.33 | D: s2: $156.00 → $155.64 | D: s2: $156.00 → $155.64 | D: s3: $156.00 → $155.64 | D: s3: $156.00 → $155.64 | D: s4: $156.00 $109.20 $124.80 → $155.64 $108.95 $124.51 | D: s4: $156.00 $187.00 → $155.64 $186.85 | D: s4: $156.00 → $155.64 | D: s4: ($124.80) → ($124.51) | D: s6: $220.40 → $220.33 | D: s6: $7.35 → $7.34 | D: s8: $156.00 ($124.00–$187.00) → $155.64 ($124.43–$186.85) | D: s8: $124.80 → $124.51 | D: rd/sm fv: 156 → 155.64 | D: rd/sm values.fvLow: 124 → 124.43 | D: rd/sm values.fvHigh: 187 → 186.85 | D: rd/sm values.scenarios[2].tgt: 220.4 → 220.33 | D: rd/sm sm.mos: 24.9 → 24.7 | D: rd/sm sm.upside: 33.1 → 32.8",2,2,6,12,6,0,5,7,,0.35
BXP,US,HUMAN,"custom cards 9 > 4 — dropped ""FY2026F FFO Guidance""; ""Same-Store NOI (FY26F guide)""; ""Payout (FFO basis)""; ""Net Debt/EBITDAre (Q1'26)""; ""ROE (GAAP) / P/BV"" | TEXT LOST ×44: FY2026F FFO Guidance กลาง YoY ปรับกลางขึ้น หลัง SameStore | D: scn.bear.tgt 49.55 → 49.56 | D: scn.bull.tgt 86.86 → 86.87 | D: s6: $49.55 → $49.56 | D: s6: $86.86 → $86.87 | D: s1: Same-Store NOI (FY26F guide) +1.4%–2.4% ไกด์แดนซ์รอบ Q1'26 (รอบ Q2 ไม่ได้ตรวจซ้ำ) ~4.50% → 4.50% | D: rd/sm values.scenarios[0].tgt: 49.55 → 49.56 | D: rd/sm values.scenarios[2].tgt: 86.86 → 86.87",2,2,44,3,4,0,9,9,,0.02
C,US,VALUE-DRIFT,"scn.bear.tgt 66.9 → 66.92 | scn.base.tgt 148.9 → 148.89 | scn.bull.tgt 200.5 → 200.51 | prose stale copies ×3 (pe@analysis) | s2: $91.00 → $90.84 | s3: $91.00 → $90.84 | s3: $91.00 → $90.84 | s3: $84.00 → $84.17 | s3: $118.00 → $97.52 | s4: $91.00 $63.70 $72.80 $91.00 $118.00 $154.9 → $90.84 $63.59 $72.67 $90.84 $97.52 $154.90 | s4: $91.00 → $90.84 | s4: $118.00 → $97.52 | s6: $66.90 → $66.92 | s6: $148.90 → $148.89 | s6: $200.50 → $200.51 | s7: $91.00 → $90.84 | s8: $91.00 → $90.84 | s8: $91.00 ($84.00–$118.00) → $90.84 ($84.17–$97.52) | s8: ($118.00) → ($97.52) | s4: $91.00 ( → $90.84 (< FV) · โซน MOS 20% ที่ $72.67 · MOS 30% ที่ $63.59 ซึ่งจะเกิดได้ก็ต่อเมื่อราคาปรับฐานลึกมาก | rd/sm fv: 91 → 90.84 | rd/sm values.fvLow: 84 → 84.17 | rd/sm values.fvHigh: 118 → 97.52 | rd/sm values.scenarios[0].tgt: 66.9 → 66.92 | rd/sm values.scenarios[1].tgt: 148.9 → 148.89 | rd/sm values.scenarios[2].tgt: 200.5 → 200.51 | rd/sm sm.mos: -45.2 → -45.4",2,2,0,16,7,3,1,4,mixed,17.36
CACI,US,VALUE-DRIFT,"scn.bear.tgt 462.06 → 462 | scn.base.tgt 608.8 → 608.69 | scn.bull.tgt 759.92 → 759.97 | s1: ~3.32x → 3.27x | s6: $462.06 → $462.00 | s6: $608.80 → $608.69 | s6: $30.44 → $30.43 | s6: $759.92 → $759.97 | rd/sm values.scenarios[0].tgt: 462.06 → 462 | rd/sm values.scenarios[1].tgt: 608.8 → 608.69 | rd/sm values.scenarios[2].tgt: 759.92 → 759.97",2,2,0,5,5,0,0,4,scn-tgt,0.02
CAH,US,VALUE-DRIFT,"prose stale copies ×1 (pe@analysis) | s2: $190.96 → $190.94 | s3: $179.47 $190.96 → $179.45 $190.94 | s3: $179.47 → $179.45 | s3: $190.96 → $190.94 | s4: $190.96 $133.67 $152.77 $190.96 → $190.94 $133.66 $152.75 $190.94 | s4: ($190.96) → ($190.94) | s5: $190.96) → $190.94) | s6: $10.99 → $11.00 | s8: $190.96 → $190.94 | s8: $190.96 ($179.47–$202.44) → $190.94 ($179.45–$202.44) | s8: $190.96 → $190.94 | s8: $152.77; → $152.75; | s8: $133.67) → $133.66) | rd/sm fv: 190.96 → 190.94 | rd/sm values.fvLow: 179.47 → 179.45",2,2,0,13,4,1,3,7,mixed,0.01
CAMT,US,VALUE-DRIFT,"scn.bear.tgt 75 → 75.24 | scn.base.tgt 161 → 160.59 | scn.bull.tgt 277 → 277.1 | s1: ~$6.8B → $6.68B | s2: $83.00 → $83.05 | s3: $67 $83.00 → $67.99 $83.05 | s4: $83.00 $58.10 $66.40 $83.00 → $83.05 $58.13 $66.44 $83.05 $98.10 | s4: ($83.00) → ($83.05) | s5: $83.00 → $83.05 | s6: $75.00 → $75.24 | s6: $161.00 → $160.59 | s6: $277.00 → $277.10 | s8: $83.00 ($67.00–$98.00) → $83.05 ($67.99–$98.10) | s8: $66.40 → $66.44 | s8: $58.10 → $58.13 | rd/sm fv: 83 → 83.05 | rd/sm values.fvLow: 67 → 67.99 | rd/sm values.fvHigh: 98 → 98.1 | rd/sm values.scenarios[0].tgt: 75 → 75.24 | rd/sm values.scenarios[1].tgt: 161 → 160.59 | rd/sm values.scenarios[2].tgt: 277 → 277.1",2,2,0,12,8,0,3,7,mixed,1.48
CARR,US,VALUE-DRIFT,"scn.bear.tgt 57 → 56.65 | scn.base.tgt 80 → 79.82 | scn.bull.tgt 105 → 105.2 | s1: ~38.1x → 19.1x | s2: $65.00 → $65.17 | s3: $55.69 $65.00 → $55.75 $65.17 | s3: $65.00 → $65.17 | s4: $65.00 $45.50 $52.00 $65.00 $75.00 → $65.17 $45.62 $52.14 $65.17 $74.59 | s4: $65.00 → $65.17 | s4: $52.00 → $52.14 | s4: $45.50 → $45.62 | s6: $57.00 → $56.65 | s6: $80.00 → $79.82 | s6: $105.00 → $105.20 | s8: $65.00 → $65.17 | s8: $65.00 ($56–$75) → $65.17 ($55.75–$74.59) | s8: $52.00 → $52.14 | rd/sm fv: 65 → 65.17 | rd/sm values.fvLow: 56 → 55.75 | rd/sm values.fvHigh: 75 → 74.59 | rd/sm values.scenarios[0].tgt: 57 → 56.65 | rd/sm values.scenarios[1].tgt: 80 → 79.82 | rd/sm values.scenarios[2].tgt: 105 → 105.2 | rd/sm sm.mos: 15.6 → 15.8 | rd/sm sm.upside: 18.5 → 18.8",2,2,0,14,9,0,1,3,multi-rounding,0.61
CART,US,HUMAN,"custom cards 6 > 4 — dropped ""Ads Revenue YoY""; ""Analyst Rating"" | TEXT LOST ×13: Ads Revenue YoY fastest growth since Offplatform expand | D: scn.bear.tgt 46 → 46.35 | D: scn.base.tgt 69 → 69.2 | D: scn.bull.tgt 100 → 99.53 | D: prose stale copies ×1 (pe@analysis) | D: s2: $53.00 → $53.10 | D: s3: $55 $53.00 → $55.23 $53.10 | D: s3: $53.00 → $53.10 | D: s3: +18% → +19% | D: s4: $53.00 $37.10 $42.40 $53.00 $55.00 → $53.10 $37.17 $42.48 $53.10 $55.23 | D: s4: $53.00 → $53.10 | D: s4: +18%) → +19%) | D: s4: $42.40 → $42.48 | D: s4: $37.10 → $37.17 | D: s5: +18% → +19% | D: s6: $46.00 +6% $2.06 → $46.35 +7% $2.11 | D: s6: $69.00 → $69.20 | D: s6: $100.00 +131% → $99.53 +130% | D: s8: $53.00 → $53.10 | D: s8: +18%) → +19%) | D: s8: $53.00 ($51.00–$55.00) → $53.10 ($50.96–$55.23) | D: s8: +18% → +19% | D: s8: +18%) → +19%) | D: s8: $42.40 → $42.48 | D: s8: $37.10 → $37.17 | D: rd/sm fv: 53 → 53.1 | D: rd/sm values.fvLow: 51 → 50.96 | D: rd/sm values.fvHigh: 55 → 55.23 | D: rd/sm values.scenarios[0].tgt: 46 → 46.35 | D: rd/sm values.scenarios[1].tgt: 69 → 69.2 | D: rd/sm values.scenarios[2].tgt: 100 → 99.53 | D: rd/sm sm.upside: 22.5 → 22.7",2,2,13,20,8,1,6,9,,0.76
CASY,US,VALUE-DRIFT,"scn.bear.tgt 432 → 432.37 | scn.base.tgt 608 → 607.6 | scn.bull.tgt 947 → 946.74 | prose stale copies ×4 (px@analysis;pe@analysis) | s2: $468.00 → $468.56 | s3: $487 $468.00 → $486.85 $468.56 | s3: $468.00 → $468.56 | s4: $468.00 $327.60 $374.40 $468.00 $487.00 $808 → $468.56 $327.99 $374.85 $468.56 $486.85 $808.00 | s4: $450.00–$487.00 → $450.28–$486.85 | s4: $374.40 → $374.85 | s6: $432.00 → $432.37 | s6: $608.00 → $607.60 | s6: $947.00 → $946.74 | s8: $468.00 → $468.56 | s8: $374.40 → $374.85 | s8: $468.00 ($450.00–$487.00) → $468.56 ($450.28–$486.85) | s8: $374.40 → $374.85 | rd/sm fv: 468 → 468.56 | rd/sm values.fvLow: 450 → 450.28 | rd/sm values.fvHigh: 487 → 486.85 | rd/sm values.scenarios[0].tgt: 432 → 432.37 | rd/sm values.scenarios[1].tgt: 608 → 607.6 | rd/sm values.scenarios[2].tgt: 947 → 946.74 | rd/sm sm.mos: -28 → -27.8",2,2,0,13,9,4,1,5,mixed,0.2
CAT,US,HUMAN,"TEXT LOST ×1: ฉากปกติ | D: scn.bear.tgt 369 → 369.46 | D: scn.base.tgt 474 → 473.65 | D: scn.bull.tgt 1059 → 1058.99 | D: s1: 34.9x → 29.6x | D: s2: $317.00 → $316.35 | D: s3: $275 $317.00 → $275.00 $316.35 | D: s3: $317.00 → $316.35 | D: s4: $317.00 $221.90 $253.60 $317.00 $358.00 $976 → $316.35 $221.45 $253.08 $316.35 $357.70 $976.00 | D: s4: $317.00 → $316.35 | D: s4: $221.90–$253.60 → $221.45–$253.08 | D: s5: −154% → −155% | D: s6: $369.00 → $369.46 | D: s6: $474.00 → $473.65 | D: s6: $1;059.00 → $1;058.99 | D: s8: $317.00 ($275.00–$358.00) → $316.35 ($275.00–$357.70) | D: s8: −154% → −155% | D: s8: $317.00 → $316.35 | D: s8: $221.90–$253.60 → $221.45–$253.08 | D: rd/sm fv: 317 → 316.35 | D: rd/sm values.fvHigh: 358 → 357.7 | D: rd/sm values.scenarios[0].tgt: 369 → 369.46 | D: rd/sm values.scenarios[1].tgt: 474 → 473.65 | D: rd/sm values.scenarios[2].tgt: 1059 → 1058.99 | D: rd/sm sm.mos: -154 → -154.5",2,2,1,15,7,0,2,9,,0.5
CB,US,HUMAN,"scenarios.cases[1] .ret annotation ""(3 ปี) / ~6%/ปี"" not carried — a per-year/number label would mislabel the v3 total return | scenarios.cases[2] .ret annotation ""(3 ปี) / ~19%/ปี"" not carried — a per-year/number label would mislabel the v3 total return | custom cards 7 > 4 — dropped ""ROE / Core ROTE""; ""Combined Ratio (P&C)""; ""Net Premiums Written"" | TEXT LOST ×23: ROE Core ROTE Core ROTE Return on Tangible | D: scn.bear.tgt $309 → 296.4 | D: scn.base.tgt $397 → 383.21 | D: scn.bull.tgt $564 → 549.35 | D: prose stale copies ×2 (px@analysis) | D: s2: $350.00 → $350.26 | D: s3: $322 $350.00 → $322.00 $350.26 | D: s3: $350.00 → $350.26 | D: s4: $350.00 $245.00 $280.00 $350.00 $366 $377.00 → $350.26 $245.18 $280.21 $350.26 $366.00 $377.06 | D: s4: $350.00 → $350.26 | D: s4: $280.00 → $280.21 | D: s4: $245.00 → $245.18 | D: s6: $309 → $296.40 | D: s6: $397 +19% (3 ปี) 6% ปี $34.21 → $383.21 +18% $34.22 | D: s6: $564 → $549.35 | D: s6: (3 ปี) 19% ปี → | D: s7: $350.00 → $350.26 | D: s7: $280.00 → $280.21 | D: s8: $350.00 → $350.26 | D: s8: $280.00 → $280.21 | D: s8: $350.00 ($322.00–$377.00) → $350.26 ($322.00–$377.06) | D: s8: $245.00–$280.00 → $245.18–$280.21 | D: s1: ROE Core ROTE ~16.2% 20.5% Core ROTE = Return on Tangible Equity $62.0 B → $62.0B | D: s1: Combined Ratio (P&C) 85.7% FY2025 สถิติต่ำสุด · Q1'26 84.0% ~1.22% → 1.22% | D: rd/sm fv: 350 → 350.26 | D: rd/sm values.fvHigh: 377 → 377.06",3,3,23,19,3,2,7,15,,0.07
CBG,TH,VALUE-DRIFT,"scn.bear.tgt 31.8 → 31.77 | scn.base.tgt 50.3 → 50.26 | scn.bull.tgt 71.1 → 71.15 | s2: ฿42.40 → ฿42.42 | s3: ฿42.40 → ฿42.42 | s3: ฿42.40 → ฿42.42 | s4: ฿42.40 ฿29.68 ฿33.92 ฿42.40 ฿51.00 → ฿42.42 ฿29.69 ฿33.94 ฿42.42 ฿50.64 | s4: ฿42.40 → ฿42.42 | s4: ฿33.92) → ฿33.94) | s5: ฿33.92 → ฿33.94 | s6: ฿31.80 → ฿31.77 | s6: ฿50.30 → ฿50.26 | s6: ฿71.10 → ฿71.15 | s8: ฿42.40 → ฿42.42 | s8: ฿33.92 → ฿33.94 | s8: ฿42.40 (฿34.00–฿51.00) → ฿42.42 (฿34.13–฿50.64) | s8: ฿42.40 → ฿42.42 | s8: ฿33.92 → ฿33.94 | rd/sm fv: 42.4 → 42.42 | rd/sm values.fvLow: 34 → 34.13 | rd/sm values.fvHigh: 51 → 50.64 | rd/sm values.scenarios[0].tgt: 31.8 → 31.77 | rd/sm values.scenarios[1].tgt: 50.3 → 50.26 | rd/sm values.scenarios[2].tgt: 71.1 → 71.15",3,3,0,15,8,0,1,6,multi-rounding,0.71
CBOE,US,HUMAN,"TEXT LOST ×9: ปรับให้เรียบ โตปีละ เป็นเวลา ผลตอบแทน แสดงแยก ผลตอบแทน แสดงแยก ผลตอบแทน | D: prose:prose.gauge ""+15.7%"" → {{analyst.pct}} | D: prose stale copies ×1 (pe@analysis) | D: s1: 17.7 → $227.15 | D: s1: 28.9x → $371.18 | D: s2: $307.20 → $307.19 | D: s2: $307.20 → $307.19 | D: s3: $319.30 $307.20 → $319.29 $307.19 | D: s4: $307.20 $215.04 $245.76 $307.20 → $307.19 $215.03 $245.75 $307.19 | D: s4: $319.00 → $319.29 | D: s4: $307.20 → $307.19 | D: s4: $245.76 → $245.75 | D: s4: (+15.7%) → (+18%) | D: s5: $307.20 → $307.19 | D: s5: $245.76 → $245.75 | D: s8: $307.20 ($295.00–$319.00) → $307.19 ($295.09–$319.29) | D: s8: $245.76 → $245.75 | D: rd/sm fv: 307.2 → 307.19 | D: rd/sm values.fvLow: 295 → 295.09 | D: rd/sm values.fvHigh: 319 → 319.29",2,2,9,14,5,1,1,8,,0.09
CBRE,US,HUMAN,"TEXT LOST ×3: เป้าหมายจากมัธยฐานย้อนหลัง ปีของหุ้นเอง proxy | D: scn.bear.tgt 110.4 → 110.35 | D: scn.base.tgt 175.68 → 175.77 | D: scn.bull.tgt 222.8 → 222.9 | D: s1: ~31.2x → 19.1x | D: s6: $110.40 → $110.35 | D: s6: $175.68 → $175.77 | D: s6: $222.80 → $222.90 | D: rd/sm values.scenarios[0].tgt: 110.4 → 110.35 | D: rd/sm values.scenarios[1].tgt: 175.68 → 175.77 | D: rd/sm values.scenarios[2].tgt: 222.8 → 222.9 | D: rd/sm sm.pe: 31.2 → 19.121849",2,2,3,4,6,0,1,7,,38.71
CBRS,US,HUMAN,"TEXT LOST ×17: ราคาตั้งแต่ IPO EV Sales ทางออก เงินสดสุทธิปี หุ้น EV | D: scn.bear.tgt 79.81 → 94.3 | D: scn.base.tgt 237 → 245.59 | D: scn.bull.tgt 518.18 → 520.04 | D: s1: −$6.33 → ~$-6.33 | D: s2: $77.99 → $78.00 | D: s2: $77.99 → $78.00 | D: s3: $85.31 → $85.33 | D: s3: $77.99 → $78.00 | D: s3: $70.66–$85.31 → $70.66–$85.33 | D: s4: $77.99 $54.59 $62.39 $77.99 $85.31 → $78.00 $54.60 $62.40 $78.00 $85.33 | D: s4: ($85.31) → ($85.33) | D: s5: ($85.31) → ($85.33) | D: s6: $79.81 −61% (−27% → $94.30 −54% (−23% | D: s6: $237.00 +15% (+5% → $245.59 +19% (+6% | D: s6: $518.18 +151% → $520.04 +152% | D: s8: $77.99 ($70.66–$85.31) → $78.00 ($70.66–$85.33) | D: rd/sm fv: 77.99 → 78 | D: rd/sm values.fvHigh: 85.31 → 85.33 | D: rd/sm values.scenarios[0].tgt: 79.81 → 94.3 | D: rd/sm values.scenarios[1].tgt: 237 → 245.59 | D: rd/sm values.scenarios[2].tgt: 518.18 → 520.04",2,2,17,13,7,0,4,12,,18.16
CBSH,US,VALUE-DRIFT,"FV 62.5 → 62.13 (family weights) | s2: $62.50 → $62.13 | s2: $62.50 → $62.13 | s3: $65 $62.50 → $64.69 $62.13 | s3: $62.50 → $62.13 | s3: +11% → +10% | s4: $62.50 $43.75 $50.00 $62.50 $65.00 → $62.13 $43.49 $49.70 $62.13 $64.69 | s4: ($50.00) → ($49.70) | s4: ($62.50) → ($62.13) | s4: +12% → +11% | s4: $50.00 → $49.70 | s5: +11% → +10% | s5: $50.00 → $49.70 | s6: $46 −12% → $46.08 −11% | s8: $62.50 → $62.13 | s8: +11%) → +10%) | s8: $62.50 ($60.00–$65.00) → $62.13 ($59.57–$64.69) | s8: +11% → +10% | s8: $62.50 → $62.13 | s8: $50.00 → $49.70 | rd/sm fv: 62.5 → 62.13 | rd/sm values.fvLow: 60 → 59.57 | rd/sm values.fvHigh: 65 → 64.69 | rd/sm sm.mos: 10.8 → 10.3 | rd/sm sm.upside: 12.1 → 11.4 | rd/sm sm.fairValue: 62.5 → 62.13",2,2,0,19,6,0,2,8,mixed,0.72
CCEP,US,HUMAN,"custom cards 5 > 4 — dropped ""FCF (TTM)"" | TEXT LOST ×35: FCF TTM FCF yield สม่ำเสมอ พันล้านมา งบการเงินย้อนหลัง TTM | D: scn.bear.tgt 78.9 → 78.87 | D: scn.base.tgt 115 → 114.96 | D: scn.bull.tgt 148.7 → 148.75 | D: prose stale copies ×2 (px@analysis;pe@analysis) | D: s2: $100.40 → $100.42 | D: s2: $100.40 → $100.42 | D: s3: $100.40 → $100.42 | D: s3: $100.40 → $100.42 | D: s4: $100.40 $70.28 $80.32 $100.40 → $100.42 $70.29 $80.34 $100.42 | D: s4: $100.40 → $100.42 | D: s4: $80.32 → $80.34 | D: s5: $100.40 → $100.42 | D: s6: $78.90 → $78.87 | D: s6: $115.00 +23% → $114.96 +22% | D: s6: $148.70 → $148.75 | D: s7: ($100.40) → ($100.42) | D: s8: $100.40 → $100.42 | D: s8: $100.40 → $100.42 | D: s8: $100.40 → $100.42 | D: s8: $80.32 → $80.34 | D: rd/sm fv: 100.4 → 100.42 | D: rd/sm values.scenarios[0].tgt: 78.9 → 78.87 | D: rd/sm values.scenarios[1].tgt: 115 → 114.96 | D: rd/sm values.scenarios[2].tgt: 148.7 → 148.75",2,2,35,16,5,2,5,10,,0.04
CCET,TH,CLEAN,"analyst.target 9.28 from gauge ""เป้า Analyst"" (no values.analystTgt) | prose literals → tokens ×6 | rd/sm gauge.min: 1.5 → 0 | rd/sm gauge.max: 12 → 10",3,3,0,0,2,0,0,4,,0
CCI,US,HUMAN,"leg 3 declared sotp has no extras table (E52) | custom cards 7 > 4 — dropped ""Adj. EBITDA 2026F""; ""Dividend/sh (รายปี)""; ""จำนวน Tower"" | TEXT LOST ×20: Adj EBITDA margin tower business สูง Dividend sh | D: scn.bear.tgt 80.41 → 80.39 | D: scn.base.tgt 100.4 → 100.31 | D: scn.bull.tgt 116.82 → 116.9 | D: s2: $88.00 → $88.05 | D: s3: $88.00 → $88.05 | D: s4: $88.00 $61.60 $70.40 $88.00 → $88.05 $61.63 $70.44 $88.05 | D: s4: $88.00 → $88.05 | D: s4: $70.40 → $70.44 | D: s6: $80.41 → $80.39 | D: s6: $100.40 → $100.31 | D: s6: $116.82 → $116.90 | D: s8: $88.00 → $88.05 | D: s8: $88.00 → $88.05 | D: s8: $88.00 → $88.05 | D: s8: $70.40 → $70.44 | D: s8: $88.00 → $88.05 | D: s1: Adj. EBITDA 2026F $2.69B margin ~70% (tower business สูง) ~$17.0B → $17.0B | D: rd/sm fv: 88 → 88.05 | D: rd/sm values.scenarios[0].tgt: 80.41 → 80.39 | D: rd/sm values.scenarios[1].tgt: 100.4 → 100.31 | D: rd/sm values.scenarios[2].tgt: 116.82 → 116.9",3,3,20,14,6,0,7,10,,0.09
CCJ,US,HUMAN,"first header tag not ""<EXCH>: CCJ"" (""NYSE: CCJ / TSX: CCO"") | fv legs 1 < 2 (E17) | custom cards 5 > 4 — dropped ""กำไรสุทธิ TTM"" | TEXT LOST ×10: TSX CCO กำไรสุทธิ TTM C355M ต่ำกว่า FY2025 C590M | D: scn.base.tgt 138 → 138.4 | D: scn.bull.tgt 213 → 213.28 | D: s2: $104.00 → $104.40 | D: s3: $33 $104.00 → $33.00 $104.40 | D: s4: $104.00 $72.80 $83.20 $104.00 → $104.40 $73.08 $83.52 $104.40 $104.40 | D: s4: $135.24 → | D: s4: ($104.00) → ($104.40) | D: s4: (+15%) → (+16%) | D: s5: +15% → +16% | D: s5: $104.00 (+15%) → $104.40 (+16%) | D: s6: $138.00 → $138.40 | D: s6: $213.00 → $213.28 | D: s8: (+15%) → (+16%) | D: s8: $104.00 ($87.00–$122.00) → $104.40 ($104.40–$104.40) | D: s8: +15% → +16% | D: s8: $83.20) → $83.52) | D: rd/sm fv: 104 → 104.4 | D: rd/sm values.fvLow: 87 → 104.4 | D: rd/sm values.fvHigh: 122 → 104.4 | D: rd/sm values.scenarios[1].tgt: 138 → 138.4 | D: rd/sm values.scenarios[2].tgt: 213 → 213.28 | D: rd/sm sm.mos: 15.3 → 15.6 | D: rd/sm sm.upside: 18 → 18.5",2,1,10,14,9,0,5,15,,20
CDNS,US,VALUE-DRIFT,"scn.bear.tgt 210 → 209.68 | scn.base.tgt 327 → 326.6 | scn.bull.tgt 455 → 454.54 | s2: $314.00 → $313.38 | s3: $327 $314.00 → $324.45 $313.38 | s4: $314.00 $219.80 $251.20 $314.00 → $313.38 $219.37 $250.70 $313.38 $324.45 | s4: $314.00 → $313.38 | s5: $314.00 → $313.38 | s5: $251.20) → $250.70) | s6: $210.00 → $209.68 | s6: $327.00 +1.6% → $326.60 +1.4% | s6: $455.00 → $454.54 | s6: $314.00 → $313.38 | s8: $314.00 ($302.00–$327.00) → $313.38 ($302.30–$324.45) | s8: ($302.00) → ($302.30) | s8: $251.20) → $250.70) | rd/sm fv: 314 → 313.38 | rd/sm values.fvLow: 302 → 302.3 | rd/sm values.fvHigh: 327 → 324.45 | rd/sm values.scenarios[0].tgt: 210 → 209.68 | rd/sm values.scenarios[1].tgt: 327 → 326.6 | rd/sm values.scenarios[2].tgt: 455 → 454.54 | rd/sm sm.mos: -2.5 → -2.8 | rd/sm sm.upside: -2.5 → -2.7",2,2,0,13,9,0,3,7,multi-rounding,0.78
CDW,US,VALUE-DRIFT,"prose stale copies ×3 (pe@analysis) | s1: ~17.55x → 16.7x | s2: $167.50 → $167.53 | s2: $167.50 → $167.53 | s3: $133.46 $167.50 → $133.47 $167.53 | s4: $167.50 $117.25 $134.00 → $167.53 $117.27 $134.02 | s4: $167.50 $202.00 → $167.53 $201.59 | s4: $167.50 → $167.53 | s4: $134.00 → $134.02 | s5: $134.00 → $134.02 | s8: $167.50 → $167.53 | s8: $134.00 → $134.02 | s8: $167.50 ($133.00–$202.00) → $167.53 ($133.47–$201.59) | s8: $134.00 → $134.02 | rd/sm fv: 167.5 → 167.53 | rd/sm values.fvLow: 133 → 133.47 | rd/sm values.fvHigh: 202 → 201.59 | rd/sm sm.pe: 17.55 → 16.741897",2,2,0,13,5,3,2,5,mixed,4.6
CEG,US,VALUE-DRIFT,"scn.bear.tgt 167 → 167.42 | scn.base.tgt 264 → 263.99 | scn.bull.tgt 337 → 336.7 | s2: $227.00 → $227.13 | s3: $256 $227.00 → $255.92 $227.13 | s3: $227.00 → $227.13 | s3: $227.00 → $227.13 | s4: $227.00 $158.90 $181.60 $227.00 → $227.13 $158.99 $181.70 $227.13 $255.92 | s4: $412.7 → | s5: $227.00 → $227.13 | s6: $167.00 → $167.42 | s6: $264.00 → $263.99 | s6: $337.00 → $336.70 | s8: ($227.00) → ($227.13) | s8: $227.00 ($198.00–$256.00) → $227.13 ($198.34–$255.92) | s8: $227.00 → $227.13 | s8: $181.60) → $181.70) | rd/sm fv: 227 → 227.13 | rd/sm values.fvLow: 198 → 198.34 | rd/sm values.fvHigh: 256 → 255.92 | rd/sm values.scenarios[0].tgt: 167 → 167.42 | rd/sm values.scenarios[1].tgt: 264 → 263.99 | rd/sm values.scenarios[2].tgt: 337 → 336.7",2,2,0,14,8,0,1,8,multi-rounding,0.25
CENTEL,TH,HUMAN,"TEXT LOST ×1: ปกติคาดการณ์ | D: scn.bear.tgt 24 → 24.4 | D: scn.base.tgt 41 → 40.81 | D: scn.bull.tgt 57 → 56.67 | D: prose stale copies ×2 (pe@analysis) | D: s1: ~17.0x → 17.3x | D: s2: ฿30.70 → ฿30.66 | D: s3: ฿30.70 → ฿30.66 | D: s3: ฿30.70 → ฿30.66 | D: s3: ฿28.90–฿32.40) → ฿28.91–฿32.40) | D: s3: (−43%) → (−44%) | D: s4: ฿30.70 ฿21.49 ฿24.56 ฿30.70 → ฿30.66 ฿21.46 ฿24.53 ฿30.66 | D: s4: ฿30.70 → ฿30.66 | D: s4: −43%) → −44%) | D: s4: ฿24.56 → ฿24.53 | D: s5: −43% → −44% | D: s5: ฿30.70 → ฿30.66 | D: s6: ฿24.00 −41% ฿1.53 → ฿24.40 −40% ฿1.52 | D: s6: ฿41.00 −2% → ฿40.81 −3% | D: s6: ฿57.00 +35% → ฿56.67 +34% | D: s7: ฿30.70 → ฿30.66 | D: s7: −43%) → −44%) | D: s8: ฿30.70 → ฿30.66 | D: s8: ฿30.70 (฿28.90–฿32.40) → ฿30.66 (฿28.91–฿32.40) | D: s8: −43% → −44% | D: s8: ฿30.70 → ฿30.66 | D: s8: ฿24.56 → ฿24.53 | D: rd/sm fv: 30.7 → 30.66 | D: rd/sm values.fvLow: 28.9 → 28.91 | D: rd/sm values.scenarios[0].tgt: 24 → 24.4 | D: rd/sm values.scenarios[1].tgt: 41 → 40.81 | D: rd/sm values.scenarios[2].tgt: 57 → 56.67 | D: rd/sm sm.mos: -43.3 → -43.5",2,2,1,22,7,2,1,5,,1.67
CF,US,HUMAN,"TEXT LOST ×5: CF Industries Holdings ผู้ผลิตปุ๋ยไนโตรเจนอันดับ ของโลก | D: FV 79 → 78.46 (family weights) | D: scn.bear.tgt 45 → 45.01 | D: scn.base.tgt 85 → 85.09 | D: scn.bull.tgt 137 → 136.88 | D: s2: $79.00 → $78.46 | D: s2: $79.00 → $78.46 | D: s2: (−50%) → (−51%) | D: s3: $83 $79.00 → $83.42 $78.46 | D: s3: $79.00 → $78.46 | D: s3: −50%) → −51%) | D: s4: $79.00 $55.30 $63.20 $79.00 $83.00 $125 → $78.46 $54.92 $62.77 $78.46 $83.42 $125.00 | D: s4: $79.00 → $78.46 | D: s4: −50%) → −51%) | D: s4: ($63.20) → ($62.77) | D: s4: ($55.30) → ($54.92) | D: s5: −50% → −51% | D: s6: $45.00 → $45.01 | D: s6: $85.00 → $85.09 | D: s6: $137.00 → $136.88 | D: s7: $79.00 → $78.46 | D: s7: −50%) → −51%) | D: s8: $79.00 → $78.46 | D: s8: −50%) → −51%) | D: s8: $63.20 → $62.77 | D: s8: $79.00 ($74.00–$83.00) → $78.46 ($73.50–$83.42) | D: s8: −50% → −51% | D: s8: $63.20 → $62.77 | D: rd/sm fv: 79 → 78.46 | D: rd/sm values.fvLow: 74 → 73.5 | D: rd/sm values.fvHigh: 83 → 83.42 | D: rd/sm values.scenarios[0].tgt: 45 → 45.01 | D: rd/sm values.scenarios[1].tgt: 85 → 85.09 | D: rd/sm values.scenarios[2].tgt: 137 → 136.88 | D: rd/sm sm.mos: -49.9 → -51 | D: rd/sm sm.upside: -33.3 → -33.8 | D: rd/sm sm.fairValue: 79 → 78.46",2,2,5,23,11,0,4,10,,1.1
CFG,US,HUMAN,"custom cards 5 > 4 — dropped ""Efficiency / NPL ratio"" | TEXT LOST ×7: Efficiency NPL ratio NCO ลดจาก YoY เครดิตดีขึ้นต่อเนื่อง | D: prose stale copies ×1 (pe@analysis) | D: s1: 1.71x → | D: s2: $50.50 → $50.49 | D: s2: $50.50 → $50.49 | D: s3: $50.50 → $50.49 | D: s3: $50.50) → $50.49) | D: s4: $50.50 $35.35 $40.40 $50.50 → $50.49 $35.34 $40.39 $50.49 | D: s4: $50.50 → $50.49 | D: s4: $50.50 → $50.49 | D: s4: $35.35–$40.40 → $35.34–$40.39 | D: s7: $50.50 → $50.49 | D: s8: $50.50 → $50.49 | D: s8: $50.50 → $50.49 | D: s8: $40.40 → $40.39 | D: s8: $50.50 → $50.49 | D: rd/sm fv: 50.5 → 50.49",2,2,7,14,3,1,5,10,,0.02
CG,US,HUMAN,"leg 2 declared sotp has no extras table (E52) | scenarios.exitMetric ""P/DE ออก"" not in [""pe"";""ps"";""pbv"";""pffo"";""pfcf"";""evsales""] | TEXT LOST ×2: DE DE | D: scn.bear.tgt 33.7 → 33.69 | D: scn.bull.tgt 77.28 → 77.29 | D: s1: ~41.3x → 40.6x | D: s6: $33.70 → $33.69 | D: s6: $77.28 → $77.29 | D: rd/sm values.scenarios[0].tgt: 33.7 → 33.69 | D: rd/sm values.scenarios[2].tgt: 77.28 → 77.29",2,2,2,3,3,0,4,6,,0.03
CGNX,US,VALUE-DRIFT,"scn.bear.tgt 38.3 → 38.32 | scn.base.tgt 64.3 → 64.26 | s1: ~59.2x → 55.5x | s1: ~6.9x → 6.50x | s6: $38.30 → $38.32 | s6: $64.30 → $64.26 | rd/sm values.scenarios[0].tgt: 38.3 → 38.32 | rd/sm values.scenarios[1].tgt: 64.3 → 64.26 | rd/sm sm.pe: 59.2 → 55.480769",2,2,0,4,5,0,0,5,mixed,6.28
CHAYO,TH,HUMAN,"scenarios.cases[0] .ret annotation ""/ −2.6%ต่อปี"" not carried — a per-year/number label would mislabel the v3 total return | scenarios.cases[1] .ret annotation ""/ +27.0%ต่อปี"" not carried — a per-year/number label would mislabel the v3 total return | scenarios.cases[2] .ret annotation ""/ +48.6%ต่อปี"" not carried — a per-year/number label would mislabel the v3 total return | custom cards 5 > 4 — dropped ""พอร์ตหนี้บริหาร"" | TEXT LOST ×9: พอร์ตหนี้บริหาร NPL ที่ดูแล รายได้ YoY ปรับปกติ 26ต่อปี 270ต่อปี | D: scn.bear.tgt ฿1.20 → 1.22 | D: scn.base.tgt ฿2.66 → 2.7 | D: scn.bull.tgt ฿4.15 → 4.21 | D: s6: ฿1.20 −7.7% −2.6%ต่อปี → ฿1.22 −8% | D: s6: ฿2.66 +104.6% +27.0%ต่อปี → ฿2.70 +103% | D: s6: ฿4.15 +228.5% +48.6%ต่อปี → ฿4.21 +217%",3,3,9,3,2,0,5,14,,0
CHD,US,VALUE-DRIFT,"scn.bear.tgt 99 → 95.3 | scn.base.tgt 128 → 124.51 | scn.bull.tgt 152 → 148.78 | s2: $110.00 → $109.99 | s2: $110.00 → $109.99 | s3: $117 $110.00 → $117.51 $109.99 | s3: $110.00 → $109.99 | s3: $99.00–$117.00 → $98.90–$117.51 | s4: $110.00 $77.00 $88.00 → $109.99 $76.99 $87.99 | s4: $110.00 $117.00 → $109.99 $117.51 | s4: $110.00 → $109.99 | s4: $88.00 → $87.99 | s4: ($77.00–$88.00) → ($76.99–$87.99) | s6: $99.00 +4% → $95.30 −0.0% | s6: $128.00 +34% → $124.51 +31% | s6: $152.00 +59% → $148.78 +56% | s8: $88.00) → $87.99) | s8: $110.00 ($99.00–$117.00) → $109.99 ($98.90–$117.51) | s8: $77.00–$88.00 → $76.99–$87.99 | s8: $77.00 → $76.99 | rd/sm fv: 110 → 109.99 | rd/sm values.fvLow: 99 → 98.9 | rd/sm values.fvHigh: 117 → 117.51 | rd/sm values.scenarios[0].tgt: 99 → 95.3 | rd/sm values.scenarios[1].tgt: 128 → 124.51 | rd/sm values.scenarios[2].tgt: 152 → 148.78",3,3,0,17,8,0,1,6,mixed,3.74
CHE,US,VALUE-DRIFT,"scn.bear.tgt 465 → 464.83 | scn.base.tgt 677 → 677.18 | scn.bull.tgt 862 → 861.84 | prose stale copies ×1 (pe@analysis) | s2: $522.00 → $522.78 | s2: $522.00 → $522.78 | s3: $467 $522.00 → $468.16 $522.78 | s4: $522.00 $365.40 $417.60 $522.00 → $522.78 $365.95 $418.22 $522.78 | s4: $577.00 → $577.39 | s4: $522.00 → $522.78 | s4: $417.60 → $418.22 | s4: $365.40 → $365.95 | s6: $465.00 → $464.83 | s6: $677.00 → $677.18 | s6: $862.00 +76% $28.72 → $861.84 +75% $28.73 | s8: $522.00 → $522.78 | s8: $522.00 ($467.00–$577.00) → $522.78 ($468.16–$577.39) | s8: $522.00 → $522.78 | s8: ($417.60) → ($418.22) | rd/sm fv: 522 → 522.78 | rd/sm values.fvLow: 467 → 468.16 | rd/sm values.fvHigh: 577 → 577.39 | rd/sm values.scenarios[0].tgt: 465 → 464.83 | rd/sm values.scenarios[1].tgt: 677 → 677.18 | rd/sm values.scenarios[2].tgt: 862 → 861.84 | rd/sm sm.mos: 5 → 5.2 | rd/sm sm.upside: 5.3 → 5.5",2,2,0,15,9,1,0,6,mixed,0.25
CHG,TH,VALUE-DRIFT,"s1: ~20.2x → · | s1: ~4.4% → 4.49% | s2: ฿1.58 → ฿1.57 | s2: ฿1.58 → ฿1.57 | s2: +1.3%) → +0.6%) | s3: ฿1.58 → ฿1.57 | s4: ฿1.58 ฿1.11 → ฿1.57 ฿1.10 | s4: ฿1.58 → ฿1.57 | s4: ฿1.58 → ฿1.57 | s4: +1.3% → +0.6% | s4: ≤฿1.11 → ≤฿1.10 | s5: +1.3% → +0.6% | s8: ฿1.58 → ฿1.57 | s8: +1.3% → +0.6% | s8: ฿1.58 → ฿1.57 | s8: +1.3% → +0.6% | rd/sm fv: 1.58 → 1.57 | rd/sm sm.dividendYield: 4.4 → 4.487179 | rd/sm sm.mos: 1.3 → 0.6 | rd/sm sm.upside: 1.3 → 0.6 | rd/sm sm.fairValue: 1.58 → 1.57",2,2,0,16,7,0,1,6,mixed,0.7
CHKP,US,HUMAN,"scenarios.cases[1] .ret annotation ""(3 ปี; ~8.3%/ปี)"" not carried — a per-year/number label would mislabel the v3 total return | scenarios.cases[2] .ret annotation ""(3 ปี; ~19.8%/ปี)"" not carried — a per-year/number label would mislabel the v3 total return | D: scn.bear.tgt $118.03 → 118.04 | D: scn.base.tgt $173.18 → 173.19 | D: scn.bull.tgt $234.53 → 234.54 | D: prose stale copies ×5 (mos@analysis;pe@analysis) | D: s1: ~13.5x → 13.9x | D: s1: ~5.05x → 5.19x | D: s2: $178.07 → $178.08 | D: s3: $158.75 $178.07 → $158.77 $178.08 | D: s4: $178.07 $124.65 → $178.08 $124.66 | D: s4: $178.07 → $178.08 | D: s5: $178.07 → $178.08 | D: s6: $118.03 −13.4% → $118.04 −13% | D: s6: $173.18 +27.1% (3 ปี; 8.3% ปี) → $173.19 +27% | D: s6: $234.53 +72.1% (3 ปี; 19.8% ปี) → $234.54 +72% | D: s8: $178.07 ($158.75–$197.38) → $178.08 ($158.77–$197.38) | D: rd/sm fv: 178.07 → 178.08 | D: rd/sm values.fvLow: 158.75 → 158.77 | D: rd/sm sm.pe: 13.51 → 13.878819",2,2,0,11,5,5,0,6,,2.73
CHRW,US,VALUE-DRIFT,"s2: $112.50 → $112.33 | s2: $112.50 → $112.33 | s3: $101 $112.50 → $101.00 $112.33 | s3: $112.50 → $112.33 | s4: $112.50 $78.75 $90.00 $112.50 $124.00 $199.4 → $112.33 $78.63 $89.86 $112.33 $123.66 $199.40 | s4: $112.50 → $112.33 | s4: $90.00 → $89.86 | s4: $78.75 → $78.63 | s6: $112.50) → $112.33) | s8: $112.50 → $112.33 | s8: $90.00 → $89.86 | s8: $112.50 ($101.00–$124.00) → $112.33 ($101.00–$123.66) | s8: $90.00 → $89.86 | rd/sm fv: 112.5 → 112.33 | rd/sm values.fvHigh: 124 → 123.66 | rd/sm sm.mos: -30 → -30.2",2,2,0,13,5,0,1,13,fv-rounding,0.27
CI,US,VALUE-DRIFT,"scn.bear.tgt 257 → 256.6 | scn.base.tgt 397 → 397.48 | scn.bull.tgt 487 → 487.36 | prose stale copies ×1 (px@analysis) | s1: 12.5% → | s2: $353.00 → $353.13 | s2: $353.00 → $353.13 | s3: $363 $353.00 → $362.91 $353.13 | s4: $353.00 $247.10 $282.40 → $353.13 $247.19 $282.50 | s4: $353.00 $363.00 → $353.13 $362.91 | s4: $353.00 → $353.13 | s4: ($282.40) → ($282.50) | s4: ($247.10) → ($247.19) | s6: $257.00 → $256.60 | s6: $397.00 → $397.48 | s6: $487.00 +83% → $487.36 +84% | s8: $353.00 → $353.13 | s8: $353.00 ($343.00–$363.00) → $353.13 ($343.36–$362.91) | s8: ($282.40) → ($282.50) | s8: $397.00 → $397.48 | s8: $247.10 → $247.19 | rd/sm fv: 353 → 353.13 | rd/sm values.fvLow: 343 → 343.36 | rd/sm values.fvHigh: 363 → 362.91 | rd/sm values.scenarios[0].tgt: 257 → 256.6 | rd/sm values.scenarios[1].tgt: 397 → 397.48 | rd/sm values.scenarios[2].tgt: 487 → 487.36",2,2,0,17,8,1,0,6,mixed,0.16
CIEN,US,HUMAN,"TEXT LOST ×6: ต่ำสุดที่วัดได้ มัธยฐาน ระหว่างมัธยฐานกับสูงสุด รายละเอียดธุรกิจ งบ FY2026 | D: scn.bear.tgt 173 → 173.33 | D: scn.base.tgt 491 → 490.65 | D: scn.bull.tgt 825 → 824.84 | D: s2: $237.00 → $236.51 | D: s3: $222 $237.00 → $221.81 $236.51 | D: s4: $237.00 $165.90 $189.60 $237.00 → $236.51 $165.56 $189.21 $236.51 $251.21 | D: s4: $637.51 → | D: s4: $237.00 → $236.51 | D: s5: −51% → −52% | D: s5: $237.00 → $236.51 | D: s5: −51%) → −52%) | D: s6: $173.00 → $173.33 | D: s6: $491.00 → $490.65 | D: s6: $825.00 → $824.84 | D: s8: $237.00 → $236.51 | D: s8: $237.00 ($222.00–$251.00) → $236.51 ($221.81–$251.21) | D: s8: −51% → −52% | D: s8: $237.00 → $236.51 | D: s8: <$189.60) → <$189.21) | D: s6: $11.0 75x (ระหว่างมัธยฐานกับสูงสุด 93.7x) → $11.00 75.0x | D: rd/sm fv: 237 → 236.51 | D: rd/sm values.fvLow: 222 → 221.81 | D: rd/sm values.fvHigh: 251 → 251.21 | D: rd/sm values.scenarios[0].tgt: 173 → 173.33 | D: rd/sm values.scenarios[1].tgt: 491 → 490.65 | D: rd/sm values.scenarios[2].tgt: 825 → 824.84 | D: rd/sm sm.mos: -51.2 → -51.5",2,2,6,17,9,0,2,8,,0.3
CINF,US,VALUE-DRIFT,"scn.bear.tgt $117 → 116.44 | s2: $167.00 → $166.69 | s2: $167.00 → $166.69 | s3: $217 $167.00 → $217.36 $166.69 | s3: $167.00 → $166.69 | s4: $167.00 $116.90 $133.60 $167.00 → $166.69 $116.68 $133.35 $166.69 | s4: $217.00 → $217.36 | s4: $167.00 → $166.69 | s4: $133.60 → $133.35 | s4: $116.90 → $116.68 | s6: $117 -28% → $116.44 −28% | s7: $133.60 → $133.35 | s8: $167.00 → $166.69 | s8: $133.60 → $133.35 | s8: $167.00 ($124.00–$217.00) → $166.69 ($124.11–$217.36) | s8: $133.60 → $133.35 | rd/sm fv: 167 → 166.69 | rd/sm values.fvLow: 124 → 124.11 | rd/sm values.fvHigh: 217 → 217.36 | rd/sm sm.mos: 2.8 → 2.6 | rd/sm sm.upside: 2.9 → 2.7",3,3,0,15,6,0,1,9,mixed,0.2
CK,TH,HUMAN,"scenarios.cases[0] .ret annotation ""ต่อปี"" not carried — a per-year/number label would mislabel the v3 total return | scenarios.cases[1] .ret annotation ""ต่อปี"" not carried — a per-year/number label would mislabel the v3 total return | scenarios.cases[2] .ret annotation ""ต่อปี"" not carried — a per-year/number label would mislabel the v3 total return | TEXT LOST ×3: ต่อปี ต่อปี ต่อปี | D: prose stale copies ×2 (pe@analysis) | D: s1: ~8.93x → 9.0x | D: s2: ฿27.98 → ฿28.04 | D: s2: ฿27.98 → ฿28.04 | D: s3: ฿27.96 → ฿28.02 | D: s3: ฿27.98 ฿27.98 → ฿28.06 ฿28.04 | D: s4: ฿27.98 ฿19.59 ฿22.38 → ฿28.04 ฿19.63 ฿22.43 | D: s4: ฿27.98 → ฿28.04 ฿28.06 | D: s4: ฿19.59 → ฿19.63 | D: s4: ฿27.98 → ฿28.04 | D: s8: ฿27.98 → ฿28.04 | D: s8: ฿27.98 (฿27.96–฿27.99) → ฿28.04 (฿28.02–฿28.06) | D: s8: (฿19.59) → (฿19.63) | D: s8: ฿22.38 → ฿22.43 | D: s6: −8.6% ต่อปี → −24% | D: s6: +12.6% ต่อปี → +43% | D: s6: +27.3% ต่อปี → +106% | D: rd/sm fv: 27.98 → 28.04 | D: rd/sm values.fvLow: 27.96 → 28.02 | D: rd/sm values.fvHigh: 27.99 → 28.06 | D: rd/sm sm.mos: 36.7 → 36.9 | D: rd/sm sm.upside: 58.1 → 58.4",2,2,3,16,6,2,0,7,,0.3
CKP,TH,HUMAN,"TEXT LOST ×4: บริบท ห่างจากขายึดตลาด ไม่รวมในกรอบ FV | D: scn.base.tgt 3.74 → 3.69 | D: scn.bull.tgt 5.55 → 5.48 | D: s1: ~8.4x → 8.3x | D: s1: 0.65x → 0.64x | D: s6: ฿3.74 +65% → ฿3.69 +63% | D: s6: ฿5.55 +140% (+34% → ฿5.48 +137% (+33% | D: rd/sm values.scenarios[1].tgt: 3.74 → 3.69 | D: rd/sm values.scenarios[2].tgt: 5.55 → 5.48",3,2,4,4,4,0,1,5,,1.34
CL,US,VALUE-DRIFT,"scn.bear.tgt 80 → 79.95 | scn.base.tgt 105 → 104.75 | scn.bull.tgt 128 → 128.34 | prose stale copies ×3 (px@analysis;pe@analysis) | s2: $75.80 → $75.79 | s3: $73 $75.80 → $73.14 $75.79 | s3: ($75.80) → ($75.79) | s4: $75.80 $53.06 $60.64 $75.80 $78.00 → $75.79 $53.05 $60.63 $75.79 $78.43 | s4: $75.80 → $75.79 | s4: $75.80 → $75.79 | s4: $60.64 → $60.63 | s4: $53.06 → $53.05 | s6: $80.00 → $79.95 | s6: $105.00 → $104.75 | s6: $128.00 → $128.34 | s8: ($75.80) → ($75.79) | s8: $75.80 ($73.00–$78.00) → $75.79 ($73.14–$78.43) | s8: $60.64 → $60.63 | rd/sm fv: 75.8 → 75.79 | rd/sm values.fvLow: 73 → 73.14 | rd/sm values.fvHigh: 78 → 78.43 | rd/sm values.scenarios[0].tgt: 80 → 79.95 | rd/sm values.scenarios[1].tgt: 105 → 104.75 | rd/sm values.scenarios[2].tgt: 128 → 128.34",2,2,0,14,8,3,1,6,mixed,0.55
CLH,US,VALUE-DRIFT,"scn.bear.tgt 191 → 191.01 | scn.base.tgt 280 → 280.01 | scn.bull.tgt 376 → 376.42 | s2: $223.00 → $223.43 | s2: $223.00 → $223.43 | s3: $236 $223.00 → $236.49 $223.43 | s3: $223.00 → $223.43 | s3: −42%) → −41%) | s4: $223.00 $156.10 $178.40 $223.00 $360 → $223.43 $156.40 $178.74 $223.43 $236.49 $360.00 | s4: $223.00 → $223.43 | s4: $178.40 → $178.74 | s4: $156.10 → $156.40 | s5: −42% → −41% | s6: $191.00 → $191.01 | s6: $280.00 → $280.01 | s6: $376.00 → $376.42 | s8: $223.00 → $223.43 | s8: −42%) → −41%) | s8: $223.00 ($210.00–$236.00) → $223.43 ($210.38–$236.49) | s8: −42% → −41% | s8: $223.00 → $223.43 | s8: $223.00 → $223.43 | s8: $178.40) → $178.74) | rd/sm fv: 223 → 223.43 | rd/sm values.fvLow: 210 → 210.38 | rd/sm values.fvHigh: 236 → 236.49 | rd/sm values.scenarios[0].tgt: 191 → 191.01 | rd/sm values.scenarios[1].tgt: 280 → 280.01 | rd/sm values.scenarios[2].tgt: 376 → 376.42 | rd/sm sm.mos: -41.7 → -41.5",2,2,0,20,9,0,0,5,multi-rounding,0.21
CLS,US,HUMAN,"fv legs 1 < 2 (E17) | D: scn.bear.tgt 283 → 282.68 | D: scn.base.tgt 461 → 460.87 | D: scn.bull.tgt 682 → 682.37 | D: prose:prose.strategy ""~10%"" → {{mos}} | D: prose stale copies ×1 (pe@analysis) | D: s2: $300.00 → $299.57 | D: s3: $139 $300.00 → $138.78 $299.57 | D: s4: $300.00 $210.00 $240.00 $300.00 → $299.57 $209.70 $239.66 $299.57 $299.57 | D: s4: $474 → | D: s4: $300.00 → $299.57 | D: s5: $300.00 → $299.57 | D: s6: $283.00 → $282.68 | D: s6: $461.00 → $460.87 | D: s6: $682.00 → $682.37 | D: s8: ($300.00) → ($299.57) | D: s8: $300.00 ($257.00–$300.00) → $299.57 ($299.57–$299.57) | D: s8: ~10%) → −25%) | D: s8: $240.00 → $239.66 | D: rd/sm fv: 300 → 299.57 | D: rd/sm values.fvLow: 257 → 299.57 | D: rd/sm values.fvHigh: 300 → 299.57 | D: rd/sm values.scenarios[0].tgt: 283 → 282.68 | D: rd/sm values.scenarios[1].tgt: 461 → 460.87 | D: rd/sm values.scenarios[2].tgt: 682 → 682.37 | D: rd/sm sm.mos: -24.5 → -24.7",2,1,0,13,9,1,2,10,,16.56
CLX,US,VALUE-DRIFT,"s2: $92.00 → $91.74 | s3: $73 $92.00 → $72.86 $91.74 | s3: $92.00 → $91.74 | s4: $92.00 $64.40 $73.60 $92.00 $101 $111.00 → $91.74 $64.22 $73.39 $91.74 $101.00 $110.63 | s4: $92.00 → $91.74 | s4: ($73.60) → ($73.39) | s6: $58 −11% → $57.74 −12% | s6: $168 +124% → $168.25 +125% | s8: $92.00 → $91.74 | s8: $92.00 ($73.00–$111.00) → $91.74 ($72.86–$110.63) | s8: ($73.60) → ($73.39) | s8: ($64.40) → ($64.22) | rd/sm fv: 92 → 91.74 | rd/sm values.fvLow: 73 → 72.86 | rd/sm values.fvHigh: 111 → 110.63 | rd/sm sm.mos: 11.1 → 10.8 | rd/sm sm.upside: 12.5 → 12.2",2,2,0,12,5,0,0,5,fv-rounding,0.33
CM,US,HUMAN,"TEXT LOST ×1: median | D: scn.bear.tgt 61.01 → 61.05 | D: scn.base.tgt 91.94 → 91.91 | D: scn.bull.tgt 133.38 → 133.33 | D: s1: ~41% → 40.2% | D: s6: $61.01 → $61.05 | D: s6: $91.94 → $91.91 | D: s6: $133.38 → $133.33 | D: rd/sm values.scenarios[0].tgt: 61.01 → 61.05 | D: rd/sm values.scenarios[1].tgt: 91.94 → 91.91 | D: rd/sm values.scenarios[2].tgt: 133.38 → 133.33",2,2,1,4,5,0,2,7,,0.07
CMCSA,US,VALUE-DRIFT,"prose stale copies ×2 (pe@analysis)",2,2,0,0,2,2,3,7,prose-stale,0
CME,US,VALUE-DRIFT,"scn.bear.tgt 241.02 → 225.46 | scn.base.tgt 383.61 → 367.97 | scn.bull.tgt 504.76 → 489.09 | prose stale copies ×2 (px@analysis;pe@analysis) | s2: $286.60 → $286.56 | s3: $286.60 → $286.56 | s4: $286.60 $200.62 $229.28 → $286.56 $200.59 $229.25 | s4: $286.60 → $286.56 | s4: $286.60 → $286.56 | s4: ($229.28) → ($229.25) | s6: $241.02 −10% → $225.46 −16% | s6: $383.61 +43% → $367.97 +37% | s6: $504.76 +88% → $489.09 +82% | s6: −10% → −16% | s6: +43% → +37% | s6: +88% → +82% | s8: $286.60 → $286.56 | s8: $286.60 → $286.56 | s8: $286.60 → $286.56 | s8: $229.28 → $229.25 | rd/sm fv: 286.6 → 286.56 | rd/sm values.scenarios[0].tgt: 241.02 → 225.46 | rd/sm values.scenarios[1].tgt: 383.61 → 367.97 | rd/sm values.scenarios[2].tgt: 504.76 → 489.09",2,2,0,16,6,2,0,4,mixed,6.46
CMG,US,HUMAN,"TEXT LOST ×1: CMG | D: scn.bear.tgt 38.08 → 38.09 | D: scn.base.tgt 50.16 → 50.07 | D: scn.bull.tgt 59.04 → 59.13 | D: s6: $38.08 → $38.09 | D: s6: $50.16 +57% → $50.07 +56% | D: s6: $59.04 +84% → $59.13 +85% | D: s6: (+57%) → (+56%) | D: rd/sm values.scenarios[0].tgt: 38.08 → 38.09 | D: rd/sm values.scenarios[1].tgt: 50.16 → 50.07 | D: rd/sm values.scenarios[2].tgt: 59.04 → 59.13",2,2,1,4,5,0,0,8,,0.18
CMI,US,HUMAN,"TEXT LOST ×1: CMI | D: scn.bear.tgt 312.4 → 312.41 | D: scn.base.tgt 550.9 → 550.93 | D: scn.bull.tgt 782.5 → 782.55 | D: s2: $522.00 → $521.80 | D: s2: $522.00 → $521.80 | D: s3: $522.00 → $521.80 | D: s3: $522.00 → $521.80 | D: s4: $522.00 $365.40 $417.60 $522.00 $560.00 $757 → $521.80 $365.26 $417.44 $521.80 $560.13 $757.02 | D: s4: $522.00 → $521.80 | D: s4: (+0.2%) → (+0.1%) | D: s4: $417.60 → $417.44 | D: s4: $365.40 → $365.26 | D: s5: +0.2% → +0.1% | D: s6: $312.40 → $312.41 | D: s6: $550.90 → $550.93 | D: s6: $782.50 → $782.55 | D: s8: $522.00 → $521.80 | D: s8: $417.60 → $417.44 | D: s8: $522.00 ($483.00–$560.00) → $521.80 ($483.46–$560.13) | D: s8: +0.2% → +0.1% | D: s8: <$417.60 → <$417.44 | D: rd/sm fv: 522 → 521.8 | D: rd/sm values.fvLow: 483 → 483.46 | D: rd/sm values.fvHigh: 560 → 560.13 | D: rd/sm values.scenarios[0].tgt: 312.4 → 312.41 | D: rd/sm values.scenarios[1].tgt: 550.9 → 550.93 | D: rd/sm values.scenarios[2].tgt: 782.5 → 782.55",2,2,1,18,7,0,0,3,,0.1
CMS,US,VALUE-DRIFT,"s2: $72.20 → $72.39 | s3: $79.80 $72.20 → $80.18 $72.39 | s3: $72.20 → $72.39 | s4: $72.20 $50.54 $57.76 $72.20 → $72.39 $50.67 $57.91 $72.39 | s4: $79.80 → $80.18 | s4: $72.20 → $72.39 | s4: $57.76 → $57.91 | s8: $72.20 → $72.39 | s8: $57.76 $72.20 ($64.60–$79.80) → $57.91 $72.39 ($64.60–$80.18) | s8: ($57.76) → ($57.91) | rd/sm fv: 72.2 → 72.39 | rd/sm values.fvHigh: 79.8 → 80.18 | rd/sm sm.mos: 13.1 → 13.3 | rd/sm sm.upside: 15 → 15.3",2,2,0,10,5,0,0,4,fv-rounding,0.48
CNC,US,VALUE-DRIFT,"scn.base.tgt 75.27 → 75.33 | scn.bull.tgt 105 → 104.94 | s2: $54.70 → $54.62 | s3: $49.60 $54.70 → $49.43 $54.62 | s4: $54.70 $38.29 $43.76 $54.70 → $54.62 $38.23 $43.70 $54.62 | s4: ($43.76) → ($43.70) | s4: ($38.29) → ($38.23) | s5: $54.70 → $54.62 | s6: $75.27 → $75.33 | s6: $105.00 +70% → $104.94 +69% | s7: ($49.60–$59.80) → ($49.43–$59.80) | s8: ($49.60–$59.80) → ($49.43–$59.80) | s8: $54.70 ($49.60–$59.80) → $54.62 ($49.43–$59.80) | s8: ($43.76) → ($43.70) | rd/sm fv: 54.7 → 54.62 | rd/sm values.fvLow: 49.6 → 49.43 | rd/sm values.scenarios[1].tgt: 75.27 → 75.33 | rd/sm values.scenarios[2].tgt: 105 → 104.94 | rd/sm sm.mos: -13.2 → -13.4",2,2,0,12,6,0,4,5,multi-rounding,0.34
CNI,US,VALUE-DRIFT,"scn.bear.tgt 99 → 99.04 | scn.base.tgt 139.2 → 139.22 | prose stale copies ×2 (pe@analysis) | s1: ~21.7x → 21.8x | s2: $112.50 → $112.58 | s2: $112.50 → $112.58 | s3: $113.40 → $113.64 | s3: $111.50 $112.50 → $111.51 $112.58 | s3: $112.50 → $112.58 | s3: $118.00 → $113.64 | s4: $112.50 $78.75 $90.00 $112.50 $118.00 → $112.58 $78.81 $90.06 $112.58 $113.64 | s4: $112.50 → $112.58 | s4: $90.00 → $90.06 | s4: $78.75 → $78.81 | s5: $112.50 → $112.58 | s6: $99.00 → $99.04 | s6: $139.20 → $139.22 | s6: $112.50 → $112.58 | s8: $112.50 → $112.58 | s8: $112.50 → $112.58 | s8: $112.50 ($107.00–$118.00) → $112.58 ($111.51–$113.64) | s8: $112.50 → $112.58 | s8: $90.00 → $90.06 | rd/sm fv: 112.5 → 112.58 | rd/sm values.fvLow: 107 → 111.51 | rd/sm values.fvHigh: 118 → 113.64 | rd/sm values.scenarios[0].tgt: 99 → 99.04 | rd/sm values.scenarios[1].tgt: 139.2 → 139.22",2,2,0,20,6,2,1,5,mixed,4.21
CNP,US,HUMAN,"scenarios.cases[1] .ret annotation ""(3 ปี) ~5.6%/ปี"" not carried — a per-year/number label would mislabel the v3 total return | scenarios.cases[2] .ret annotation ""(3 ปี) ~15.6%/ปี"" not carried — a per-year/number label would mislabel the v3 total return | TEXT LOST ×1: CNP | D: scn.bear.tgt $30.26 → 30.31 | D: scn.base.tgt $40.28 → 40.21 | D: scn.bull.tgt $53.76 → 53.67 | D: prose stale copies ×3 (pe@analysis) | D: s6: $30.26 −9.9% → $30.31 −10% | D: s6: $40.28 +17.8% (3 ปี) 5.6% ปี → $40.21 +18% | D: s6: $53.76 +54.6% (3 ปี) 15.6% ปี → $53.67 +54%",2,2,1,3,0,3,0,5,,0
CNQ,US,HUMAN,"TEXT LOST ×1: midcycle | D: FV 35.43 → 35.7 (family weights) | D: scn.bear.tgt 21.42 → 21.39 | D: scn.base.tgt 37.23 → 37.25 | D: scn.bull.tgt 55.7 → 55.74 | D: s2: $35.43 → $35.70 | D: s3: $35.43 → $35.70 | D: s4: $35.43 $24.80 $28.34 $35.43 $36.77 → $35.70 $24.99 $28.56 $35.70 $37.32 | D: s4: ($36.77) → ($37.32) | D: s4: $35.43 → $35.70 | D: s4: −35%) → −34%) | D: s4: $28.34 → $28.56 | D: s5: −35% → −34% | D: s5: $35.43 → $35.70 | D: s5: −35%) → −34%) | D: s5: $28.34 → $28.56 | D: s6: $21.42 → $21.39 | D: s6: $37.23 → $37.25 | D: s6: $55.70 → $55.74 | D: s8: $35.43 → $35.70 | D: s8: −35%) → −34%) | D: s8: $35.43 ($34.09–$36.77) → $35.70 ($34.09–$37.32) | D: s8: −35% → −34% | D: s8: $28.34 → $28.56 | D: s8: $24.80 → $24.99 | D: rd/sm fv: 35.43 → 35.7 | D: rd/sm values.fvHigh: 36.77 → 37.32 | D: rd/sm values.scenarios[0].tgt: 21.42 → 21.39 | D: rd/sm values.scenarios[1].tgt: 37.23 → 37.25 | D: rd/sm values.scenarios[2].tgt: 55.7 → 55.74 | D: rd/sm sm.mos: -35.3 → -34.3 | D: rd/sm sm.upside: -26.1 → -25.5 | D: rd/sm sm.fairValue: 35.43 → 35.7",2,2,1,20,10,0,2,8,,1.5
COCOCO,TH,VALUE-DRIFT,"prose stale copies ×1 (pe@analysis) | s2: ฿4.52 → ฿4.53 | s3: ฿5.30 ฿4.52 → ฿5.31 ฿4.53 | s4: ฿4.52 ฿3.16 → ฿4.53 ฿3.17 | s4: ฿4.52 ฿5.30 → ฿4.53 ฿5.31 | s4: ฿4.52 → ฿4.53 | s4: ฿3.16 → ฿3.17 | s8: ฿4.52 → ฿4.53 | s8: ฿3.62–฿4.52 → ฿3.62–฿4.53 | s8: ฿4.52 (฿3.74–฿5.30) → ฿4.53 (฿3.74–฿5.31) | rd/sm fv: 4.52 → 4.53 | rd/sm values.fvHigh: 5.3 → 5.31 | rd/sm sm.mos: -23.9 → -23.6 | rd/sm sm.upside: -19.3 → -19.1",2,2,0,9,5,1,1,6,mixed,0.3
COF,US,HUMAN,"custom cards 6 > 4 — dropped ""รายได้ Q1 2026""; ""Domestic Card charge-off"" | price-bound custom card ""P/E (Adjusted; normalized)"" | TEXT LOST ×14: รายได้ Domestic Card revenue margin Domestic Card chargeoff | D: scn.bear.tgt 126 → 125.45 | D: scn.base.tgt 184 → 184.42 | D: scn.bull.tgt 355 → 355.21 | D: s1: ~12.1x → 10.2x | D: s1: 1.9x → 1.82x | D: s2: $150.00 → $150.15 | D: s3: $216 $150.00 → $215.52 $150.15 | D: s3: $150.00 → $150.15 | D: s4: $150.00 $105.00 $120.00 $150.00 $216.00 $258 → $150.15 $105.11 $120.12 $150.15 $215.52 $258.00 | D: s4: $150.00 → $150.15 | D: s6: $126.00 → $125.45 | D: s6: $184.00 −1.0% → $184.42 −0.8% | D: s6: $355.00 +86% → $355.21 +87% | D: s6: (−1.0% → (−0.8% | D: s8: $150.00 → $150.15 | D: s8: $150.00 ($84.00–$216.00) → $150.15 ($84.00–$215.52) | D: s8: ($120.00) → ($120.12) | D: s1: รายได้ Q1 2026 $15.23B Domestic Card revenue margin 16.9% Domestic Card charge-off 5.10% −109 bps YoY (~ครึ่งจากพอร์ต Discover ดีขึ้น) ~1.63% → 1.63% | D: rd/sm fv: 150 → 150.15 | D: rd/sm values.fvHigh: 216 → 215.52 | D: rd/sm values.scenarios[0].tgt: 126 → 125.45 | D: rd/sm values.scenarios[1].tgt: 184 → 184.42 | D: rd/sm values.scenarios[2].tgt: 355 → 355.21 | D: rd/sm sm.mos: -31.1 → -30.9",3,3,14,15,8,0,6,10,,0.44
COHR,US,HUMAN,"fv legs 1 < 2 (E17) | D: scn.bear.tgt 236 → 236.45 | D: scn.base.tgt 339 → 339.29 | D: scn.bull.tgt 471 → 470.6 | D: s1: ~77.0x → 70.5x | D: s2: $198.00 → $197.76 | D: s3: $80 $198.00 → $79.97 $197.76 | D: s4: $198.00 $138.60 $158.40 $198.00 → $197.76 $138.43 $158.21 $197.76 $197.76 | D: s4: $440 → | D: s4: $198.00 → $197.76 | D: s4: $158.40 $138.60); → $158.21 $138.43); | D: s5: $198.00 → $197.76 | D: s5: $158.40 $138.60 → $158.21 $138.43 | D: s6: $236.00 → $236.45 | D: s6: $339.00 → $339.29 | D: s6: $471.00 → $470.60 | D: s7: ($198.00) → ($197.76) | D: s8: $198.00 → $197.76 | D: s8: $198.00 ($181.00–$214.00) → $197.76 ($197.76–$197.76) | D: s8: ~$181.00 → ~$197.76 | D: s8: <$158.40; → <$158.21; | D: s8: <$138.60) → <$138.43) | D: rd/sm fv: 198 → 197.76 | D: rd/sm values.fvLow: 181 → 197.76 | D: rd/sm values.fvHigh: 214 → 197.76 | D: rd/sm values.scenarios[0].tgt: 236 → 236.45 | D: rd/sm values.scenarios[1].tgt: 339 → 339.29 | D: rd/sm values.scenarios[2].tgt: 471 → 470.6 | D: rd/sm sm.pe: 77 → 70.536408 | D: rd/sm sm.mos: -46.8 → -47",2,1,0,18,9,0,2,8,,9.26
COHU,US,HUMAN,"era mismatch footer BE ≠ values.dateEra CE | custom cards 7 > 4 — dropped ""Recurring revenue""; ""รายได้ Q2 2026""; ""EPS Q2 2026 (non-GAAP)"" | TEXT LOST ×18: Recurring revenue consumables บริการ รายได้นิ่งกว่าระบบ รายได้ YoY เกิน | D: scn.bear.tgt 41 → 40.75 | D: scn.base.tgt 76 → 76.03 | D: scn.bull.tgt 119 → 119.08 | D: prose stale copies ×5 (px@analysis) | D: s2: $55.00 → $54.98 | D: s3: $62 $55.00 → $61.56 $54.98 | D: s4: $55.00 $39 $44.00 $55.00 → $54.98 $38.49 $43.98 $54.98 $61.56 | D: s4: $75 → | D: s4: $55.00 → $54.98 | D: s5: $55.00 → $54.98 | D: s5: ~$44.00) → ~$43.98) | D: s6: $41.00 → $40.75 | D: s6: $76.00 → $76.03 | D: s6: $119.00 → $119.08 | D: s8: $55.00 ($48.00–$62.00) → $54.98 ($48.40–$61.56) | D: footer: 2569 → 2026 | D: header: • เด้งจากจุดต่ำ ~3.1 เท่า → | D: s1: Recurring revenue ~60% consumables บริการ • รายได้นิ่งกว่าระบบ รายได้ Q2 2026 $149.0M ▲ +38% YoY (เกิน guidance) EPS Q2 2026 (non-GAAP) $0.26 GAAP เกือบคุ้มทุน (−$0.2M) • Q3 guide $170M 0% → 0.00% | D: rd/sm fv: 55 → 54.98 | D: rd/sm values.fvLow: 48 → 48.4 | D: rd/sm values.fvHigh: 62 → 61.56 | D: rd/sm values.scenarios[0].tgt: 41 → 40.75 | D: rd/sm values.scenarios[1].tgt: 76 → 76.03 | D: rd/sm values.scenarios[2].tgt: 119 → 119.08",2,2,18,14,8,5,7,14,,0.83
COM7,TH,HUMAN,"TEXT LOST ×3: ใกล้เคียง ปัจจุบัน โดยบังเอิญ | D: prose stale copies ×1 (px@analysis) | D: s8: (฿27.80–฿30.65) → (฿27.78–฿30.65) | D: rd/sm values.fvLow: 27.8 → 27.78",3,3,3,1,3,1,0,6,,0.07
COO,US,HUMAN,"failed before compare — compute: meta.sources: ต้องเป็น array ของข้อความ 3–8 ข้อ | sources < 3 (2) | schema meta.sources: ต้องเป็น array ของข้อความ 3–8 ข้อ",2,2,0,0,0,0,0,6,,0
COP,US,VALUE-DRIFT,"scn.base.tgt 116.2 → 116.21 | prose stale copies ×2 (px@analysis) | s2: $100.20 → $100.37 | s3: $92.25 → $92.62 | s3: $100.20 → $100.37 | s3: $100.20 → $100.37 | s3: $92.00–$108.00) → $92.62–$108.13) | s3: $100.20 → $100.37 | s4: $100.20 $70.14 $80.16 $100.20 $108.00 → $100.37 $70.26 $80.30 $100.37 $108.13 | s4: $100.20 → $100.37 | s4: $80.16 → $80.30 | s4: $70.14 → $70.26 | s6: $116.20 −1.7% → $116.21 −1.6% | s8: $100.20 → $100.37 | s8: $100.20 ($92.00–$108.00) → $100.37 ($92.62–$108.13) | s8: ($100.20) → ($100.37) | s8: ($80.16) → ($80.30) | rd/sm fv: 100.2 → 100.37 | rd/sm values.fvLow: 92 → 92.62 | rd/sm values.fvHigh: 108 → 108.13 | rd/sm values.scenarios[1].tgt: 116.2 → 116.21 | rd/sm sm.mos: -29.1 → -28.9",2,2,0,15,7,2,0,9,mixed,0.67
COR,US,HUMAN,"failed before compare — compute: prose.verdictBody: ต้องเป็นข้อความยาว ≥1 | prose.verdictBody empty in v2 | schema prose.verdictBody: ต้องเป็นข้อความยาว ≥1",2,2,0,0,0,0,1,6,,0
COST,US,VALUE-DRIFT,"scn.bear.tgt 759 → 759.45 | scn.base.tgt 1037 → 1037.24 | scn.bull.tgt 1291 → 1290.82 | s2: $765.00 → $765.12 | s3: $765.00 → $765.12 | s3: $765.00 → $765.12 | s3: $751.00–$779.00 → $750.94–$779.30 | s3: $765.00 → $765.12 | s4: $765.00 $535.50 $612.00 $765.00 $1;072 $1;096 → $765.12 $535.58 $612.10 $765.12 $779.30 $1;072.00 | s4: $765.00 → $765.12 | s4: $765.00; → $765.12; | s4: $612.00 → $612.10 | s6: $759.00 → $759.45 | s6: $1;037.00 → $1;037.24 | s6: $1;291.00 → $1;290.82 | s6: $28.69 45x → $28.68 45.0x | s8: $765.00 → $765.12 | s8: $765.00 → $765.12 | s8: $765.00 ($751.00–$779.00) → $765.12 ($750.94–$779.30) | s8: $765.00 → $765.12 | s8: $765.00 → $765.12 | s8: $612.00 → $612.10 | rd/sm fv: 765 → 765.12 | rd/sm values.fvLow: 751 → 750.94 | rd/sm values.fvHigh: 779 → 779.3 | rd/sm values.scenarios[0].tgt: 759 → 759.45 | rd/sm values.scenarios[1].tgt: 1037 → 1037.24 | rd/sm values.scenarios[2].tgt: 1291 → 1290.82",2,2,0,19,8,0,0,5,multi-rounding,0.06
CP,US,VALUE-DRIFT,"scn.bear.tgt 66.8 → 66.87 | scn.base.tgt 103.2 → 103.18 | scn.bull.tgt 130.78 → 130.72 | prose stale copies ×2 (pe@analysis) | s1: ~30.6x → 28.5x | s6: $66.80 → $66.87 | s6: $103.20 → $103.18 | s6: $130.78 → $130.72 | rd/sm values.scenarios[0].tgt: 66.8 → 66.87 | rd/sm values.scenarios[1].tgt: 103.2 → 103.18 | rd/sm values.scenarios[2].tgt: 130.78 → 130.72 | rd/sm sm.pe: 30.56 → 28.535948",2,2,0,4,6,2,0,5,mixed,6.62
CPALL,TH,VALUE-DRIFT,"FV 51 → 50.65 (family weights) | scn.bear.tgt 44 → 44.19 | scn.base.tgt 62 → 61.93 | scn.bull.tgt 83 → 82.96 | prose stale copies ×2 (px@analysis) | s1: ฿394 พันล้าน ~13.3x → ฿3.94 แสนล้าน 13.1x | s1: ~1.18x → 2.85x | s2: ฿51.00 → ฿50.65 | s3: ฿50 ฿51.00 → ฿49.74 ฿50.65 | s4: ฿51.00 ฿35.70 ฿40.80 ฿51.00 ฿52.00 ฿62 → ฿50.65 ฿35.46 ฿40.52 ฿50.65 ฿51.56 ฿62.00 | s4: ฿51.00 → ฿50.65 | s4: (฿40.80) → (฿40.52) | s6: ฿44.00 +10% → ฿44.19 +11% | s6: ฿62.00 → ฿61.93 | s6: ฿83.00 → ฿82.96 | s8: ฿51.00 → ฿50.65 | s8: ฿51.00 (฿50.00–฿52.00) → ฿50.65 (฿49.74–฿51.56) | s8: ฿51.00 → ฿50.65 | s8: ฿40.80 → ฿40.52 | rd/sm fv: 51 → 50.65 | rd/sm values.fvLow: 50 → 49.74 | rd/sm values.fvHigh: 52 → 51.56 | rd/sm values.scenarios[0].tgt: 44 → 44.19 | rd/sm values.scenarios[1].tgt: 62 → 61.93 | rd/sm values.scenarios[2].tgt: 83 → 82.96 | rd/sm sm.mos: 13.2 → 12.6 | rd/sm sm.upside: 15.3 → 14.5 | rd/sm sm.fairValue: 51 → 50.65",2,2,0,14,11,2,0,5,mixed,0.85
CPAXT,TH,VALUE-DRIFT,"footer: (2026) → ",2,2,0,1,2,0,2,8,mixed,0
CPF,TH,HUMAN,"TEXT LOST ×1: อยู่ช่วงกลางบนของ | D: FV 18 → 17.77 (family weights) | D: scn.bear.tgt 12 → 11.95 | D: scn.bull.tgt 27.5 → 27.42 | D: prose stale copies ×1 (pe@analysis) | D: s1: ~12.3x → 11.9x | D: s1: ~0.80x → 0.77x | D: s2: ฿18.00 → ฿17.77 | D: s3: ฿16 ฿18.00 → ฿16.19 ฿17.77 | D: s4: ฿18.00 ฿12.60 ฿14.40 ฿18.00 ฿22.00 ฿25.7 → ฿17.77 ฿12.44 ฿14.22 ฿17.77 ฿19.36 ฿25.70 | D: s4: ฿18.00 → ฿17.77 | D: s4: −18%) → −19%) | D: s5: −22% → −24% | D: s5: ฿18.00 → ฿17.77 | D: s5: ฿18.00 → ฿17.77 | D: s5: ฿14.40 → ฿14.22 | D: s6: ฿12.00 → ฿11.95 | D: s6: ฿27.50 +43% (+13% → ฿27.42 +42% (+12% | D: s8: ฿18.00 → ฿17.77 | D: s8: ฿18.00 (฿16.00–฿22.00) → ฿17.77 (฿16.19–฿19.36) | D: s8: −22% → −24% | D: s8: ฿18.00 → ฿17.77 | D: s8: <฿14.40) → <฿14.22) | D: rd/sm fv: 18 → 17.77 | D: rd/sm values.fvLow: 16 → 16.19 | D: rd/sm values.fvHigh: 22 → 19.36 | D: rd/sm values.scenarios[0].tgt: 12 → 11.95 | D: rd/sm values.scenarios[2].tgt: 27.5 → 27.42 | D: rd/sm sm.pe: 12.3 → 11.891892 | D: rd/sm sm.mos: -22.2 → -23.8 | D: rd/sm sm.upside: -18.2 → -19.2 | D: rd/sm sm.fairValue: 18 → 17.77",2,2,1,18,11,1,2,6,,12
CPN,TH,VALUE-DRIFT,"scn.bear.tgt 51 → 50.49 | scn.base.tgt 78 → 77.62 | scn.bull.tgt 98 → 98.41 | prose stale copies ×2 (pe@analysis) | s1: ~14.3x → 14.1x | s1: ~2.49x → 2.46x | s2: ฿67.00 → ฿66.99 | s3: ฿66.80 ฿67.00 → ฿67.13 ฿66.99 | s3: ฿67.00 → ฿66.99 | s4: ฿67.00 ฿46.90 ฿53.60 ฿67.00 ฿76.5 ฿98 → ฿66.99 ฿46.89 ฿53.59 ฿66.99 ฿72.41 ฿76.50 | s4: ฿67.00) → ฿66.99) | s5: ฿67.00 → ฿66.99 | s6: ฿51.00 → ฿50.49 | s6: ฿78.00 → ฿77.62 | s6: ฿98.00 +69% → ฿98.41 +70% | s7: ฿67.00 → ฿66.99 | s8: ฿67.00 → ฿66.99 | s8: ฿67.00 (฿56.00–฿73.00) → ฿66.99 (฿56.00–฿72.41) | s8: <฿53.60 → <฿53.59 | rd/sm fv: 67 → 66.99 | rd/sm values.fvHigh: 73 → 72.41 | rd/sm values.scenarios[0].tgt: 51 → 50.49 | rd/sm values.scenarios[1].tgt: 78 → 77.62 | rd/sm values.scenarios[2].tgt: 98 → 98.41",3,3,0,15,6,2,0,5,mixed,1
CPNG,US,HUMAN,"custom cards 5 > 4 — dropped ""Developing Offerings EBITDA (Q2/69)"" | TEXT LOST ×10: Developing Offerings EBITDA ขาดทุนลดลง YoY คาดทั้งปี ถึง รายได้ปี | D: scn.bear.tgt 9.97 → 17.69 | D: scn.base.tgt 25.81 → 46.17 | D: scn.bull.tgt 34.08 → 61.02 | D: s1: −$0.43 → ~$-0.43 | D: s6: $9.97 −28% รายได้ปี 3 $38.75B → $17.69 +27% $38.73 | D: s6: $25.81 +86% รายได้ปี 3 $45.9B 1.0x → $46.17 +233% $45.90 1.00x | D: s6: $34.08 +146% รายได้ปี 3 $49.8B → $61.02 +340% $49.80 | D: rd/sm values.scenarios[0].tgt: 9.97 → 17.69 | D: rd/sm values.scenarios[1].tgt: 25.81 → 46.17 | D: rd/sm values.scenarios[2].tgt: 34.08 → 61.02",2,2,10,4,3,0,5,6,,79.05
CPRT,US,VALUE-DRIFT,"scn.bear.tgt 29.6 → 29.61 | scn.base.tgt 46.9 → 46.86 | scn.bull.tgt 61 → 60.97 | prose stale copies ×4 (pe@analysis) | s1: ~18.9x → 18.1x | s1: ~16.2% → · | s2: $42.60 → $42.70 | s3: $40.10 $42.60 → $40.30 $42.70 | s3: $42.60 → $42.70 | s4: $42.60 $29.82 $34.08 → $42.70 $29.89 $34.16 | s4: $42.60 $45.10 → $42.70 $45.11 | s4: ($29.82) → ($29.89) | s4: $42.60 → $42.70 | s6: $29.60 → $29.61 | s6: $1.65 → $1.64 | s6: $46.90 → $46.86 | s6: $61.00 +118% → $60.97 +117% | s8: $42.60 $42.60 ($40.10–$45.10) → $42.70 $42.70 ($40.30–$45.11) | s8: ($29.82) → ($29.89) | s8: $46.90 → $46.86 | rd/sm fv: 42.6 → 42.7 | rd/sm values.fvLow: 40.1 → 40.3 | rd/sm values.fvHigh: 45.1 → 45.11 | rd/sm values.scenarios[0].tgt: 29.6 → 29.61 | rd/sm values.scenarios[1].tgt: 46.9 → 46.86 | rd/sm values.scenarios[2].tgt: 61 → 60.97 | rd/sm sm.pe: 18.89 → 18.090323 | rd/sm sm.upside: 51.9 → 52.3",2,2,0,16,10,4,1,4,mixed,4.23
CPT,US,HUMAN,"leg 3 declared nav has no extras table (E52) | custom cards 6 > 4 — dropped ""EBITDA (proxy NOI)""; ""Net Debt/EBITDA"" | TEXT LOST ×19: EBITDA proxy NOI รายได้ TTM OpM DA ต่ำกว่า | D: scn.bear.tgt 95 → 94.64 | D: scn.base.tgt 123 → 122.62 | D: scn.bull.tgt 153 → 152.97 | D: prose stale copies ×1 (px@analysis) | D: s2: $110.00 → $110.31 | D: s3: $109 $110.00 → $109.00 $110.31 | D: s3: $110.00 → $110.31 | D: s3: (+11%) → (+12%) | D: s4: $110.00 $77.00 $88.00 $110.00 $115.00 → $110.31 $77.22 $88.25 $110.31 $112.22 | D: s4: $110.00 (+11%) → $110.31 (+12%) | D: s4: $88.00 → $88.25 | D: s5: +11% → +12% | D: s6: $95.00 −2% → $94.64 −3% | D: s6: $123.00 → $122.62 | D: s6: $153.00 → $152.97 | D: s8: $110.00 (+11%) → $110.31 (+12%) | D: s8: $110.00 ($105.00–$115.00) → $110.31 ($109.00–$112.22) | D: s8: +11% → +12% | D: s1: EBITDA (proxy NOI) ~$889M รายได้ TTM $1;584M × (OpM 17.5% + D&A ~38.5%) · ต่ำกว่า NOI จริงเล็กน้อย (หัก G&A) Net Debt EBITDA ~5.4x หนี้ $4;873M − เงินสด $45M = $4;828M ÷ EBITDA proxy $889M $1;584M → $1.58B | D: rd/sm fv: 110 → 110.31 | D: rd/sm values.fvLow: 105 → 109 | D: rd/sm values.fvHigh: 115 → 112.22 | D: rd/sm values.scenarios[0].tgt: 95 → 94.64 | D: rd/sm values.scenarios[1].tgt: 123 → 122.62 | D: rd/sm values.scenarios[2].tgt: 153 → 152.97 | D: rd/sm sm.mos: 11.4 → 11.7 | D: rd/sm sm.upside: 12.9 → 13.2",3,3,19,15,10,1,6,11,,3.81
CPW,TH,VALUE-DRIFT,"s1: 1.74x → | s4: ฿2.80 → ",2,2,0,2,1,0,2,8,mixed,0
CRC,TH,VALUE-DRIFT,"s1: ~2.61x → 2.59x | s2: ฿27.50 → ฿27.54 | s3: ฿27.50 → ฿27.54 | s3: ฿27.50 → ฿27.54 | s4: ฿27.50 ฿19.25 ฿22.00 ฿27.50 → ฿27.54 ฿19.28 ฿22.03 ฿27.54 | s4: ฿34.00 → ฿33.95 | s4: ฿27.50 → ฿27.54 | s4: ฿22.00 → ฿22.03 | s8: ฿27.50 → ฿27.54 | s8: ฿22.00 → ฿22.03 | s8: ฿27.50 (฿21.10–฿34.00) → ฿27.54 (฿21.14–฿33.95) | s8: ฿21.10 → ฿21.14 | s8: ฿22.00) → ฿22.03) | rd/sm fv: 27.5 → 27.54 | rd/sm values.fvLow: 21.1 → 21.14 | rd/sm values.fvHigh: 34 → 33.95 | rd/sm sm.mos: -9.1 → -8.9",2,2,0,13,6,0,2,12,fv-rounding,0.2
CRDO,US,VALUE-DRIFT,"scn.bear.tgt 138 → 138.28 | scn.base.tgt 271 → 273.08 | scn.bull.tgt 400 → 401.66 | s2: $167.00 → $166.77 | s3: $144 $167.00 → $144.24 $166.77 | s4: $167.00 $116.90 $133.60 $167.00 → $166.77 $116.74 $133.42 $166.77 $189.30 | s4: $308.67 → | s4: $167.00 → $166.77 | s5: −17% → −18% | s5: $167.00 → $166.77 | s5: −17%) → −18%) | s6: $138.00 −30% → $138.28 −29% | s6: $271.00 +38% (+11% → $273.08 +39% (+12% | s6: $9.0 → $9.10 | s6: $400.00 +104% → $401.66 +105% | s6: $11.4 → $11.48 | s8: $167.00 → $166.77 | s8: −17%) → −18%) | s8: $167.00 ($144.00–$189.00) → $166.77 ($144.24–$189.30) | s8: −17% → −18% | s8: $144.00 → $144.24 | s8: $133.60) → $133.42) | rd/sm fv: 167 → 166.77 | rd/sm values.fvLow: 144 → 144.24 | rd/sm values.fvHigh: 189 → 189.3 | rd/sm values.scenarios[0].tgt: 138 → 138.28 | rd/sm values.scenarios[1].tgt: 271 → 273.08 | rd/sm values.scenarios[2].tgt: 400 → 401.66 | rd/sm sm.mos: -17.3 → -17.5",2,2,0,19,8,0,2,7,multi-rounding,0.77
CREDIT,TH,VALUE-DRIFT,"prose:catalysts[5] ""+19.6%"" → {{analyst.pct}} | s1: 7.7% → · | s2: ฿23.20 → ฿23.19 | s2: ฿23.20 → ฿23.19 | s3: ฿30.26 ฿23.20 → ฿30.25 ฿23.19 | s3: ฿23.20 → ฿23.19 | s3: (฿30.26) → (฿30.25) | s4: ฿23.20 ฿16.24 ฿18.56 ฿23.20 → ฿23.19 ฿16.23 ฿18.55 ฿23.19 | s4: ฿30.26 → ฿30.25 | s4: ฿23.20 → ฿23.19 | s4: ฿18.56 → ฿18.55 | s4: ฿16.24 → ฿16.23 | s7: (+19.6% → (+21% | s8: ฿23.20 → ฿23.19 | s8: ฿23.20 (฿16.13–฿30.26) → ฿23.19 (฿16.13–฿30.25) | s8: ฿18.56) → ฿18.55) | rd/sm fv: 23.2 → 23.19 | rd/sm values.fvHigh: 30.26 → 30.25",2,2,0,15,4,0,1,5,mixed,0.04
CRH,US,VALUE-DRIFT,"scn.bear.tgt 73.58 → 73.61 | scn.base.tgt 122.81 → 122.85 | scn.bull.tgt 156.24 → 156.26 | s3: $112.02 → $112.01 | s3: $103.19–$112.02 → $103.19–$112.01 | s4: $131.55 → $112.01 | s6: $73.58 → $73.61 | s6: $122.81 → $122.85 | s6: $156.24 → $156.26 | s8: ($103.19–$112.02) → ($103.19–$112.01) | rd/sm values.fvHigh: 112.02 → 112.01 | rd/sm values.scenarios[0].tgt: 73.58 → 73.61 | rd/sm values.scenarios[1].tgt: 122.81 → 122.85 | rd/sm values.scenarios[2].tgt: 156.24 → 156.26",2,2,0,7,6,0,0,7,multi-rounding,0.04
CRL,US,HUMAN,"TEXT LOST ×1: ปรับปรุง | D: scn.bear.tgt 135.63 → 135.64 | D: s6: $135.63 → $135.64 | D: rd/sm values.scenarios[0].tgt: 135.63 → 135.64",3,3,1,1,3,0,0,6,,0.01
CRM,US,VALUE-DRIFT,"scn.bear.tgt 149 → 148.99 | scn.base.tgt 294 → 293.82 | scn.bull.tgt 413 → 413.48 | s2: $287.00 → $287.20 | s3: $283 $287.00 → $283.00 $287.20 | s4: $287.00 $200.90 $229.60 $269 → $287.20 $201.04 $229.76 | s4: $287.00 → $287.20 $291.39 | s4: $287.00 → $287.20 | s6: $149.00 → $148.99 | s6: $294.00 → $293.82 | s6: $413.00 +73% → $413.48 +74% | s8: $287.00 ($283.00–$291.00) → $287.20 ($283.00–$291.39) | s8: $229.60 → $229.76 | s8: $200.90 → $201.04 | rd/sm fv: 287 → 287.2 | rd/sm values.fvHigh: 291 → 291.39 | rd/sm values.scenarios[0].tgt: 149 → 148.99 | rd/sm values.scenarios[1].tgt: 294 → 293.82 | rd/sm values.scenarios[2].tgt: 413 → 413.48",2,2,0,11,7,0,1,7,multi-rounding,0.13
CRWD,US,VALUE-DRIFT,"scn.bear.tgt 93 → 93.01 | scn.bull.tgt 290 → 289.65 | s1: ~208x → 206.9x | s2: $115.29 → $115.33 | s3: $130.98 → $131.06 | s3: $121.66 → $121.75 | s3: $115.29 → $115.33 | s4: $115.29 $80.70 $92.23 $115.29 → $115.33 $80.73 $92.26 $115.33 $131.06 | s4: $250.32 → | s5: $115.29 → $115.33 | s6: $93.00 → $93.01 | s6: $290.00 → $289.65 | s8: $115.29 ($104.25–$130.98) → $115.33 ($104.25–$131.06) | rd/sm fv: 115.29 → 115.33 | rd/sm values.fvHigh: 130.98 → 131.06 | rd/sm values.scenarios[0].tgt: 93 → 93.01 | rd/sm values.scenarios[2].tgt: 290 → 289.65 | rd/sm sm.pe: 207.7 → null",3,3,0,11,7,0,4,14,multi-rounding,0.12
CRWV,US,HUMAN,"fv legs 1 < 2 (E17) | TEXT LOST ×17: บริบท ไม่รวมในกรอบ FV ถึง รายได้คาดการณ์ Rev Sh Rev | D: scn.bear.tgt 37 → 36.63 | D: scn.base.tgt 168 → 167.8 | D: scn.bull.tgt 310 → 309.99 | D: s1: −$3.70 → ~$-3.70 | D: s4: $66.00 → $36.14 | D: s6: $37.00 → $36.63 | D: s6: $168.00 → $167.80 | D: s6: $310.00 → $309.99 | D: s8: ($6.20–$66.00) → ($36.14–$36.14) | D: s3: −$135 ถึง −$35 → $135.00 | D: s6: Rev Sh ปี 3 $18.32 → $18.31 | D: rd/sm values.fvLow: 6.2 → 36.14 | D: rd/sm values.fvHigh: 66 → 36.14 | D: rd/sm values.scenarios[0].tgt: 37 → 36.63 | D: rd/sm values.scenarios[1].tgt: 168 → 167.8 | D: rd/sm values.scenarios[2].tgt: 310 → 309.99",2,1,17,8,7,0,3,11,,482.9
CSCO,US,HUMAN,"TEXT LOST ×1: ราคาอัปเดต | D: scn.bear.tgt 74 → 74.28 | D: scn.base.tgt 107 → 107.45 | D: scn.bull.tgt 164 → 163.69 | D: s2: $79.00 → $78.73 | D: s3: $72 $79.00 → $72.16 $78.73 | D: s4: $79.00 $55.30 $63.20 $79.00 → $78.73 $55.11 $62.98 $78.73 $85.30 | D: s4: $150 → | D: s4: $79.00 → $78.73 | D: s5: −35% → −36% | D: s5: $79.00 (−35%) → $78.73 (−36%) | D: s5: $63.20 → $62.98 | D: s6: $74.00 → $74.28 | D: s6: $107.00 +0.0% (+0.0% → $107.45 +0.4% (+0.1% | D: s6: $164.00 → $163.69 | D: s8: $79.00 (−35%) → $78.73 (−36%) | D: s8: $79.00 ($72.00–$85.00) → $78.73 ($72.16–$85.30) | D: s8: −35% → −36% | D: s8: $63.20 → $62.98 | D: s8: <$55.30) → <$55.11) | D: rd/sm fv: 79 → 78.73 | D: rd/sm values.fvLow: 72 → 72.16 | D: rd/sm values.fvHigh: 85 → 85.3 | D: rd/sm values.scenarios[0].tgt: 74 → 74.28 | D: rd/sm values.scenarios[1].tgt: 107 → 107.45 | D: rd/sm values.scenarios[2].tgt: 164 → 163.69 | D: rd/sm sm.pe: 24.7 → 32.123123 | D: rd/sm sm.mos: -35.4 → -35.9 | D: rd/sm sm.upside: -26.1 → -26.4",2,2,1,16,11,0,3,8,,30.05
CSGP,US,HUMAN,"scenarios.exitMetric ""EV/Revenue ออก"" not in [""pe"";""ps"";""pbv"";""pffo"";""pfcf"";""evsales""] | TEXT LOST ×15: Rev Revenue EV Revenue ไม่จ่าย Rev Revenue EV | D: scn.bear.tgt 26.4 → 10587.39 | D: scn.base.tgt 86.09 → 34768.8 | D: scn.bull.tgt 143.6 → 57837.89 | D: prose stale copies ×1 (px@analysis) | D: header: $25.89 – $89.80 → | D: s2: $91.86 → $91.65 | D: s3: $96.20 → $96.04 | D: s3: $87.52 $91.86 → $87.25 $91.65 | D: s4: $91.86 → $91.65 | D: s4: $64.30 $73.49 $91.86 $100.69 → $64.16 $73.32 $91.65 $96.04 | D: s4: ($64.30) → ($64.16) | D: s4: ($73.49) → ($73.32) | D: s8: ($91.86) → ($91.65) | D: s8: $91.86 ($87.52–$100.69) → $91.65 ($87.25–$96.04) | D: s6: $26.40 −5% Revenue ปี 3 $4;235M EV Revenue ออก → $10;587.39 +37902% $4;234.96 | D: s6: $86.09 +209% Revenue ปี 3 $5;268M EV Revenue ออก → $34;768.80 +124698% $5;268.00 | D: s6: $143.60 +415% Revenue ปี 3 $5;843M EV Revenue ออก → $57;837.89 +207502% $5;842.21 | D: rd/sm fv: 91.86 → 91.65 | D: rd/sm values.fvLow: 87.52 → 87.25 | D: rd/sm values.fvHigh: 100.69 → 96.04 | D: rd/sm values.scenarios[0].tgt: 26.4 → 10587.39 | D: rd/sm values.scenarios[1].tgt: 86.09 → 34768.8 | D: rd/sm values.scenarios[2].tgt: 143.6 → 57837.89 | D: rd/sm sm.upside: 229.7 → 229",2,2,15,13,7,1,3,13,,40286.57
CSL,US,VALUE-DRIFT,"scn.bear.tgt 238.05 → 238.07 | scn.base.tgt 372.47 → 372.41 | scn.bull.tgt 608.35 → 608.3 | s1: ~6.8x → 6.74x | s2: $345.08 → $345.29 | s3: $398.00 $345.08 → $398.43 $345.29 | s3: $345.08 → $345.29 | s4: $345.08 $241.56 $276.06 $345.08 $398.00 → $345.29 $241.70 $276.23 $345.29 $398.43 | s4: ($345.08) → ($345.29) | s5: $345.08 → $345.29 | s6: $238.05 → $238.07 | s6: $372.47 → $372.41 | s6: $608.35 → $608.30 | s8: $345.08 → $345.29 | s8: ($276.06) → ($276.23) | s8: $345.08 ($292.15–$398.00) → $345.29 ($292.15–$398.43) | s8: ($276.06) → ($276.23) | rd/sm fv: 345.08 → 345.29 | rd/sm values.fvHigh: 398 → 398.43 | rd/sm values.scenarios[0].tgt: 238.05 → 238.07 | rd/sm values.scenarios[1].tgt: 372.47 → 372.41 | rd/sm values.scenarios[2].tgt: 608.35 → 608.3",2,2,0,14,7,0,1,5,multi-rounding,0.11
CSX,US,VALUE-DRIFT,"FV 36 → 36.27 (family weights) | scn.bull.tgt 52.25 → 52.26 | s2: $36.00 → $36.27 | s3: $36.12 → $36.11 | s3: $33.66 $36.00 → $33.71 $36.27 | s3: $36.00 → $36.27 | s3: −30%) → −29%) | s4: $36.00 $25.20 $28.80 $36.00 $39.00 → $36.27 $25.39 $29.02 $36.27 $38.99 | s4: ($39.00) → ($38.99) | s4: $28.80 → $29.02 | s4: $25.20 → $25.39 | s5: −30% → −29% | s6: $52.25 → $52.26 | s8: $36.00 → $36.27 | s8: −30%) → −29%) | s8: $28.80 → $29.02 | s8: $36.00 ($34.00–$39.00) → $36.27 ($33.71–$38.99) | s8: −30% → −29% | s8: $36.00 → $36.27 | s8: $28.80 → $29.02 | rd/sm fv: 36 → 36.27 | rd/sm values.fvLow: 34 → 33.71 | rd/sm values.fvHigh: 39 → 38.99 | rd/sm values.scenarios[2].tgt: 52.25 → 52.26 | rd/sm sm.mos: -30.4 → -29.4 | rd/sm sm.upside: -23.3 → -22.7 | rd/sm sm.fairValue: 36 → 36.27",3,3,0,18,8,0,1,5,mixed,1
CTAS,US,VALUE-DRIFT,"scn.base.tgt 207.96 → 208.17 | scn.bull.tgt 247.18 → 247.33 | prose:prose.verdictBody ""+9.5%"" → {{analyst.pct}} | header: $161.16 – $219.16 • → · | s1: 16.73 → 16.74x | s2: $163.00 → $163.39 | s3: $163.00 → $163.39 | s4: $163.00 $114.10 $130.40 $163.00 $186.00 → $163.39 $114.37 $130.71 $163.39 $186.09 | s4: $163.00 → $163.39 | s4: ~$114.10 → ~$114.37 | s5: $130.40 → $130.71 | s6: $207.96 → $208.17 | s6: $6.71 → $6.72 | s6: $247.18 → $247.33 | s8: $163.00 → $163.39 | s8: $163.00 ($141.00–$186.00) → $163.39 ($140.69–$186.09) | rd/sm fv: 163 → 163.39 | rd/sm values.fvLow: 141 → 140.69 | rd/sm values.fvHigh: 186 → 186.09 | rd/sm values.scenarios[1].tgt: 207.96 → 208.17 | rd/sm values.scenarios[2].tgt: 247.18 → 247.33 | rd/sm sm.mos: -21.3 → -21 | rd/sm sm.upside: -17.5 → -17.3",2,2,0,13,8,0,0,4,mixed,0.3
CTSH,US,VALUE-DRIFT,"FV 82 → 81.04 (family weights) | scn.bear.tgt 51 → 51.28 | scn.base.tgt 77 → 76.78 | scn.bull.tgt 99 → 98.59 | prose stale copies ×3 (pe@analysis) | s2: $82.00 → $81.04 | s3: $86 $82.00 → $85.53 $81.04 | s4: $82.00 $57.40 → $81.04 $56.73 | s4: $65.60 $82.00 $86.00 → $64.83 $81.04 $85.53 | s4: ($57.40) → ($56.73) | s4: ($65.60) → ($64.83) | s4: +30% → +29% | s4: $82.00 → $81.04 | s5: +30% → +29% | s6: $51.00 −4% → $51.28 −3% | s6: $77.00 +42% → $76.78 +41% | s6: $99.00 +80% $7.59 → $98.59 +79% $7.58 | s7: +30% → +29% | s7: $82.00 → $81.04 | s8: $82.00 ($77.00–$86.00) → $81.04 ($76.56–$85.53) | s8: +30% → +29% | s8: ($57.40) → ($56.73) | s8: ($65.60) → ($64.83) | rd/sm fv: 82 → 81.04 | rd/sm values.fvLow: 77 → 76.56 | rd/sm values.fvHigh: 86 → 85.53 | rd/sm values.scenarios[0].tgt: 51 → 51.28 | rd/sm values.scenarios[1].tgt: 77 → 76.78 | rd/sm values.scenarios[2].tgt: 99 → 98.59 | rd/sm sm.mos: 30.3 → 29.5 | rd/sm sm.upside: 43.4 → 41.8 | rd/sm sm.fairValue: 82 → 81.04",2,2,0,18,10,3,1,7,mixed,1.6
CTVA,US,HUMAN,"price-bound custom card ""P/E (FY2025 adj.)"" | D: scn.bear.tgt 73.04 → 70.68 | D: scn.base.tgt 104.92 → 102.54 | D: scn.bull.tgt 130.66 → 128.13 | D: prose stale copies ×1 (px@analysis) | D: s1: 22.1% → 21.6% | D: s2: $82.60 → $82.56 | D: s3: $76.30 $82.60 → $76.32 $82.56 | D: s3: $82.60 → $82.56 | D: s3: $76.00–$89.00 → $76.32–$88.80 | D: s4: $82.60 $57.82 $66.08 $82.60 $89.00 → $82.56 $57.79 $66.05 $82.56 $88.80 | D: s4: $82.60 → $82.56 | D: s4: $66.08 → $66.05 | D: s4: $57.82 → $57.79 | D: s6: $73.04 −8% → $70.68 −11% | D: s6: $104.92 +32% → $102.54 +29% | D: s6: $130.66 +64% → $128.13 +61% | D: s7: $82.60 → $82.56 | D: s8: $82.60 → $82.56 | D: s8: $82.60"" → $82.56"" | D: s8: $66.08 → $66.05 | D: s8: $82.60 ($76.00–$89.00) → $82.56 ($76.32–$88.80) | D: s8: $66.08 → $66.05 | D: rd/sm fv: 82.6 → 82.56 | D: rd/sm values.fvLow: 76 → 76.32 | D: rd/sm values.fvHigh: 89 → 88.8 | D: rd/sm values.scenarios[0].tgt: 73.04 → 70.68 | D: rd/sm values.scenarios[1].tgt: 104.92 → 102.54 | D: rd/sm values.scenarios[2].tgt: 130.66 → 128.13",2,2,0,18,7,1,2,8,,3.23
CVS,US,HUMAN,"TEXT LOST ×3: adj adj adj | D: FV 85 → 84.31 (family weights) | D: s1: ~23.3x → 22.3x | D: s2: $85.00 → $84.31 | D: s2: $85.00 → $84.31 | D: s3: $103 $85.00 → $102.91 $84.31 | D: s3: $85.00 → $84.31 | D: s3: −0.1%) → −0.9%) | D: s4: $85.00 $59.50 $68.00 $85.00 $103.00 $116 → $84.31 $59.02 $67.45 $84.31 $102.91 $116.00 | D: s4: $85.00 → $84.31 | D: s4: −0.1%) → −0.9%) | D: s4: $68.00 → $67.45 | D: s5: −0.1% → −0.9% | D: s6: $59 −21.2% → $58.73 −22% | D: s7: −0.1%) → −0.9%) | D: s8: $85.00 → $84.31 | D: s8: −0.1%) → −0.9%) | D: s8: $68.00 $85.00 ($66.00–$103.00) → $67.45 $84.31 ($65.70–$102.91) | D: s8: −0.1% → −0.9% | D: s8: $85.00 → $84.31 | D: s8: $68.00 → $67.45 | D: rd/sm fv: 85 → 84.31 | D: rd/sm values.fvLow: 66 → 65.7 | D: rd/sm values.fvHigh: 103 → 102.91 | D: rd/sm sm.pe: 23.3 → 22.264398 | D: rd/sm sm.mos: -0.1 → -0.9 | D: rd/sm sm.upside: -0.1 → -0.9 | D: rd/sm sm.fairValue: 85 → 84.31",2,2,3,19,8,0,1,9,,4.44
CVX,US,HUMAN,"TEXT LOST ×2: จุดสูงสุด กย | D: scn.bear.tgt 98 → 98.18 | D: scn.base.tgt 146 → 145.74 | D: scn.bull.tgt 208 → 207.84 | D: s3: $187 $166.00 → $186.90 $166.32 | D: s3: $166.00 → $166.32 | D: s4: $166.00 $116.20 $132.80 $166.00 $187 $223 → $166.32 $116.42 $133.06 $166.32 $186.90 $223.00 | D: s4: $166.00 → $166.32 | D: s4: $132.80 → $133.06 | D: s4: $116.20 → $116.42 | D: s6: $98.00 → $98.18 | D: s6: $146.00 → $145.74 | D: s6: $208.00 → $207.84 | D: s6: $166.00 → $166.32 | D: s6: $116.20–$132.80 → $116.42–$133.06 | D: s8: $166.00 → $166.32 | D: s8: $132.80 → $133.06 | D: s8: $116.20 → $116.42 | D: s8: $166.00 ($146.00–$187.00) → $166.32 ($145.74–$186.90) | D: s8: $132.80 → $133.06 | D: s8: $116.20 → $116.42 | D: s8: $98.00 → $98.18 | D: s2: $166.00 จุดสูงสุด ก.ย. 26 → $166.32 | D: rd/sm fv: 166 → 166.32 | D: rd/sm values.fvLow: 146 → 145.74 | D: rd/sm values.fvHigh: 187 → 186.9 | D: rd/sm values.scenarios[0].tgt: 98 → 98.18 | D: rd/sm values.scenarios[1].tgt: 146 → 145.74 | D: rd/sm values.scenarios[2].tgt: 208 → 207.84 | D: rd/sm sm.mos: -23.9 → -23.6 | D: rd/sm sm.upside: -19.3 → -19.1",2,2,2,19,10,0,1,8,,0.3
CW,US,VALUE-DRIFT,"scn.bear.tgt 286.02 → 285.99 | scn.base.tgt 386.02 → 386.01 | scn.bull.tgt 646.2 → 646.25 | prose stale copies ×3 (pe@analysis) | s1: ~39.1x → 37.4x | s6: $286.02 → $285.99 | s6: $386.02 → $386.01 | s6: $646.20 → $646.25 | rd/sm values.scenarios[0].tgt: 286.02 → 285.99 | rd/sm values.scenarios[1].tgt: 386.02 → 386.01 | rd/sm values.scenarios[2].tgt: 646.2 → 646.25 | rd/sm sm.pe: 39.1 → 37.428473",2,2,0,4,5,3,1,3,mixed,4.28
CWST,US,HUMAN,"scenarios.driver ""EBITDA +6%/ปี"" not in [""eps"";""ffo"";""revenuePerShare"";""bvps"";""fcfPerShare"";""de"";""fre""] | scenarios.exitMetric ""Exit EV/EBITDA"" not in [""pe"";""ps"";""pbv"";""pffo"";""pfcf"";""evsales""] | TEXT LOST ×18: EBITDA EBITDA Exit EV EBITDA ไม่มี EBITDA EBITDA | D: scn.bear.tgt 95 → 7489.72 | D: scn.base.tgt 135 → 10044.01 | D: scn.bull.tgt 182 → 13043.39 | D: s1: ~16.9x → 16.1x | D: s2: $120.00 → $119.73 | D: s2: $120.00 → $119.73 | D: s3: $116.97 → $117.00 | D: s3: $122.30 $120.00 → $122.26 $119.73 | D: s4: $120.00 $84.00 $96.00 → $119.73 $83.81 $95.78 | D: s4: $120.00 $122.00 → $119.73 $122.26 | D: s4: $120.00 → $119.73 | D: s4: ($96.00) → ($95.78) | D: s5: ($96.00) → ($95.78) | D: s8: $120.00 → $119.73 | D: s8: $120.00 ($117.00–$122.00) → $119.73 ($117.00–$122.26) | D: s8: ($96.00) → ($95.78) | D: s8: $84.00 → $83.81 | D: s6: $95.00 +13% EBITDA ปี 3 $499M Exit EV EBITDA → $7;489.72 +8834% $499.31 | D: s6: $135.00 +61% EBITDA ปี 3 $558M Exit EV EBITDA → $10;044.01 +11881% $558.00 | D: s6: $182.00 +117% EBITDA ปี 3 $621M Exit EV EBITDA → $13;043.39 +15459% $621.11 | D: rd/sm fv: 120 → 119.73 | D: rd/sm values.fvHigh: 122 → 122.26 | D: rd/sm values.scenarios[0].tgt: 95 → 7489.72 | D: rd/sm values.scenarios[1].tgt: 135 → 10044.01 | D: rd/sm values.scenarios[2].tgt: 182 → 13043.39 | D: rd/sm sm.upside: 43.1 → 42.8",3,3,18,17,7,0,3,10,,7783.92
D,US,VALUE-DRIFT,"scn.bear.tgt 48 → 48.05 | scn.base.tgt 68 → 68.13 | scn.bull.tgt 84 → 84.08 | prose stale copies ×1 (px@analysis) | s2: $63.00 → $63.02 | s3: $63.00 → $63.02 | s4: $63.00 $44.10 $50.40 $63.00 $64.90 → $63.02 $44.11 $50.42 $63.02 $64.92 | s4: $63.00 → $63.02 | s4: $50.40 → $50.42 | s6: $48.00 → $48.05 | s6: $68.00 → $68.13 | s6: $84.00 → $84.08 | s8: $63.00 → $63.02 | s8: $63.00 ($61.10–$64.90) → $63.02 ($61.11–$64.92) | s8: $63.00 → $63.02 | s8: $50.40 → $50.42 | rd/sm fv: 63 → 63.02 | rd/sm values.fvLow: 61.1 → 61.11 | rd/sm values.fvHigh: 64.9 → 64.92 | rd/sm values.scenarios[0].tgt: 48 → 48.05 | rd/sm values.scenarios[1].tgt: 68 → 68.13 | rd/sm values.scenarios[2].tgt: 84 → 84.08",2,2,0,12,7,1,0,3,mixed,0.19
DASH,US,HUMAN,"custom cards 9 > 4 — dropped ""Adj. EBITDA Q2'69""; ""FCF/share (TTM)""; ""GAAP Net Income Q2'69""; ""P/E (TTM)""; ""เงินปันผล"" | TEXT LOST ×45: Adj EBITDA margin ของ GOV YoY FCF share | D: scn.bear.tgt 137.28 → 137.21 | D: scn.bull.tgt 345.75 → 345.78 | D: s2: $216.00 → $215.84 | D: s3: $212 → $211.49 | D: s3: $214 $216.00 → $213.74 $215.84 | D: s3: $216.00 → $215.84 | D: s4: $216.00 $151.20 $172.80 $216.00 $222.00 → $215.84 $151.09 $172.67 $215.84 $222.30 | D: s4: ($216.00) → ($215.84) | D: s4: ($172.80) → ($172.67) | D: s6: $137.28 → $137.21 | D: s6: $345.75 → $345.78 | D: s8: $216.00 ($212.00–$222.00) → $215.84 ($211.49–$222.30) | D: s8: ($172.80) → ($172.67) | D: s8: ($151.20) → ($151.09) | D: s1: P E (TTM) ~98.7x EPS $1.90 × P E 101.5x = $192.94 · แพงเพราะ EPS ยังบางเทียบราคา 8.9% → ~8.9% | D: rd/sm fv: 216 → 215.84 | D: rd/sm values.fvLow: 212 → 211.49 | D: rd/sm values.fvHigh: 222 → 222.3 | D: rd/sm values.scenarios[0].tgt: 137.28 → 137.21 | D: rd/sm values.scenarios[2].tgt: 345.75 → 345.78 | D: rd/sm sm.pe: 98.7 → null",3,3,45,13,8,0,9,15,,0.24
DB,US,HUMAN,"custom cards 5 > 4 — dropped ""Cost/Income Ratio"" | TEXT LOST ×5: Cost Income Ratio เป้าหมาย ทำได้ | D: scn.bear.tgt 21 → 20.98 | D: scn.base.tgt 27.46 → 27.45 | D: scn.bull.tgt 39.27 → 39.22 | D: prose stale copies ×1 (pe@analysis) | D: s1: $75.0B → $70.2B | D: s1: ~10.1x → 9.4x | D: s1: ~1.06x → 0.99x | D: s3: $31.54 → $31.53 | D: s4: $31.54 → $31.53 | D: s6: $21.00 → $20.98 | D: s6: $27.46 → $27.45 | D: s6: $39.27 → $39.22 | D: s8: ($27.95–$31.54) → ($27.95–$31.53) | D: s1: Cost Income Ratio 64% เป้าหมาย <65% (Q2'26 ทำได้ 63.0%) ~3.26% → 3.26% | D: rd/sm values.fvHigh: 31.54 → 31.53 | D: rd/sm values.scenarios[0].tgt: 21 → 20.98 | D: rd/sm values.scenarios[1].tgt: 27.46 → 27.45 | D: rd/sm values.scenarios[2].tgt: 39.27 → 39.22 | D: rd/sm sm.pe: 10.1 → 9.448276",2,2,5,10,7,1,5,7,,6.45
DCC,TH,HUMAN,"scenarios.cases[0] .ret annotation ""/ปี"" not carried — a per-year/number label would mislabel the v3 total return | scenarios.cases[1] .ret annotation ""/ปี"" not carried — a per-year/number label would mislabel the v3 total return | scenarios.cases[2] .ret annotation ""/ปี"" not carried — a per-year/number label would mislabel the v3 total return | D: scn.bear.tgt ฿1.03 → 1.04 | D: scn.base.tgt ฿1.63 → 1.64 | D: scn.bull.tgt ฿2.00 → 2.01 | D: s1: ~฿12.3พัน ล. → ฿1.23 หมื่นล้าน พัน ล · | D: s6: ฿1.03 −2.0% ปี ฿0.094 → ฿1.04 −5% ฿0.09 | D: s6: ฿1.63 +11.7% ปี ฿0.109 → ฿1.64 +40% ฿0.11 | D: s6: ฿2.00 +18.9% ปี ฿0.125 → ฿2.01 +69% ฿0.13",3,3,0,4,2,0,1,8,,0
DCI,US,VALUE-DRIFT,"s2: $77.70 → $77.68 | s3: $77.70 → $77.68 | s3: $77.70 → $77.68 | s4: $77.70 $54.39 $62.16 $77.70 $80.00 → $77.68 $54.38 $62.14 $77.68 $80.47 | s4: $77.70 → $77.68 | s4: $62.16 → $62.14 | s8: $77.70 → $77.68 | s8: $62.16 → $62.14 | s8: $77.70 ($75.00–$80.00) → $77.68 ($74.90–$80.47) | s8: $77.70 → $77.68 | s8: ($62.16) → ($62.14) | rd/sm fv: 77.7 → 77.68 | rd/sm values.fvLow: 75 → 74.9 | rd/sm values.fvHigh: 80 → 80.47",2,2,0,11,5,0,1,9,fv-rounding,0.59
DD,US,VALUE-DRIFT,"scn.bear.tgt 112.85 → 112.86 | scn.base.tgt 165.1 → 165.03 | scn.bull.tgt 239.1 → 239.06 | header: $92.49 – $157.98 → · | s2: $124.40 → $123.89 | s3: $128.84 → $128.86 | s3: $118.71 $124.40 → $118.73 $123.89 | s3: $124.40 → $123.89 | s4: $124.40 $87.08 $99.52 $124.40 $128.80 → $123.89 $86.72 $99.11 $123.89 $128.86 | s4: $124.40 → $123.89 | s5: ($124.40) → ($123.89) | s5: ($99.52) → ($99.11) | s5: ($87.08) → ($86.72) | s6: $112.85 → $112.86 | s6: $165.10 → $165.03 | s6: $239.10 → $239.06 | s8: $124.40 → $123.89 | s8: $118.70–$128.80) → $118.73–$128.86) | s8: $124.40 ($118.70–$128.80) → $123.89 ($118.73–$128.86) | s8: ($99.52) → ($99.11) | rd/sm fv: 124.4 → 123.89 | rd/sm values.fvLow: 118.7 → 118.73 | rd/sm values.fvHigh: 128.8 → 128.86 | rd/sm values.scenarios[0].tgt: 112.85 → 112.86 | rd/sm values.scenarios[1].tgt: 165.1 → 165.03 | rd/sm values.scenarios[2].tgt: 239.1 → 239.06 | rd/sm sm.mos: -4.7 → -5.1 | rd/sm sm.upside: -4.5 → -4.9",3,3,0,17,9,0,3,10,multi-rounding,0.41
DDOG,US,VALUE-DRIFT,"scn.bear.tgt 160 → 159.95 | scn.base.tgt 253 → 252.68 | scn.bull.tgt 361 → 361.3 | s1: ~21x → 23.2x | s2: $139.00 → $139.10 | s3: $164 $139.00 → $164.31 $139.10 | s4: $139.00 $97.30 $111.20 $139.00 → $139.10 $97.37 $111.28 $139.10 $164.31 | s4: $361.00 → | s4: $139.00 → $139.10 | s5: $139.00 → $139.10 | s6: $160.00 → $159.95 | s6: $253.00 −1.5% (−0.5% → $252.68 −1.7% (−0.6% | s6: $4.60 → $4.59 | s6: $361.00 → $361.30 | s8: $139.00 ($114.00–$164.00) → $139.10 ($113.88–$164.31) | s8: $114.00–$164.00 → $113.88–$164.31 | s8: $111.20 → $111.28 | rd/sm fv: 139 → 139.1 | rd/sm values.fvLow: 114 → 113.88 | rd/sm values.fvHigh: 164 → 164.31 | rd/sm values.scenarios[0].tgt: 160 → 159.95 | rd/sm values.scenarios[1].tgt: 253 → 252.68 | rd/sm values.scenarios[2].tgt: 361 → 361.3 | rd/sm sm.pe: 101.5 → 524.326531",2,2,0,14,9,0,2,5,mixed,416.58
DE,US,VALUE-DRIFT,"scn.bear.tgt 375 → 374.86 | scn.base.tgt 547 → 547.21 | scn.bull.tgt 773 → 773.01 | s1: ~38.0x → 28.7x | s2: $504.00 → $503.62 | s2: $504.00 → $503.62 | s3: $635 $504.00 → $634.56 $503.62 | s3: $504.00 → $503.62 | s4: $504.00 $352.80 $403.20 $504.00 $635.00 $688 → $503.62 $352.53 $402.90 $503.62 $634.56 $688.00 | s4: $504.00 → $503.62 | s4: $403.20–$504.00 → $402.90–$503.62 | s4: $352.80 → $352.53 | s6: $375.00 → $374.86 | s6: $20.82 → $20.83 | s6: $547.00 → $547.21 | s6: $773.00 → $773.01 | s7: $504.00 → $503.62 | s8: $504.00 → $503.62 | s8: $504.00 ($373.00–$635.00) → $503.62 ($372.68–$634.56) | s8: $504.00 → $503.62 | s8: $403.20–$504.00 → $402.90–$503.62 | rd/sm fv: 504 → 503.62 | rd/sm values.fvLow: 373 → 372.68 | rd/sm values.fvHigh: 635 → 634.56 | rd/sm values.scenarios[0].tgt: 375 → 374.86 | rd/sm values.scenarios[1].tgt: 547 → 547.21 | rd/sm values.scenarios[2].tgt: 773 → 773.01",2,2,0,18,7,0,1,5,multi-rounding,0.09
DECK,US,VALUE-DRIFT,"scn.bear.tgt 86 → 85.89 | scn.base.tgt 168 → 168.19 | scn.bull.tgt 235 → 234.88 | s2: $136.00 → $136.33 | s3: $145 $136.00 → $145.00 $136.33 | s3: $136.00 → $136.33 | s4: $136.00 $95.20 $108.80 → $136.33 $95.43 $109.06 | s4: $136.00 $152.00 → $136.33 $152.33 | s4: $136.00 → $136.33 | s4: ($95.20) → ($95.43) | s6: $86.00 → $85.89 | s6: $168.00 → $168.19 | s6: $235.00 → $234.88 | s8: $136.00 → $136.33 | s8: $136.00 ($112.00–$152.00) → $136.33 ($111.65–$152.33) | s8: $95.20 → $95.43 | rd/sm fv: 136 → 136.33 | rd/sm values.fvLow: 112 → 111.65 | rd/sm values.fvHigh: 152 → 152.33 | rd/sm values.scenarios[0].tgt: 86 → 85.89 | rd/sm values.scenarios[1].tgt: 168 → 168.19 | rd/sm values.scenarios[2].tgt: 235 → 234.88 | rd/sm sm.mos: 42.1 → 42.3 | rd/sm sm.upside: 72.9 → 73.3",3,3,0,13,10,0,1,10,multi-rounding,0.4
DELL,US,VALUE-DRIFT,"scn.bear.tgt 240 → 239.67 | scn.base.tgt 498 → 498.13 | scn.bull.tgt 836 → 836.28 | s2: $339.00 → $338.78 | s3: $323 $339.00 → $323.00 $338.78 | s4: $339.00 $237.30 $271.20 $339.00 → $338.78 $237.15 $271.02 $338.78 $354.56 | s4: $735 → | s4: $339.00 → $338.78 | s5: $339.00 → $338.78 | s5: $271.20 → $271.02 | s6: $240.00 → $239.67 | s6: $498.00 → $498.13 | s6: $836.00 → $836.28 | s8: $339.00 ($323.00–$355.00) → $338.78 ($323.00–$354.56) | s8: ($323.00–$355.00) → ($323.00–$354.56) | s8: ($271.20) → ($271.02) | rd/sm fv: 339 → 338.78 | rd/sm values.fvHigh: 355 → 354.56 | rd/sm values.scenarios[0].tgt: 240 → 239.67 | rd/sm values.scenarios[1].tgt: 498 → 498.13 | rd/sm values.scenarios[2].tgt: 836 → 836.28",2,2,0,13,7,0,2,12,multi-rounding,0.14
DELTA,TH,HUMAN,"fv legs 1 < 2 (E17) | TEXT LOST ×6: บริบท ไม่รวมใน FV บริบท ไม่รวมใน FV | D: scn.bear.tgt 105 → 104.98 | D: scn.base.tgt 332 → 331.78 | D: scn.bull.tgt 590 → 590.49 | D: s1: ~100.4x → 106.3x | D: s3: ฿103.00 → ฿156.00 | D: s3: ฿336.00 → ฿156.00 | D: s4: ฿336.00 → | D: s6: ฿105.00 → ฿104.98 | D: s6: ฿332.00 → ฿331.78 | D: s6: ฿590.00 +131% → ฿590.49 +132% | D: s8: (฿103.00–฿336.00) → (฿156.00–฿156.00) | D: rd/sm values.fvLow: 103 → 156 | D: rd/sm values.fvHigh: 336 → 156 | D: rd/sm values.scenarios[0].tgt: 105 → 104.98 | D: rd/sm values.scenarios[1].tgt: 332 → 331.78 | D: rd/sm values.scenarios[2].tgt: 590 → 590.49 | D: rd/sm sm.pe: 100.4 → 106.25",3,1,6,8,7,0,1,6,,53.57
DEO,US,VALUE-DRIFT,"scn.bull.tgt 141.56 → 141.55 | s6: $141.56 → $141.55 | rd/sm values.scenarios[2].tgt: 141.56 → 141.55",2,2,0,1,2,0,1,6,scn-tgt,0.01
DG,US,VALUE-DRIFT,"scn.bear.tgt $91.39 → 91.36 | scn.bull.tgt $239.61 → 239.57 | s2: $133.00 → $132.99 | s3: $125 $133.00 → $125.08 $132.99 | s3: $133.00 → $132.99 | s3: $119.00–$141.00: → $125.08–$140.91: | s4: $133.00 $93.10 $106.40 $133.00 → $132.99 $93.09 $106.39 $132.99 | s4: $141.00 → $140.91 | s4: $133.00 → $132.99 | s4: ($106.40) → ($106.39) | s4: ($93.10) → ($93.09) | s6: $91.39 −25.4% → $91.36 −25% | s6: $239.61 +95.6% → $239.57 +96% | s8: $133.00 → $132.99 | s8: ($106.40) → ($106.39) | s8: $133.00 ($119.00–$141.00) → $132.99 ($125.08–$140.91) | s8: ($106.40) → ($106.39) | s8: ($93.10) → ($93.09) | s8: ($141.00) → ($140.91) | rd/sm fv: 133 → 132.99 | rd/sm values.fvLow: 119 → 125.08 | rd/sm values.fvHigh: 141 → 140.91",2,2,0,17,4,0,0,5,mixed,5.11
DGX,US,VALUE-DRIFT,"prose stale copies ×2 (pe@analysis) | s1: ~26.2x → 25.1x | s2: $184.00 → $184.18 | s3: $181.45 → $181.46 | s3: $184.00 → $184.18 | s3: $184.00 (−29%) → $184.18 (−28%) | s4: $184.00 $128.80 $147.20 $184.00 $212.00 $247 → $184.18 $128.93 $147.34 $184.18 $212.35 $247.00 | s4: ($212.00) → ($212.35) | s4: ($147.20) → ($147.34) | s4: ($184.00) → ($184.18) | s5: −29% → −28% | s5: $184.00 (−29%) → $184.18 (−28%) | s5: $147.20–$171.00 → $147.34–$171.44 | s7: −29%) → −28%) | s8: $184.00 → $184.18 | s8: −29%) → −28%) | s8: $147.20–$171.00 $184.00 ($171.00–$212.00) → $147.34–$171.44 $184.18 ($171.44–$212.35) | s8: −29% → −28% | s8: ($147.20) → ($147.34) | s8: ($184.00) → ($184.18) | rd/sm fv: 184 → 184.18 | rd/sm values.fvLow: 171 → 171.44 | rd/sm values.fvHigh: 212 → 212.35 | rd/sm sm.pe: 26.2 → 25.115711",3,3,0,19,6,2,0,5,mixed,4.14
DHI,US,VALUE-DRIFT,"scn.base.tgt 139.91 → 139.92 | s2: $117.47 → $117.46 | s3: $117.47 → $117.46 | s3: $117.47 → $117.46 | s4: $117.47 $82.23 $93.98 $117.47 → $117.46 $82.22 $93.97 $117.46 | s4: $117.47 → $117.46 | s4: $117.47 → $117.46 | s4: $117.47 → $117.46 | s4: $93.98 → $93.97 | s4: $82.23 → $82.22 | s5: ($93.98) → ($93.97) | s6: $139.91 → $139.92 | s6: ($82.23–$93.98) → ($82.22–$93.97) | s8: $117.47 → $117.46 | s8: $117.47 → $117.46 | s8: ($93.98) → ($93.97) | s8: $117.47 → $117.46 | s8: $117.47 → $117.46 | s8: $82.23–$93.98 → $82.22–$93.97 | s8: $93.98 → $93.97 | rd/sm fv: 117.47 → 117.46 | rd/sm values.scenarios[1].tgt: 139.91 → 139.92",2,2,0,19,3,0,1,7,multi-rounding,0.01
DHR,US,HUMAN,"failed before compare — compute: scenarios.cases[2].desc: ต้องเป็นข้อความยาว ≥1 | scenarios.cases[2].desc: no ""สถานการณ์"" row | schema scenarios.cases[2].desc: ต้องเป็นข้อความยาว ≥1",2,2,0,0,0,0,1,4,,0
DIS,US,HUMAN,"TEXT LOST ×1: ปันผลรวมสามปี | D: scn.bull.tgt 184.53 → 184.54 | D: s6: $184.53 → $184.54 | D: rd/sm values.scenarios[2].tgt: 184.53 → 184.54",2,2,1,1,2,0,2,7,,0.01
DITTO,TH,VALUE-DRIFT,"scn.bear.tgt 10.93 → 10.94 | s2: ฿15.07 → ฿15.08 | s2: ฿15.07 → ฿15.08 | s3: ฿15.07 → ฿15.08 | s3: ฿15.07 → ฿15.08 | s4: ฿15.07 ฿10.55 → ฿15.08 ฿10.56 | s4: ฿15.07 ฿16.80 → ฿15.08 | s4: ฿15.07 → ฿15.08 | s6: ฿10.93 → ฿10.94 | s8: ฿15.07 → ฿15.08 | rd/sm fv: 15.07 → 15.08 | rd/sm values.scenarios[0].tgt: 10.93 → 10.94",3,3,0,9,4,0,1,5,multi-rounding,0.09
DLR,US,HUMAN,"TEXT LOST ×12: Core FFO Core FFO Core FFO Core FFO | D: scn.base.tgt 209.4 → 209.41 | D: prose:prose.gauge ""+22.7%"" → {{analyst.pct}} | D: prose:prose.verdictBody ""+22.7%"" → {{analyst.pct}} | D: prose:catalysts[5] ""+22.7%"" → {{analyst.pct}} | D: prose stale copies ×2 (pe@analysis) | D: s2: $179.00 → $178.65 | D: s3: $179.00 → $178.65 | D: s3: $179.00 → $178.65 | D: s4: $179.00 $125.30 $143.20 $179.00 → $178.65 $125.06 $142.92 $178.65 | D: s4: $179.00 → $178.65 | D: s4: (−1.1%) → (−1.3%) | D: s4: $143.20 → $142.92 | D: s4: $125.30 → $125.06 | D: s5: −1.1% → −1.3% | D: s5: (~$143.20) → (~$142.92) | D: s6: $209.40 → $209.41 | D: s6: $209.40 → $209.41 | D: s8: −1.1% → −1.3% | D: s8: $179.00 → $178.65 | D: s8: ($143.20) → ($142.92) | D: s8: $179.00 → $178.65 | D: s8: −1.1% → −1.3% | D: s8: ($143.20) → ($142.92) | D: rd/sm fv: 179 → 178.65 | D: rd/sm values.scenarios[1].tgt: 209.4 → 209.41 | D: rd/sm sm.pe: 23 → 87.019231 | D: rd/sm sm.mos: -1.1 → -1.3 | D: rd/sm sm.upside: -1.1 → -1.3",2,2,12,18,7,2,4,7,,278.34
DMT,TH,VALUE-DRIFT,"scn.base.tgt 10.1 → 10.05 | scn.bull.tgt 13.75 → 13.7 | s6: ฿10.10 → ฿10.05 | s6: ฿13.75 +38% → ฿13.70 +37% | rd/sm values.scenarios[1].tgt: 10.1 → 10.05 | rd/sm values.scenarios[2].tgt: 13.75 → 13.7",2,2,0,2,3,0,1,7,scn-tgt,0.5
DOC,US,HUMAN,"custom cards 7 > 4 — dropped ""Lab/Life Science Occ. (Q1 2569)""; ""หุ้น Janus Living (JAN)""; ""ROE (Fwd; GAAP)"" | TEXT LOST ×34: Lab Life Science Occ ฟื้นตัว QoQ จากจุดต่ำสุดปี หุ้น | D: scn.bear.tgt 18 → 18.46 | D: scn.base.tgt 25 → 25.3 | D: scn.bull.tgt 32 → 31.79 | D: prose stale copies ×1 (px@analysis) | D: s2: $21.60 → $21.62 | D: s3: $20.7 $21.60 → $20.74 $21.62 | D: s3: $21.60 → $21.62 | D: s4: $21.60 $15.12 $17.28 $21.60 $22.50 → $21.62 $15.13 $17.30 $21.62 $22.49 | D: s4: $21.60 → $21.62 | D: s4: ($17.28) → ($17.30) | D: s6: $18.00 +7% → $18.46 +9% | D: s6: $25.00 +42% → $25.30 +43% | D: s6: $32.00 +77% → $31.79 +76% | D: s8: $21.60 → $21.62 | D: s8: $17.28 → $17.30 | D: s8: $21.60 ($20.70–$22.50) → $21.62 ($20.74–$22.49) | D: s8: $21.60 → $21.62 | D: s8: $17.28 → $17.30 | D: s1: Lab Life Science Occ. (Q1 2569) 77.7% ฟื้นตัว QoQ จากจุดต่ำสุดปี 2565-67 ~6.02% → 6.02% | D: s1: หุ้น Janus Living (JAN) ถือ 81.6% 214.7M หุ้น + ค่าบริหารจัดการภายนอก ROE (Fwd; GAAP) ~4.3% บิดเบือนจาก gain ดีล IPO Janus Living ~0.85 → 0.85 | D: rd/sm fv: 21.6 → 21.62 | D: rd/sm values.fvLow: 20.7 → 20.74 | D: rd/sm values.fvHigh: 22.5 → 22.49 | D: rd/sm values.scenarios[0].tgt: 18 → 18.46 | D: rd/sm values.scenarios[1].tgt: 25 → 25.3 | D: rd/sm values.scenarios[2].tgt: 32 → 31.79",2,2,34,16,8,1,7,13,,2.56
DOHOME,TH,CLEAN,"leg 1: multipleSource author (negated median) | leg 2: multipleSource author (no median/peer/sector wording) | analyst.target 3.95 from gauge ""เป้าเฉลี่ย Analyst"" (no values.analystTgt) | chart hint kept → text.chartHint ""ต.ค. 2568 – ก.ย. 2569"" | prose literals → tokens ×6 | rd/sm gauge.min: 0 → 3 | rd/sm gauge.max: 100 → 6",2,2,0,0,2,0,0,7,,0
DOV,US,VALUE-DRIFT,"scn.bull.tgt 245.18 → 245.17 | s2: $181.00 → $180.65 | s3: $181.00 → $180.65 | s3: $181.00 → $180.65 | s4: $181.00 $126.70 $144.80 $181.00 $201.00 → $180.65 $126.46 $144.52 $180.65 $200.93 | s4: $181.00 → $180.65 | s4: $144.80 → $144.52 | s5: $126.70–$144.80 → $126.46–$144.52 | s6: $245.18 → $245.17 | s6: $11.68 21x → $11.67 21.0x | s8: $181.00 → $180.65 | s8: $181.00 ($160.00–$201.00) → $180.65 ($160.38–$200.93) | s8: $181.00 → $180.65 | s8: $126.70–$144.80 → $126.46–$144.52 | rd/sm fv: 181 → 180.65 | rd/sm values.fvLow: 160 → 160.38 | rd/sm values.fvHigh: 201 → 200.93 | rd/sm values.scenarios[2].tgt: 245.18 → 245.17 | rd/sm sm.mos: -3.8 → -4 | rd/sm sm.upside: -3.7 → -3.9",2,2,0,13,8,0,0,5,multi-rounding,0.24
DOW,US,HUMAN,"failed before compare — compute: scenarios.cases[0].growth: ต้องมี (ตัวเลข) | scenarios.driver ""วัฏจักรฝืด"" not in [""eps"";""ffo"";""revenuePerShare"";""bvps"";""fcfPerShare"";""de"";""fre""] | scenarios.cases[0].growth unreadable (""วัฏจักรฝืด"") | scenarios.cases[1].growth unreadable (""ฟื้นตัวช้า"") | scenarios.cases[2].growth unreadable (""ซูเปอร์ไซเคิล"") | schema scenarios.cases[0].growth: ต้องมี (ตัวเลข) | schema scenarios.cases[1].growth: ต้องมี (ตัวเลข) | schema scenarios.cases[2].growth: ต้องมี (ตัวเลข)",2,2,0,0,0,0,4,7,,0
DPZ,US,HUMAN,"custom cards 5 > 4 — dropped ""Store Count (Global)"" | TEXT LOST ×8: Store Count Global แฟรนไชส์ สุทธิ สาขา ไตรมาส ตัวคูณที่วัดจริงของ | D: prose stale copies ×1 (pe@analysis) | D: s1: ~16.7x → 16.6x | D: s2: $447.00 → $447.26 | D: s3: $442 $447.00 → $442.43 $447.26 | D: s4: $447.00 $312.90 $357.60 → $447.26 $313.08 $357.81 | D: s4: $447.00 $452.00 → $447.26 $452.10 | D: s4: $447.00 → $447.26 | D: s4: $312.90 → $313.08 | D: s5: $447.00 → $447.26 | D: s8: $312.90 → $313.08 | D: s8: $447.00 ($442.00–$452.00) → $447.26 ($442.43–$452.10) | D: s8: $312.90 → $313.08 | D: s1: Store Count (Global) ~21;500+ แฟรนไชส์ >99% • สุทธิ +180 สาขา ไตรมาส ~2.71% → 2.71% | D: rd/sm fv: 447 → 447.26 | D: rd/sm values.fvLow: 442 → 442.43 | D: rd/sm values.fvHigh: 452 → 452.1",2,2,8,12,5,1,5,11,,0.1
DRI,US,HUMAN,"TEXT LOST ×2: มัธยฐาน สูงสุด | D: s1: ~20.2x → 20.0x | D: s1: 10.58x → 10.73x | D: s2: $204.32 → $204.30 | D: s3: $204.77 $204.32 → $204.69 $204.30 | D: s3: $204.32 → $204.30 | D: s4: $204.32 $143.02 $163.46 $204.32 → $204.30 $143.01 $163.44 $204.30 | D: s4: $204.32 → $204.30 | D: s4: ($163.46) → ($163.44) | D: s8: ($204.32) → ($204.30) | D: s8: ($163.46) → ($163.44) | D: s8: $204.32 → $204.30 | D: s8: ($163.46) → ($163.44) | D: rd/sm fv: 204.32 → 204.3",3,3,2,12,3,0,0,4,,0.01
DRS,US,HUMAN,"TEXT LOST ×2: มัธยฐานย้อนหลัง มัธยฐานย้อนหลัง | D: scn.bear.tgt 32.5 → 32.51 | D: scn.base.tgt 48.43 → 48.48 | D: scn.bull.tgt 78.28 → 78.14 | D: prose:prose.gauge ""+44.7%"" → {{analyst.pct}} | D: prose stale copies ×3 (pe@analysis;upside@analysis) | D: s1: ~31.3x → 31.6x | D: s4: (+44.7%; → (+43%; | D: s6: $32.50 → $32.51 | D: s6: $48.43 → $48.48 | D: s6: $78.28 → $78.14 | D: rd/sm values.scenarios[0].tgt: 32.5 → 32.51 | D: rd/sm values.scenarios[1].tgt: 48.43 → 48.48 | D: rd/sm values.scenarios[2].tgt: 78.28 → 78.14",2,2,2,5,5,3,1,4,,0.18
DRT,TH,HUMAN,"scenarios.cases[0] .ret annotation ""/ 3 ปี (~+2.4%/ปี)"" not carried — a per-year/number label would mislabel the v3 total return | scenarios.cases[1] .ret annotation ""/ 3 ปี (~+14.2%/ปี)"" not carried — a per-year/number label would mislabel the v3 total return | scenarios.cases[2] .ret annotation ""/ 3 ปี (~+28.8%/ปี)"" not carried — a per-year/number label would mislabel the v3 total return | TEXT LOST ×3: รวมปันผล รวมปันผล รวมปันผล | D: prose stale copies ×1 (pe@analysis) | D: s1: ~11.0x → 10.9x | D: s4: ฿5.29 → | D: s4: ฿6.70 → ฿7.57 | D: s8: (฿5.29–฿6.70) → (฿5.29–฿7.57) | D: s6: รวมปันผล +7.3% 3 ปี (~+2.4% ปี) → +7% | D: s6: รวมปันผล +49.0% 3 ปี (~+14.2% ปี) → +49% | D: s6: รวมปันผล +113.5% 3 ปี (~+28.8% ปี) → +113% | D: rd/sm values.fvHigh: 6.7 → 7.57",3,3,3,7,3,1,0,6,,12.99
DTE,US,HUMAN,"scenarios.cases[0] .ret annotation ""รวม / ~−1.5%/ปี"" not carried — a per-year/number label would mislabel the v3 total return | scenarios.cases[1] .ret annotation ""รวม / ~9.9%/ปี"" not carried — a per-year/number label would mislabel the v3 total return | scenarios.cases[2] .ret annotation ""รวม / ~15.4%/ปี"" not carried — a per-year/number label would mislabel the v3 total return | TEXT LOST ×13: DTE รวม ปันผลสะสม แยก ไม่รวมในเป้า รวม ปันผลสะสม แยก | D: scn.bear.tgt $115.90 → 115.85 | D: scn.base.tgt $160.76 → 160.7 | D: scn.bull.tgt $185.98 → 185.91 | D: prose stale copies ×2 (px@analysis;pe@analysis) | D: s1: ~$25.2 → $25.2B | D: s1: ~20% → · | D: s6: $115.90 −4.4% รวม −1.5% ปี → $115.85 −4% | D: s6: 16x ปันผลสะสม 3 ปี (แยก ไม่รวมในเป้า) $14.4 → 16.0x | D: s6: $160.76 +32.7% รวม 9.9% ปี → $160.70 +33% | D: s6: $185.98 +53.5% รวม 15.4% ปี $8.86 21x ปันผลสะสม 3 ปี (แยก ไม่รวมในเป้า) $16.4 → $185.91 +53% $8.85 21.0x",2,2,13,6,1,2,2,8,,0
DTM,US,HUMAN,"TEXT LOST ×1: คาดการณ์ปี | D: FV 97.11 → 97.67 (family weights) | D: scn.bear.tgt 106.26 → 106.69 | D: scn.base.tgt 154.71 → 155.44 | D: scn.bull.tgt 202.2 → 203.12 | D: prose stale copies ×4 (px@analysis;pe@analysis) | D: s1: ~27.5x → 27.3x | D: s2: $97.11 → $97.67 | D: s3: $113.34 $97.11 → $114.45 $97.67 | D: s4: $97.11 $67.98 $77.69 $97.11 $113.34 → $97.67 $68.37 $78.14 $97.67 $114.45 | D: s4: ($97.11) → ($97.67) | D: s6: $106.26 → $106.69 | D: s6: $4.83 → $4.85 | D: s6: $154.71 +33% → $155.44 +34% | D: s6: $5.73 → $5.76 | D: s6: $202.20 +71% → $203.12 +72% | D: s6: $6.74 → $6.77 | D: s8: $97.11 ($80.89–$113.34) → $97.67 ($80.89–$114.45) | D: rd/sm fv: 97.11 → 97.67 | D: rd/sm values.fvHigh: 113.34 → 114.45 | D: rd/sm values.scenarios[0].tgt: 106.26 → 106.69 | D: rd/sm values.scenarios[1].tgt: 154.71 → 155.44 | D: rd/sm values.scenarios[2].tgt: 202.2 → 203.12 | D: rd/sm sm.mos: -28.5 → -27.7 | D: rd/sm sm.upside: -22.2 → -21.7 | D: rd/sm sm.fairValue: 97.11 → 97.67",2,2,1,12,10,4,3,7,,0.98
DUK,US,VALUE-DRIFT,"scn.bear.tgt 140.28 → 127.22 | scn.base.tgt 167.22 → 154.2 | scn.bull.tgt 197.6 → 184.57 | prose stale copies ×1 (px@analysis) | s4: $133.00 → $133.20 | s6: $140.28 +24% → $127.22 +12% | s6: $167.22 +48% → $154.20 +36% | s6: $197.60 +75% → $184.57 +63% | s8: ($118.00–$133.00) → ($118.03–$133.20) | rd/sm values.fvLow: 118 → 118.03 | rd/sm values.fvHigh: 133 → 133.2 | rd/sm values.scenarios[0].tgt: 140.28 → 127.22 | rd/sm values.scenarios[1].tgt: 167.22 → 154.2 | rd/sm values.scenarios[2].tgt: 197.6 → 184.57",3,3,0,5,5,1,0,2,mixed,9.31
DUSIT,TH,HUMAN,"failed before compare — compute: scenarios.cases[0].growth: ต้องมี (ตัวเลข) | scenarios.driver ""ฟื้นตัวล่าช้า"" not in [""eps"";""ffo"";""revenuePerShare"";""bvps"";""fcfPerShare"";""de"";""fre""] | scenarios.cases[0].growth unreadable (""ฟื้นตัวล่าช้า"") | scenarios.cases[1].growth unreadable (""ฟื้นตัวปกติ"") | scenarios.cases[2].growth unreadable (""ฟื้นตัวแข็งแกร่ง"") | schema scenarios.cases[0].growth: ต้องมี (ตัวเลข) | schema scenarios.cases[1].growth: ต้องมี (ตัวเลข) | schema scenarios.cases[2].growth: ต้องมี (ตัวเลข) | custom cards 5 > 4 — dropped ""EV/Sales""",2,2,0,0,0,0,5,9,,0
DVA,US,VALUE-DRIFT,"scn.bear.tgt 138 → 138.16 | scn.base.tgt 190 → 190.39 | scn.bull.tgt 251 → 251.45 | s1: ~8.8x → 8.6x | s2: $184.00 → $183.76 | s3: $207 $184.00 → $207.68 $183.76 | s3: $184.00 → $183.76 | s4: $184.00 $128.80 $147.20 $174.67 $184.00 $207.00 → $183.76 $128.63 $147.01 $183.76 $207.68 $220.00 | s4: $184.00 → $183.76 | s4: $147.20 → $147.01 | s4: $128.80 → $128.63 | s6: $138.00 → $138.16 | s6: $190.00 → $190.39 | s6: $251.00 → $251.45 | s8: $184.00 → $183.76 | s8: $184.00 ($160.00–$207.00) → $183.76 ($159.85–$207.68) | s8: $147.20 → $147.01 | s8: $128.80 → $128.63 | rd/sm fv: 184 → 183.76 | rd/sm values.fvLow: 160 → 159.85 | rd/sm values.fvHigh: 207 → 207.68 | rd/sm values.scenarios[0].tgt: 138 → 138.16 | rd/sm values.scenarios[1].tgt: 190 → 190.39 | rd/sm values.scenarios[2].tgt: 251 → 251.45 | rd/sm sm.mos: 5.1 → 4.9",2,2,0,15,8,0,3,8,multi-rounding,0.33
DVN,US,HUMAN,"TEXT LOST ×2: Coterra merger | D: s3: $38.80 → $38.81 | D: s4: $38.80 $27.16 $31.04 $38.80 → $38.81 $27.17 $31.05 $38.81 | D: s4: $38.80 → $38.81 | D: s4: ($31.04) → ($31.05) | D: s4: $27.16–$31.04 → $27.17–$31.05 | D: s5: ($27.16–$31.04) → ($27.17–$31.05) | D: s8: $27.16–$31.04 → $27.17–$31.05 | D: s8: $38.80 → $38.81 | D: s8: $38.80 → $38.81 | D: s8: $27.16–$31.04 → $27.17–$31.05 | D: s2: $38.80 (Coterra merger) → $38.81 | D: rd/sm fv: 38.8 → 38.81",3,3,2,11,1,0,0,7,,0.03
DXCM,US,VALUE-DRIFT,"scn.bear.tgt 81.12 → 81.14 | scn.base.tgt 104.22 → 104.3 | scn.bull.tgt 120.93 → 121.03 | prose:prose.gauge ""+5.3%"" → {{analyst.pct}} | prose:prose.verdictBody ""+5.3%"" → {{analyst.pct}} | prose:prose.strategy ""$89.35"" → {{px}} | prose:prose.strategy ""$85"" → {{fv}} | prose:catalysts[5] ""+5.3%"" → {{analyst.pct}} | prose stale copies ×3 (px@analysis) | s2: $85.00 → $84.98 | s2: $85.00 → $84.98 | s3: $85.00 → $84.98 | s3: $85.00 → $84.98 | s4: $85.00 $59.50 $68.00 $85.00 → $84.98 $59.49 $67.98 $84.98 | s4: $85.00 → $84.98 | s4: ($68.00) → ($67.98) | s4: ($59.50) → ($59.49) | s4: (+5.3% → (+8% | s6: $81.12 → $81.14 | s6: $104.22 → $104.30 | s6: $120.93 → $121.03 | s7: (+5.3%) → (+8%) | s8: $85.00 → $84.98 | s8: (+5.3%) → (+8%) | s8: $85.00 → $84.98 | s8: $89.35 → $87.47 | rd/sm fv: 85 → 84.98 | rd/sm values.scenarios[0].tgt: 81.12 → 81.14 | rd/sm values.scenarios[1].tgt: 104.22 → 104.3 | rd/sm values.scenarios[2].tgt: 120.93 → 121.03",2,2,0,17,6,3,3,10,mixed,0.08
DY,US,VALUE-DRIFT,"scn.bear.tgt 192.16 → 192.15 | scn.bull.tgt 598.8 → 598.69 | prose stale copies ×2 (pe@analysis) | s1: ~4.31x → 3.99x | s6: $192.16 → $192.15 | s6: $598.80 → $598.69 | rd/sm values.scenarios[0].tgt: 192.16 → 192.15 | rd/sm values.scenarios[2].tgt: 598.8 → 598.69",2,2,0,3,4,2,1,7,mixed,0.02
EASTW,TH,HUMAN,"TEXT LOST ×1: ปรับฐาน | D: prose stale copies ×1 (px@analysis) | D: s1: ~67.0x → 70.3x | D: s4: ฿3.48 → | D: rd/sm sm.pe: 67 → 70.285714",2,2,1,2,3,1,0,4,,4.9
EBAY,US,VALUE-DRIFT,"scn.bear.tgt 63.9 → 63.91 | scn.base.tgt 110 → 109.97 | scn.bull.tgt 162.3 → 162.28 | s1: 11.3x → 10.90x | s2: $78.55 → $78.57 | s3: $89.20 $78.55 → $89.23 $78.57 | s4: $78.55 $54.98 $62.84 $78.55 $89.20 → $78.57 $55.00 $62.86 $78.57 $89.23 $116.22 | s4: $78.55 → $78.57 | s4: $54.98–$62.84 → $55.00–$62.86 | s5: $78.55 → $78.57 | s6: $63.90 → $63.91 | s6: $4.57 → $4.56 | s6: $110.00 → $109.97 | s6: $162.30 → $162.28 | s7: $78.55 → $78.57 | s8: $78.55 → $78.57 | s8: ($54.98–$62.84) → ($55.00–$62.86) | s8: $78.55 ($67.90–$89.20) → $78.57 ($67.90–$89.23) | s8: $54.98–$62.84 → $55.00–$62.86 | rd/sm fv: 78.55 → 78.57 | rd/sm values.fvHigh: 89.2 → 89.23 | rd/sm values.scenarios[0].tgt: 63.9 → 63.91 | rd/sm values.scenarios[1].tgt: 110 → 109.97 | rd/sm values.scenarios[2].tgt: 162.3 → 162.28",2,2,0,16,7,0,0,4,multi-rounding,0.03
ECL,US,VALUE-DRIFT,"scn.bear.tgt 241 → 241.48 | scn.base.tgt 327 → 327.23 | scn.bull.tgt 431 → 430.56 | prose stale copies ×1 (pe@analysis) | s2: $238.00 → $238.09 | s3: $205 $238.00 → $205.00 $238.09 | s3: $271.00 → $271.18 | s4: $238.00 $166.60 $190.40 $238.00 $271.00 $325 → $238.09 $166.66 $190.47 $238.09 $271.18 $325.00 | s4: $238.00 → $238.09 | s5: $238.00 → $238.09 | s5: $238.00 → $238.09 | s6: $241.00 → $241.48 | s6: $327.00 → $327.23 | s6: $431.00 → $430.56 | s6: $238.00 → $238.09 | s8: $238.00 → $238.09 | s8: $238.00 $238.00 ($205.00–$271.00) → $238.09 $238.09 ($205.00–$271.18) | s8: $238.00 → $238.09 | s8: $190.40 → $190.47 | rd/sm fv: 238 → 238.09 | rd/sm values.fvHigh: 271 → 271.18 | rd/sm values.scenarios[0].tgt: 241 → 241.48 | rd/sm values.scenarios[1].tgt: 327 → 327.23 | rd/sm values.scenarios[2].tgt: 431 → 430.56",2,2,0,15,7,1,1,10,mixed,0.2
ED,US,VALUE-DRIFT,"scn.bull.tgt 149.2 → 149.21 | prose stale copies ×1 (pe@analysis) | s2: $107.40 → $107.43 | s3: $97.52 → $97.51 | s3: $107.40 → $107.43 | s3: $107.40 → $107.43 | s4: $107.40 $75.18 $85.92 $107.40 → $107.43 $75.20 $85.94 $107.43 | s4: $110.80 → $110.84 | s4: $107.40 → $107.43 | s4: $97.50 → $97.51 | s4: $110.80 → $110.84 | s4: $85.92 → $85.94 | s5: $107.40 → $107.43 | s6: $149.20 → $149.21 | s7: $107.40 → $107.43 | s8: $107.40 → $107.43 | s8: $107.40 ($97.50–$110.80) → $107.43 ($97.51–$110.84) | s8: $85.92) → $85.94) | rd/sm fv: 107.4 → 107.43 | rd/sm values.fvLow: 97.5 → 97.51 | rd/sm values.fvHigh: 110.8 → 110.84 | rd/sm values.scenarios[2].tgt: 149.2 → 149.21",3,3,0,16,6,1,0,7,mixed,0.04
EFX,US,HUMAN,"custom cards 5 > 4 — dropped ""USIS Mortgage Revenue"" | TEXT LOST ×7: USIS Mortgage Revenue YoY cyclical แต่ momentum | D: scn.base.tgt 215.83 → 215.84 | D: scn.bull.tgt 314.64 → 314.63 | D: prose stale copies ×4 (pe@analysis) | D: header: $150.75 – $266.79 → | D: s1: ~27.9x → 26.2x | D: s2: $216.05 → $216.39 | D: s3: $229.53 $216.05 → $230.22 $216.39 | D: s4: $216.05 $151.23 $172.84 → $216.39 $151.47 $173.11 | D: s4: $216.05 $229.53 → $216.39 $230.22 | D: s4: $216.05 → $216.39 | D: s4: ($151.23–$172.84) → ($151.47–$173.11) | D: s5: $151.23–$172.84 → $151.47–$173.11 | D: s6: $215.83 → $215.84 | D: s6: $314.64 → $314.63 | D: s8: ($216.05) → ($216.39) | D: s8: $216.05 ($202.56–$229.53) → $216.39 ($202.56–$230.22) | D: s8: ($151.23–$172.84) → ($151.47–$173.11) | D: rd/sm fv: 216.05 → 216.39 | D: rd/sm values.fvHigh: 229.53 → 230.22 | D: rd/sm values.scenarios[1].tgt: 215.83 → 215.84 | D: rd/sm values.scenarios[2].tgt: 314.64 → 314.63 | D: rd/sm sm.pe: 27.93 → 26.151142 | D: rd/sm sm.upside: 45.2 → 45.4",2,2,7,14,7,4,5,13,,6.37
EG,US,VALUE-DRIFT,"scn.bear.tgt 322 → 322.1 | scn.base.tgt 497 → 496.91 | scn.bull.tgt 664 → 664.21 | prose stale copies ×1 (pe@analysis) | s1: ~7.98x → 7.9x | s2: $460.00 → $460.54 | s3: $492 $460.00 → $493.75 $460.54 | s4: $460.00 $322.00 $368.00 $408 $460.00 $492.00 → $460.54 $322.38 $368.43 $408.00 $460.54 $493.75 | s4: $460.00 → $460.54 | s4: $368.00 → $368.43 | s5: $460.00 → $460.54 | s6: $322.00 → $322.10 | s6: $497.00 → $496.91 | s6: $664.00 → $664.21 | s8: $460.00 → $460.54 | s8: $460.00 ($427.00–$492.00) → $460.54 ($427.34–$493.75) | s8: <$368.00 → <$368.43 | rd/sm fv: 460 → 460.54 | rd/sm values.fvLow: 427 → 427.34 | rd/sm values.fvHigh: 492 → 493.75 | rd/sm values.scenarios[0].tgt: 322 → 322.1 | rd/sm values.scenarios[1].tgt: 497 → 496.91 | rd/sm values.scenarios[2].tgt: 664 → 664.21",2,2,0,13,8,1,2,5,mixed,0.36
EGCO,TH,VALUE-DRIFT,"scn.bear.tgt 64.2 → 64.24 | scn.base.tgt 117 → 116.96 | s1: ~128.7x → 22.3x | s2: ฿100.50 → ฿100.52 | s3: ฿101 ฿100.50 → ฿101.03 ฿100.52 | s3: ฿100.50 → ฿100.52 | s4: ฿100.50 ฿70.35 ฿80.40 ฿100.50 ฿117.00 ฿143 → ฿100.52 ฿70.36 ฿80.42 ฿100.52 ฿101.03 ฿143.00 | s4: ฿100.50 → ฿100.52 | s4: ฿70.35–฿80.40 → ฿70.36–฿80.42 | s6: ฿64.20 → ฿64.24 | s6: ฿117.00 → ฿116.96 | s6: ฿117.00 → ฿116.96 | s6: ฿64.20 → ฿64.24 | s8: ฿100.50 → ฿100.52 | s8: ฿70.35–฿80.40 → ฿70.36–฿80.42 | s8: ฿100.50 (฿90.00–฿117.00) → ฿100.52 (฿100.00–฿101.03) | s8: ฿100.50 → ฿100.52 | s8: ฿80.40 → ฿80.42 | rd/sm fv: 100.5 → 100.52 | rd/sm values.fvLow: 90 → 100 | rd/sm values.fvHigh: 117 → 101.03 | rd/sm values.scenarios[0].tgt: 64.2 → 64.24 | rd/sm values.scenarios[1].tgt: 117 → 116.96",2,2,0,16,6,0,3,7,mixed,13.65
EGP,US,HUMAN,"failed before compare — compute: meta.sources: ต้องเป็น array ของข้อความ 3–8 ข้อ | sources < 3 (2) | schema meta.sources: ต้องเป็น array ของข้อความ 3–8 ข้อ",2,2,0,0,0,0,3,5,,0
EHC,US,VALUE-DRIFT,"scn.bear.tgt 114.4 → 114.35 | scn.base.tgt 150.2 → 150.24 | scn.bull.tgt 189.8 → 189.83 | s1: ~23% → 22.2% | s2: $117.00 → $117.27 | s2: $117.00 → $117.27 | s3: $118.5 $117.00 → $118.53 $117.27 | s3: $88.00–$122.00 → $116.01–$118.53 | s4: $117.00 $81.90 $93.60 $117.00 $122.00 → $117.27 $82.09 $93.82 $117.27 $118.53 | s4: $117.00 → $117.27 | s4: ($93.60) → ($93.82) | s4: $93.60 → $93.82 | s6: $114.40 → $114.35 | s6: $150.20 → $150.24 | s6: $189.80 → $189.83 | s8: $117.00 → $117.27 | s8: $117.00 ($88.00–$122.00) → $117.27 ($116.01–$118.53) | s8: ($93.60) → ($93.82) | s8: ($81.90) → ($82.09) | rd/sm fv: 117 → 117.27 | rd/sm values.fvLow: 88 → 116.01 | rd/sm values.fvHigh: 122 → 118.53 | rd/sm values.scenarios[0].tgt: 114.4 → 114.35 | rd/sm values.scenarios[1].tgt: 150.2 → 150.24 | rd/sm values.scenarios[2].tgt: 189.8 → 189.83 | rd/sm sm.pe: 20 → 20.40301 | rd/sm sm.mos: -4.3 → -4 | rd/sm sm.upside: -4.1 → -3.9",2,2,0,16,11,0,0,5,mixed,31.83
EIX,US,HUMAN,"scenarios.cases[1] .ret annotation ""รวม / ~23.6%/ปี"" not carried — a per-year/number label would mislabel the v3 total return | scenarios.cases[2] .ret annotation ""รวม / ~30.1%/ปี"" not carried — a per-year/number label would mislabel the v3 total return | TEXT LOST ×3: EIX รวม รวม | D: scn.bear.tgt $49.68 → 49.67 | D: scn.bull.tgt $103.74 → 103.71 | D: s1: ~$20.22 → $20.2B | D: s1: ~19.3% → · | D: s6: $49.68 +13.4% → $49.67 +13% | D: s6: +88.7% รวม 23.6% ปี → +89% | D: s6: $103.74 +120.4% รวม 30.1% ปี → $103.71 +120%",2,2,3,5,1,0,4,11,,0
EKH,TH,HUMAN,"scenarios.cases[0] .ret annotation ""/ 3 ปี (−10%/ปี)"" not carried — a per-year/number label would mislabel the v3 total return | scenarios.cases[1] .ret annotation ""/ 3 ปี (+3%/ปี)"" not carried — a per-year/number label would mislabel the v3 total return | scenarios.cases[2] .ret annotation ""/ 3 ปี (+16%/ปี)"" not carried — a per-year/number label would mislabel the v3 total return | TEXT LOST ×3: TTM TTM TTM | D: prose stale copies ×1 (pe@analysis) | D: s6: 3 ปี (−10% ปี) ฿0.310 → ฿0.31 | D: s6: 3 ปี (+3% ปี) ฿0.372 → ฿0.37 | D: s6: 3 ปี (+16% ปี) ฿0.453 → ฿0.45",2,2,3,3,2,1,1,8,,0
EL,US,VALUE-DRIFT,"scn.bear.tgt 65 → 65.3 | scn.base.tgt 112 → 111.94 | scn.bull.tgt 163 → 162.77 | s2: $98.00 → $97.56 | s2: $98.00 → $97.56 | s3: $107 $98.00 → $107.41 $97.56 | s4: $98.00 $68.60 $78.40 $98.00 → $97.56 $68.29 $78.05 $97.56 | s4: $122 → $107.41 | s4: $98.00 → $97.56 | s4: $78.40 → $78.05 | s4: $68.60 → $68.29 | s5: +3% → +2% | s6: $65.00 → $65.30 | s6: $112.00 → $111.94 | s6: $163.00 → $162.77 | s8: $98.00 → $97.56 | s8: $98.00 ($88.00–$107.00) → $97.56 ($87.71–$107.41) | s8: +3% → +2% | s8: $98.00) → $97.56) | s8: ($78.40) → ($78.05) | s8: ($68.60) → ($68.29) | rd/sm fv: 98 → 97.56 | rd/sm values.fvLow: 88 → 87.71 | rd/sm values.fvHigh: 107 → 107.41 | rd/sm values.scenarios[0].tgt: 65 → 65.3 | rd/sm values.scenarios[1].tgt: 112 → 111.94 | rd/sm values.scenarios[2].tgt: 163 → 162.77 | rd/sm sm.pe: 28.7 → null | rd/sm sm.mos: 2.7 → 2.2 | rd/sm sm.upside: 2.8 → 2.3",2,2,0,18,11,0,2,8,multi-rounding,0.5
ELV,US,VALUE-DRIFT,"scn.bear.tgt 255 → 254.64 | scn.base.tgt 476 → 476.17 | scn.bull.tgt 657 → 657.02 | prose stale copies ×6 (px@analysis;pe@analysis) | s2: $388.00 → $387.95 | s3: $438 $388.00 → $437.67 $387.95 | s3: $388.00 → $387.95 | s4: $388.00 $271.60 $310.40 $388.00 $438.00 → $387.95 $271.57 $310.36 $387.95 $437.67 | s4: $388.00 → $387.95 | s4: $310.40; → $310.36; | s4: $271.60 → $271.57 | s5: $388.00 → $387.95 | s6: $255.00 → $254.64 | s6: $476.00 → $476.17 | s6: $657.00 → $657.02 | s8: $388.00 → $387.95 | s8: $310.40 → $310.36 | s8: $388.00 ($292.00–$438.00) → $387.95 ($291.71–$437.67) | s8: ($388.00) → ($387.95) | s8: $310.40 → $310.36 | rd/sm fv: 388 → 387.95 | rd/sm values.fvLow: 292 → 291.71 | rd/sm values.fvHigh: 438 → 437.67 | rd/sm values.scenarios[0].tgt: 255 → 254.64 | rd/sm values.scenarios[1].tgt: 476 → 476.17 | rd/sm values.scenarios[2].tgt: 657 → 657.02",3,3,0,16,7,6,1,4,mixed,0.14
EMA,US,VALUE-DRIFT,"scn.base.tgt 44.39 → 44.38 | scn.bull.tgt 53.51 → 53.52 | s1: 18.7x → · | s1: ~1.64x → 1.59x | s2: $45.60 → $45.72 | s3: $39.45 → $39.46 | s3: $51.71 $45.60 → $51.98 $45.72 | s3: $45.60) → $45.72) | s4: $45.60 $31.92 $36.48 $45.60 $51.70 → $45.72 $32.00 $36.58 $45.72 $51.98 | s5: −5% → −4% | s5: $45.60 → $45.72 | s5: $36.48 → $36.58 | s6: $44.39 → $44.38 | s6: $53.51 → $53.52 | s8: $45.60 → $45.72 | s8: $45.60 ($39.50–$51.70) → $45.72 ($39.46–$51.98) | s8: −5% → −4% | s8: $36.48 → $36.58 | s8: $31.92 → $32.00 | rd/sm fv: 45.6 → 45.72 | rd/sm values.fvLow: 39.5 → 39.46 | rd/sm values.fvHigh: 51.7 → 51.98 | rd/sm values.scenarios[1].tgt: 44.39 → 44.38 | rd/sm values.scenarios[2].tgt: 53.51 → 53.52 | rd/sm sm.mos: -4.7 → -4.5 | rd/sm sm.upside: -4.5 → -4.3",2,2,0,17,8,0,2,5,multi-rounding,0.54
EME,US,VALUE-DRIFT,"scn.bear.tgt 532 → 532.05 | scn.base.tgt 786 → 785.68 | scn.bull.tgt 1055 → 1055.22 | prose:prose.gauge ""+37.8%"" → {{analyst.pct}} | s1: ~23.3x → 23.4x | s2: $536.00 → $536.17 | s3: $542 $536.00 → $542.03 $536.17 | s3: $536.00) → $536.17) | s3: $460.00–$611.00 → $530.31–$542.03 | s4: $536.00 $375.20 $428.80 $536.00 $611.00 → $536.17 $375.32 $428.94 $536.17 $542.03 | s4: $536.00 → $536.17 | s4: (+37.8%) → (+37%) | s6: $532.00 → $532.05 | s6: $786.00 +5% → $785.68 +4% | s6: $1;055.00 → $1;055.22 | s7: $536.00 → $536.17 | s8: $536.00 → $536.17 | s8: $536.00 ($460.00–$611.00) → $536.17 ($530.31–$542.03) | s8: ($460.00–$611.00) → ($530.31–$542.03) | s8: $428.80 → $428.94 | s8: $375.20 → $375.32 | rd/sm fv: 536 → 536.17 | rd/sm values.fvLow: 460 → 530.31 | rd/sm values.fvHigh: 611 → 542.03 | rd/sm values.scenarios[0].tgt: 532 → 532.05 | rd/sm values.scenarios[1].tgt: 786 → 785.68 | rd/sm values.scenarios[2].tgt: 1055 → 1055.22",2,2,0,17,8,0,3,8,mixed,15.28
EMR,US,HUMAN,"TEXT LOST ×3: Automation NYSE EMR | D: s2: $123.00 → $123.43 | D: s3: $124.90 $123.00 → $124.85 $123.43 | D: s3: $123.00 → $123.43 | D: s4: $123.00 $86.10 $98.40 $123.00 $125.00 $172 → $123.43 $86.40 $98.74 $123.43 $124.85 $172.00 | D: s4: $123.00 → $123.43 | D: s4: $98.40 → $98.74 | D: s4: $86.10 → $86.40 | D: s5: $98.40–$123.00 → $98.74–$123.43 | D: s8: $123.00 → $123.43 | D: s8: $123.00 → $123.43 | D: s8: $98.40–$123.00 → $98.74–$123.43 | D: s8: $123.00 ($122.00–$125.00) → $123.43 ($122.02–$124.85) | D: s8: $123.00 → $123.43 | D: s8: $98.40 → $98.74 | D: rd/sm fv: 123 → 123.43 | D: rd/sm values.fvLow: 122 → 122.02 | D: rd/sm values.fvHigh: 125 → 124.85 | D: rd/sm sm.mos: -26.9 → -26.5 | D: rd/sm sm.upside: -21.2 → -20.9",2,2,3,14,7,0,0,5,,0.4
ENB,US,VALUE-DRIFT,"prose stale copies ×3 (px@analysis;pe@analysis) | s1: ~2.06x → 2.00x | s2: $51.67 → $51.65 | s3: $37.22 $51.67 → $37.19 $51.65 | s4: $51.67 $36.17 $41.34 $51.67 → $51.65 $36.15 $41.32 $51.65 | s4: ($41.34) → ($41.32) | s4: $51.67 → $51.65 | s4: ($37.22–$66.11) → ($37.19–$66.11) | s5: $51.67 → $51.65 | s5: $51.67 → $51.65 | s5: $41.34 → $41.32 | s5: $41.34 → $41.32 | s7: $51.67 → $51.65 | s8: $51.67 → $51.65 | s8: $51.67 ($37.22–$66.11) → $51.65 ($37.19–$66.11) | s8: $41.34 → $41.32 | rd/sm fv: 51.67 → 51.65 | rd/sm values.fvLow: 37.22 → 37.19",2,2,0,15,2,3,2,4,mixed,0.08
ENTG,US,HUMAN,"fv legs 1 < 2 (E17) | TEXT LOST ×5: บริบท ไม่เฉลี่ยเข้า FV ต่างกัน เท่า | D: scn.bear.tgt 91 → 91.11 | D: scn.base.tgt 155 → 155.1 | D: scn.bull.tgt 215 → 215.31 | D: s2: $125.00 → $124.60 | D: s3: $58 $125.00 → $57.64 $124.60 | D: s4: $125.00 $87.50 $100.00 $125.00 → $124.60 $87.22 $99.68 $124.60 $124.60 | D: s4: $125.00 → $124.60 | D: s5: $125.00 → $124.60 | D: s6: $91.00 → $91.11 | D: s6: $155.00 → $155.10 | D: s6: $215.00 → $215.31 | D: s8: $125.00 → $124.60 | D: s8: $125.00 ($110.00–$138.00) → $124.60 ($124.60–$124.60) | D: s8: $100.00 → $99.68 | D: s8: $87.50) → $87.22) | D: rd/sm fv: 125 → 124.6 | D: rd/sm values.fvLow: 110 → 124.6 | D: rd/sm values.fvHigh: 138 → 124.6 | D: rd/sm values.scenarios[0].tgt: 91 → 91.11 | D: rd/sm values.scenarios[1].tgt: 155 → 155.1 | D: rd/sm values.scenarios[2].tgt: 215 → 215.31 | D: rd/sm sm.mos: -18.9 → -19.3 | D: rd/sm sm.upside: -15.9 → -16.2",2,1,5,12,10,0,2,9,,13.27
EOG,US,VALUE-DRIFT,"prose stale copies ×2 (pe@analysis) | s2: $106.00 → $106.38 | s3: $108 $106.00 → $109.01 $106.38 | s4: $106.00 $74.20 $84.80 $106.00 $108.00 → $106.38 $74.47 $85.10 $106.38 $109.01 | s4: $106.00 → $106.38 | s4: ($108.00) → ($109.01) | s4: ($84.80) → ($85.10) | s4: ($74.20) → ($74.47) | s5: −35% → −34% | s6: $133 −8% → $132.77 −7% | s6: $207 +43% → $206.64 +45% | s8: $106.00 → $106.38 | s8: $106.00 ($104.00–$108.00) → $106.38 ($103.74–$109.01) | s8: −35% → −34% | s8: $106.00 → $106.38 | s8: $84.80 → $85.10 | s8: $74.20 → $74.47 | rd/sm fv: 106 → 106.38 | rd/sm values.fvLow: 104 → 103.74 | rd/sm values.fvHigh: 108 → 109.01 | rd/sm sm.mos: -34.8 → -34.3 | rd/sm sm.upside: -25.8 → -25.5",2,2,0,16,7,2,0,7,mixed,0.94
EPD,US,HUMAN,"price-bound custom card ""Distribution Yield"" | TEXT LOST ×6: Distribution รวม Distribution รวม Distribution รวม | D: prose stale copies ×1 (pe@analysis) | D: s1: ~2.86x → 2.74x | D: s6: −15% → −29% | D: s6: +10% → −4% | D: s6: +41% → +27% | D: s1: ~13.46x → Market Cap $83.98B หน่วยคงเหลือ 2.16B (StockAnalysis) 12.9x | D: rd/sm sm.pe: 13.46 → 12.896194",2,2,6,5,2,1,3,14,,4.19
EPG,TH,VALUE-DRIFT,"scn.bear.tgt ฿4.50 → 4.54 | scn.base.tgt ฿8.82 → 8.84 | scn.bull.tgt ฿11.84 → 11.91 | prose stale copies ×3 (px@analysis;pe@analysis) | s2: ฿8.10 → ฿8.09 | s2: ฿8.10 → ฿8.09 | s3: ฿8.10 → ฿8.09 | s4: ฿8.10 ฿5.67 ฿6.48 ฿8.10 → ฿8.09 ฿5.66 ฿6.47 ฿8.09 ฿8.82 | s4: (฿6.48) → (฿6.47) | s4: ฿8.10 → ฿8.09 | s4: ฿5.67 → ฿5.66 | s5: ฿8.10 → ฿8.09 | s6: ฿4.50 −17% → ฿4.54 −16% | s6: ฿8.82 → ฿8.84 | s6: ฿11.84 +102% → ฿11.91 +103% | s8: ฿8.10 → ฿8.09 | s8: ฿8.10 → ฿8.09 | s8: ฿5.67 → ฿5.66 | s8: ฿8.10 → ฿8.09 | rd/sm fv: 8.1 → 8.09 | rd/sm sm.upside: 31.7 → 31.5",2,2,0,15,3,3,0,5,mixed,0.2
EQIX,US,HUMAN,"failed before compare — compute: scenarios.cases[2].desc: ต้องเป็นข้อความยาว ≥1 | fv legs 1 < 2 (E17) | scenarios.cases[2].desc: no ""สถานการณ์"" row | schema scenarios.cases[2].desc: ต้องเป็นข้อความยาว ≥1",2,1,0,0,0,0,4,3,,0
EQT,US,HUMAN,"failed before compare — compute: meta.sources[0]: {{rd:…}} เป็นไวยากรณ์ของใบ v2 — ใบ v3 ใช้ token ของ view เช่น {{px}} {{fv}} {{mos}} {{leg1}} (ดูรายการ: node tools/report.js show <SYM>) | scenarios.cases[1] .ret annotation ""(3 ปี) ≈ −5.1%/ปี"" not carried — a per-year/number label would mislabel the v3 total return | scenarios.cases[2] .ret annotation ""(3 ปี) ≈ +12.9%/ปี"" not carried — a per-year/number label would mislabel the v3 total return | schema meta.sources[0]: {{rd:…}} เป็นไวยากรณ์ของใบ v2 — ใบ v3 ใช้ token ของ view เช่น {{px}} {{fv}} {{mos}} {{leg1}} (ดูรายการ: node tools/report.js show <SYM>) | schema meta.sources[1]: {{rd:…}} เป็นไวยากรณ์ของใบ v2 — ใบ v3 ใช้ token ของ view เช่น {{px}} {{fv}} {{mos}} {{leg1}} (ดูรายการ: node tools/report.js show <SYM>) | unknown rd token {{rd:px}}",2,2,0,0,0,0,0,6,,0
ERIE,US,VALUE-DRIFT,"scn.bull.tgt $433 → 433.5 | prose stale copies ×4 (pe@analysis) | s1: ~21.7x → 19.9x | s1: 5.5x → 5.02x | s2: $319.00 → $319.22 | s2: $319.00 → $319.22 | s3: $310 $319.00 → $310.05 $319.22 | s3: $319.00 → $319.22 | s3: $319.00 → $319.22 | s4: $319.00 $223.30 $255.20 $319.00 $328.00 → $319.22 $223.45 $255.38 $319.22 $328.40 | s4: ($223.30) → ($223.45) | s4: ($255.20) → ($255.38) | s4: ($319.00) → ($319.22) | s6: $241 +18.6% → $240.84 +18% | s8: $319.00 → $319.22 | s8: $319.00 ($310.00–$328.00) → $319.22 ($310.05–$328.40) | s8: $319.00 → $319.22 | s8: $255.20 → $255.38 | s8: $223.30) → $223.45) | rd/sm fv: 319 → 319.22 | rd/sm values.fvLow: 310 → 310.05 | rd/sm values.fvHigh: 328 → 328.4 | rd/sm sm.pe: 21.7 → 19.869328",2,2,0,17,6,4,0,6,mixed,8.44
ERW,TH,VALUE-DRIFT,"scn.base.tgt 3.68 → 3.63 | scn.bull.tgt 5.4 → 5.33 | s6: ฿3.68 +6% (+2.0% → ฿3.63 +5% (+1.6% | s6: ฿5.40 +54% → ฿5.33 +52% | s8: +6% (+2.0% → +5% (+1.6% | rd/sm values.scenarios[1].tgt: 3.68 → 3.63 | rd/sm values.scenarios[2].tgt: 5.4 → 5.33",2,2,0,3,4,0,0,3,mixed,1.36
ES,US,HUMAN,"TEXT LOST ×3: ES guidance กึ่งกลาง | D: scn.bear.tgt 63.14 → 63.18 | D: scn.base.tgt 86.02 → 86.08 | D: scn.bull.tgt 99.58 → 99.63 | D: prose stale copies ×1 (pe@analysis) | D: s1: ~$24.03 → $24.0B | D: s1: ~22.5% → · | D: s2: $73.72 → $73.73 | D: s3: $73.11 → $73.15 | D: s3: $73.72 → $73.73 | D: s3: $73.72 → $73.73 | D: s4: $73.72 $51.60 → $73.73 $51.61 | D: s4: $73.72 → $73.73 | D: s4: $73.72 → $73.73 | D: s4: $51.60–$58.98 → $51.61–$58.98 | D: s6: $63.14 → $63.18 | D: s6: $86.02 → $86.08 | D: s6: $99.58 → $99.63 | D: s8: ~$73.72 → ~$73.73 | D: s8: $73.11–$74.32) → $73.15–$74.32) | D: s8: $51.60–$58.98 $73.72 ($73.11–$74.32) → $51.61–$58.98 $73.73 ($73.15–$74.32) | D: s8: $51.60 → $51.61 | D: rd/sm fv: 73.72 → 73.73 | D: rd/sm values.fvLow: 73.11 → 73.15 | D: rd/sm values.scenarios[0].tgt: 63.14 → 63.18 | D: rd/sm values.scenarios[1].tgt: 86.02 → 86.08 | D: rd/sm values.scenarios[2].tgt: 99.58 → 99.63",2,2,3,17,7,1,2,9,,0.07
ESLT,US,VALUE-DRIFT,"scn.bear.tgt 303.9 → 303.88 | scn.base.tgt 658 → 657.93 | scn.bull.tgt 1036.7 → 1036.72 | s1: ~56.0x → 55.7x | s1: ~8.53x → 8.49x | s6: $303.90 → $303.88 | s6: $658.00 → $657.93 | s6: $1;036.70 → $1;036.72 | rd/sm values.scenarios[0].tgt: 303.9 → 303.88 | rd/sm values.scenarios[1].tgt: 658 → 657.93 | rd/sm values.scenarios[2].tgt: 1036.7 → 1036.72",2,2,0,5,3,0,0,2,scn-tgt,0.01
ESNT,US,VALUE-DRIFT,"prose stale copies ×1 (pe@analysis) | s1: ~9.4x → 9.0x | rd/sm sm.pe: 9.4 → 8.987413",2,2,0,1,3,1,2,5,mixed,4.39
ESS,US,HUMAN,"leg 3 declared nav has no extras table (E52) | custom cards 6 > 4 — dropped ""ภูมิภาค""; ""Payout Ratio (FFO)"" | TEXT LOST ×13: ภูมิภาค SoCal NorCal Seattle Payout Ratio FFO อิง | D: scn.bear.tgt 219 → 219.25 | D: scn.base.tgt 345 → 344.95 | D: scn.bull.tgt 415 → 415.22 | D: s2: $301.00 → $300.58 | D: s3: $327 $301.00 → $327.00 $300.58 | D: s3: ($301.00) → ($300.58) | D: s4: $301.00 $210.70 $240.80 $301.00 $304 → $300.58 $210.41 $240.46 $300.58 $304.00 | D: s4: ($301.00) → ($300.58) | D: s6: $219.00 → $219.25 | D: s6: $345.00 → $344.95 | D: s6: $415.00 → $415.22 | D: s8: $301.00 ($268.00–$327.00) → $300.58 ($268.07–$327.00) | D: s8: $240.80–$265 → $240.46–$265 | D: s1: ภูมิภาค SoCal 41.7% NorCal 40.4% Seattle 17.9% ~3.81% → 3.81% | D: rd/sm fv: 301 → 300.58 | D: rd/sm values.fvLow: 268 → 268.07 | D: rd/sm values.scenarios[0].tgt: 219 → 219.25 | D: rd/sm values.scenarios[1].tgt: 345 → 344.95 | D: rd/sm values.scenarios[2].tgt: 415 → 415.22 | D: rd/sm sm.mos: 9.8 → 9.6 | D: rd/sm sm.upside: 10.8 → 10.6",3,3,13,11,8,0,6,9,,0.2
ET,US,HUMAN,"TEXT LOST ×10: หน่วย คิดลดที่ cost of distribution รวม distribution รวม | D: scn.bull.tgt $27.03 → 27.04 | D: prose stale copies ×2 (pe@analysis) | D: s2: $20.81 → $20.82 | D: s3: $23.96 $20.81 → $23.97 $20.82 | D: s4: $20.81 → $20.82 | D: s4: $16.65 $20.81 $23.96 → $16.66 $20.82 $23.97 | D: s4: $20.81 → $20.82 | D: s4: $16.65 → $16.66 | D: s6: -30.7% → −46% | D: s6: +14.5% → −2% | D: s6: $27.03 +49.2% → $27.04 +33% | D: s8: $20.81 → $20.82 | D: s8: $20.81 ($17.67–$23.96) → $20.82 ($17.67–$23.97) | D: s8: ($16.65 → ($16.66 | D: s6: 8x distribution รวม 3 ปี $3.67 → 8.0x | D: rd/sm fv: 20.81 → 20.82 | D: rd/sm values.fvHigh: 23.96 → 23.97",2,2,10,13,4,2,3,8,,0.05
ETN,US,VALUE-DRIFT,"scn.bear.tgt 375 → 375.07 | scn.base.tgt 503 → 503.12 | scn.bull.tgt 640 → 640.03 | s2: $329.00 → $328.57 | s3: $278 $329.00 → $277.79 $328.57 | s4: $329.00 $230.30 $263.20 $329.00 → $328.57 $230.00 $262.86 $328.57 $379.35 | s4: $329.00 → $328.57 | s5: $329.00 → $328.57 | s6: $375.00 → $375.07 | s6: $503.00 → $503.12 | s6: $640.00 → $640.03 | s8: $329.00 → $328.57 | s8: $329.00 ($278.00–$450.00) → $328.57 ($277.79–$379.35) | s8: $263.20 → $262.86 | s8: $230.30) → $230.00) | rd/sm fv: 329 → 328.57 | rd/sm values.fvLow: 278 → 277.79 | rd/sm values.fvHigh: 450 → 379.35 | rd/sm values.scenarios[0].tgt: 375 → 375.07 | rd/sm values.scenarios[1].tgt: 503 → 503.12 | rd/sm values.scenarios[2].tgt: 640 → 640.03 | rd/sm sm.mos: -33.7 → -33.9",2,2,0,12,8,0,3,6,mixed,15.7
ETR,US,VALUE-DRIFT,"s2: $81.50 → $81.52 | s2: $81.50 → $81.52 | s3: $81.50 → $81.52 | s3: $81.50 → $81.52 | s3: $81.50 → $81.52 | s4: $81.50 $57.05 $65.20 $81.50 $89.00 → $81.52 $57.06 $65.22 $81.52 $89.17 | s4: $81.50 → $81.52 | s4: ($65.20) → ($65.22) | s4: ($57.05) → ($57.06) | s6: $81.50 → $81.52 | s8: $81.50 → $81.52 | s8: $81.50 ($73.00–$89.00) → $81.52 ($72.67–$89.17) | s8: $81.50 → $81.52 | s8: ($65.20) → ($65.22) | rd/sm fv: 81.5 → 81.52 | rd/sm values.fvLow: 73 → 72.67 | rd/sm values.fvHigh: 89 → 89.17",3,3,0,14,5,0,1,5,fv-rounding,0.45
EVR,US,HUMAN,"fv legs 1 < 2 (E17) | TEXT LOST ×4: บริบท ไม่รวมใน FV คงที่ | D: scn.bear.tgt 248 → 247.94 | D: scn.base.tgt 512 → 511.76 | D: scn.bull.tgt 673 → 673.26 | D: prose stale copies ×1 (pe@analysis) | D: s1: ~$364 → $364.00 (+42%) | D: s2: $352.00 → $352.43 | D: s2: $352.00 → $352.43 | D: s3: $389 $352.00 → $388.85 $352.43 | D: s4: $352.00 $246.40 $281.60 $352.00 $364 $388.00 → $352.43 $246.70 $281.94 $352.43 $352.43 $364.00 | D: s4: $352.00 → $352.43 | D: s4: ($281.60) → ($281.94) | D: s4: ($246.40) → ($246.70) | D: s4: $246.40 → $246.70 | D: s6: $248.00 → $247.94 | D: s6: $512.00 → $511.76 | D: s6: $673.00 → $673.26 | D: s8: $352.00 → $352.43 | D: s8: $352.00 ($317.00–$388.00) → $352.43 ($352.43–$352.43) | D: s8: $246.40 → $246.70 | D: rd/sm fv: 352 → 352.43 | D: rd/sm values.fvLow: 317 → 352.43 | D: rd/sm values.fvHigh: 388 → 352.43 | D: rd/sm values.scenarios[0].tgt: 248 → 247.94 | D: rd/sm values.scenarios[1].tgt: 512 → 511.76 | D: rd/sm values.scenarios[2].tgt: 673 → 673.26 | D: rd/sm sm.upside: 37 → 37.2",2,1,4,15,8,1,0,5,,11.18
EVRG,US,HUMAN,"scenarios.cases[0] .ret annotation ""รวม / ~2.7%/ปี"" not carried — a per-year/number label would mislabel the v3 total return | scenarios.cases[1] .ret annotation ""รวม / ~9.9%/ปี"" not carried — a per-year/number label would mislabel the v3 total return | scenarios.cases[2] .ret annotation ""รวม / ~17.2%/ปี"" not carried — a per-year/number label would mislabel the v3 total return | TEXT LOST ×4: EVRG รวม รวม รวม | D: scn.base.tgt $93.65 → 93.64 | D: prose stale copies ×1 (px@analysis) | D: s1: ~$17.90 → $17.9B | D: s1: ~9.3% → · | D: s1: ~15.2% → · | D: s6: +8.2% รวม 2.7% ปี → +8% | D: s6: $93.65 +32.9% รวม 9.9% ปี → $93.64 +33% | D: s6: +60.8% รวม 17.2% ปี → +61%",2,2,4,6,1,1,2,5,,0
EW,US,VALUE-DRIFT,"scn.bear.tgt 83.72 → 83.85 | scn.base.tgt 108 → 107.9 | scn.bull.tgt 124.48 → 124.59 | prose:prose.gauge ""+14.4%"" → {{analyst.pct}} | prose:catalysts[5] ""+14.4%"" → {{analyst.pct}} | s2: $69.60 → $69.83 | s3: $68.77 $69.60 → $69.32 $69.83 | s4: $69.60 $48.72 $55.68 $69.60 $73.00 → $69.83 $48.88 $55.86 $69.83 $70.35 | s4: $69.60 → $69.83 | s4: $55.68 → $55.86 | s4: $48.72 → $48.88 | s4: (+14.4% → (+18% | s6: $83.72 → $83.85 | s6: $108.00 → $107.90 | s6: $124.48 → $124.59 | s7: (+14.4%; → (+18%; | s7: $69.60 → $69.83 | s8: $69.60 → $69.83 | s8: $55.68 $69.60 ($66.00–$73.00) → $55.86 $69.83 ($69.32–$70.35) | s8: $69.60 → $69.83 | s8: $55.68 → $55.86 | rd/sm fv: 69.6 → 69.83 | rd/sm values.fvLow: 66 → 69.32 | rd/sm values.fvHigh: 73 → 70.35 | rd/sm values.scenarios[0].tgt: 83.72 → 83.85 | rd/sm values.scenarios[1].tgt: 108 → 107.9 | rd/sm values.scenarios[2].tgt: 124.48 → 124.59 | rd/sm sm.mos: -23.2 → -22.8 | rd/sm sm.upside: -18.8 → -18.5",2,2,0,16,10,0,2,8,mixed,5.03
EWBC,US,VALUE-DRIFT,"scn.bear.tgt 83.3 → 83.28 | scn.base.tgt 131.1 → 131.14 | scn.bull.tgt 185.1 → 185.07 | prose stale copies ×3 (px@analysis;pe@analysis) | s1: ~12.2x → 12.1x | s1: 1.98x → 1.96x | s6: $83.30 → $83.28 | s6: $131.10 → $131.14 | s6: $185.10 → $185.07 | rd/sm values.scenarios[0].tgt: 83.3 → 83.28 | rd/sm values.scenarios[1].tgt: 131.1 → 131.14 | rd/sm values.scenarios[2].tgt: 185.1 → 185.07",2,2,0,5,5,3,1,6,mixed,0.03
EXC,US,VALUE-DRIFT,"scn.bear.tgt 40.4 → 40.41 | scn.base.tgt 55.1 → 55.07 | s2: $45.50 → $45.54 | s2: $45.50 → $45.54 | s3: $45.50 → $45.54 | s3: $45.50 → $45.54 | s4: $45.50 $31.85 $36.40 $45.50 → $45.54 $31.88 $36.43 $45.54 | s4: $45.50 → $45.54 | s4: $36.40 → $36.43 | s4: $31.85 → $31.88 | s6: $40.40 → $40.41 | s6: $55.10 → $55.07 | s8: $45.50 → $45.54 | s8: $45.50 ($38.70–$50.40) → $45.54 ($38.73–$50.40) | s8: $45.50 → $45.54 | s8: ($36.40) → ($36.43) | rd/sm fv: 45.5 → 45.54 | rd/sm values.fvLow: 38.7 → 38.73 | rd/sm values.scenarios[0].tgt: 40.4 → 40.41 | rd/sm values.scenarios[1].tgt: 55.1 → 55.07",3,3,0,14,5,0,1,4,multi-rounding,0.09
EXE,US,VALUE-DRIFT,"scn.bull.tgt 160.43 → 160.42 | prose stale copies ×2 (pe@analysis) | s6: $160.43 → $160.42 | rd/sm values.scenarios[2].tgt: 160.43 → 160.42",2,2,0,1,2,2,1,5,mixed,0.01
EXEL,US,VALUE-DRIFT,"scn.bear.tgt 53.9 → 53.88 | scn.bull.tgt 105.9 → 105.88 | prose:prose.gauge ""-8%"" → {{analyst.pct}} | s1: ~44% → · | s2: $68.60 → $68.58 | s3: $68.59 → $68.58 | s3: $68.60 → $68.58 | s3: $68.60 → $68.58 | s4: $68.60 $48.02 → $68.58 $48.01 | s4: $68.60 → $54.86 $68.58 | s4: ($54.88) → ($54.86) | s4: ($68.60) → ($68.58) | s4: (-8%) → (−7%) | s4: $46.60–$90.60) → $46.57–$90.60) | s6: $53.90 → $53.88 | s6: $105.90 → $105.88 | s8: $68.60 → $68.58 | s8: $46.60–$90.60 → $46.57–$90.60 | s8: $68.60 ($46.60–$90.60) → $68.58 ($46.57–$90.60) | s8: $54.88 → $54.86 | s8: $48.02 → $48.01 | rd/sm fv: 68.6 → 68.58 | rd/sm values.fvLow: 46.6 → 46.57 | rd/sm values.scenarios[0].tgt: 53.9 → 53.88 | rd/sm values.scenarios[2].tgt: 105.9 → 105.88",3,3,0,18,4,0,0,4,mixed,0.06
EXPD,US,VALUE-DRIFT,"s2: $146.00 → $146.17 | s3: $146.00 → $146.17 | s3: $146.00 → $146.17 | s4: $146.00 $102.20 $116.80 $146.00 $152.00 → $146.17 $102.32 $116.94 $146.17 $151.50 | s4: $146.00 → $146.17 | s4: $146.00 → $146.17 | s4: $116.80 → $116.94 | s4: $102.20 → $102.32 | s8: $146.00 → $146.17 | s8: $116.80–$131 → $116.94–$131 | s8: $146.00 ($141.00–$152.00) → $146.17 ($140.84–$151.50) | s8: $146.00 → $146.17 | s8: $116.80–$131 → $116.94–$131 | rd/sm fv: 146 → 146.17 | rd/sm values.fvLow: 141 → 140.84 | rd/sm values.fvHigh: 152 → 151.5 | rd/sm sm.mos: -25.8 → -25.6",2,2,0,13,5,0,1,5,fv-rounding,0.33
EXPE,US,VALUE-DRIFT,"scn.bear.tgt 162.89 → 162.88 | scn.base.tgt 385.56 → 385.48 | scn.bull.tgt 528.8 → 528.73 | s3: $200.27 → $200.26 | s3: ($200.27–$333.06) → ($200.26–$333.06) | s6: $162.89 → $162.88 | s6: $385.56 +40% → $385.48 +39% | s6: $528.80 → $528.73 | s8: ($200.27–$333.06) → ($200.26–$333.06) | rd/sm values.fvLow: 200.27 → 200.26 | rd/sm values.scenarios[0].tgt: 162.89 → 162.88 | rd/sm values.scenarios[1].tgt: 385.56 → 385.48 | rd/sm values.scenarios[2].tgt: 528.8 → 528.73",3,3,0,6,6,0,3,12,multi-rounding,0.02
EXPO,US,VALUE-DRIFT,"prose stale copies ×2 (pe@analysis) | s1: ~30.6x → 28.9x | rd/sm sm.pe: 30.63 → 28.90583",3,3,0,1,3,2,1,7,mixed,5.63
EXR,US,HUMAN,"custom cards 5 > 4 — dropped ""Analyst Consensus"" | TEXT LOST ×9: Analyst Consensus Buy เป้าเฉลี่ย StockAnalysis Yahoo ต่ำสุด มัธยฐาน | D: scn.bear.tgt 114 → 113.59 | D: scn.base.tgt 153 → 153.04 | D: scn.bull.tgt 183 → 182.73 | D: s2: $135.00 → $134.77 | D: s3: $133 $135.00 → $133.49 $134.77 | D: s3: $135.00 (+2%) → $134.77 (+1.9%) | D: s4: $135.00 $94.50 $108.00 $135.00 $136.00 → $134.77 $94.34 $107.82 $134.77 $136.05 | D: s4: $135.00 (+2%) → $134.77 (+1.9%) | D: s4: ($108.00) → ($107.82) | D: s4: $108.00 → $107.82 | D: s6: $114.00 → $113.59 | D: s6: $153.00 → $153.04 | D: s6: $183.00 → $182.73 | D: s8: $135.00 → $134.77 | D: s8: $135.00 ($133.00–$136.00) → $134.77 ($133.49–$136.05) | D: s8: $108.00 → $107.82 | D: rd/sm fv: 135 → 134.77 | D: rd/sm values.fvLow: 133 → 133.49 | D: rd/sm values.fvHigh: 136 → 136.05 | D: rd/sm values.scenarios[0].tgt: 114 → 113.59 | D: rd/sm values.scenarios[1].tgt: 153 → 153.04 | D: rd/sm values.scenarios[2].tgt: 183 → 182.73 | D: rd/sm sm.mos: 2.1 → 1.9 | D: rd/sm sm.upside: 2.1 → 1.9",2,2,9,13,10,0,5,8,,0.37
FANG,US,HUMAN,"failed before compare — compute: meta.themeLegacy.accentDark: ต้องมี (ข้อความ) | theme.accentDark missing (no seed to fall back on) | theme.darkGrad missing (no seed to fall back on) | theme.glow missing (no seed to fall back on) | theme.subColor missing (no seed to fall back on) | theme.headerMuted missing (no seed to fall back on) | theme.verdictText missing (no seed to fall back on) | theme.vcellLabel missing (no seed to fall back on) | scenarios.driver ""WTI $50/bbl"" not in [""eps"";""ffo"";""revenuePerShare"";""bvps"";""fcfPerShare"";""de"";""fre""] | scenarios.cases[0].growth unreadable (""WTI $50/bbl"") | scenarios.cases[0] .ret annotation ""รวมปันผล ≈ −21.5%/ปี"" not carried — a per-year/number label would mislabel the v3 total return | scenarios.cases[1].growth unreadable (""WTI $65/bbl"") | scenarios.cases[1] .ret annotation ""รวมปันผล ≈ +0.8%/ปี"" not carried — a per-year/number label would mislabel the v3 total return | scenarios.cases[2].growth unreadable (""WTI $80/bbl"") | scenarios.cases[2] .ret annotation ""≈ +17.3%/ปี"" not carried — a per-year/number label would mislabel the v3 total return | schema meta.themeLegacy.accentDark: ต้องมี (ข้อความ) | schema meta.themeLegacy.darkGrad: ต้องมี (ข้อความ) | schema meta.themeLegacy.glow: ต้องมี (ข้อความ) | schema meta.themeLegacy.subColor: ต้องมี (ข้อความ) | schema meta.themeLegacy.headerMuted: ต้องมี (ข้อความ) | schema meta.themeLegacy.verdictText: ต้องมี (ข้อความ) | schema meta.themeLegacy.vcellLabel: ต้องมี (ข้อความ) | schema scenarios.cases[0].growth: ต้องมี (ตัวเลข) | custom cards 8 > 4 — dropped ""Adj EBITDA Q1 ann.""; ""Breakeven WTI""; ""Acreage""; ""WTI spot (ก.ค. 69)""",3,3,0,0,0,0,8,8,,0
FANUY,US,HUMAN,"first header tag not ""<EXCH>: FANUY"" (""OTC Markets: FANUY (ADR)"") | TEXT LOST ×2: ADR ADR | D: prose stale copies ×1 (pe@analysis) | D: s1: ~$34.8B → $17.8B | D: s1: ~30.4x → 31.2x | D: s1: ~3.0x → 3.10x | D: rd/sm sm.pe: 30.4 → 31.180328",2,2,2,3,3,1,3,8,,2.57
FAST,US,HUMAN,"TEXT LOST ×4: FAST Fastenal Company NASDAQ | D: scn.bull.tgt 59.17 → 59.18 | D: prose stale copies ×2 (px@analysis) | D: s1: ~41.89x → 43.4x | D: s2: $41.36 → $41.33 | D: s2: $41.36 → $41.33 | D: s3: $43.63 $41.36 → $43.59 $41.33 | D: s4: $41.36 $28.95 $33.09 $41.36 $47.77 → $41.33 $28.93 $33.06 $41.33 $43.59 | D: s4: $41.36 → $41.33 | D: s4: $41.36 → $41.33 | D: s4: $28.95–$33.09 → $28.93–$33.06 | D: s6: $59.17 → $59.18 | D: s8: $28.95–$41.36 → $28.93–$41.33 | D: s8: $41.36 → $41.33 | D: s8: $41.36 ($28.90–$47.77) → $41.33 ($39.08–$43.59) | D: s8: $41.36 → $41.33 | D: s8: $28.95–$33.09 → $28.93–$33.06 | D: rd/sm fv: 41.36 → 41.33 | D: rd/sm values.fvLow: 28.9 → 39.08 | D: rd/sm values.fvHigh: 47.77 → 43.59 | D: rd/sm values.scenarios[2].tgt: 59.17 → 59.18 | D: rd/sm sm.pe: 41.89 → 43.358974",2,2,4,14,7,2,0,5,,35.22
FCNCA,US,VALUE-DRIFT,"scn.bear.tgt $1;531.44 → 1531.43 | scn.base.tgt $2;752.53 → 2752.48 | scn.bull.tgt $3;686.15 → 3686.18 | prose stale copies ×2 (mos@analysis) | s1: ~10.7x → 11.0x | s1: 1.23x → 1.19x | s2: $2;282.47 → $2;282.46 | s3: $2;439.51 → $2;439.50 | s3: $2;282.47 → $2;282.46 | s4: $2;282.47 $1;597.73 $1;825.98 $2;282.47 → $2;282.46 $1;597.72 $1;825.97 $2;282.46 | s4: $2;439.51 → $2;439.50 | s4: ($2;282.47) → ($2;282.46) | s6: $1;531.44 −24.6% → $1;531.43 −25% | s6: $2;752.53 +35.1% → $2;752.48 +35% | s6: $3;686.15 +80.5% → $3;686.18 +81% | s8: $2;282.47 ($2;125.42–$2;439.51) → $2;282.46 ($2;125.42–$2;439.50) | s8: ($1;825.98) → ($1;825.97) | rd/sm fv: 2282.47 → 2282.46 | rd/sm values.fvHigh: 2439.51 → 2439.5 | rd/sm sm.pe: 10.7 → 11.032128",2,2,0,13,4,2,2,7,mixed,3.1
FCX,US,HUMAN,"custom cards 5 > 4 — dropped ""ผลไตรมาส 2/2569"" | TEXT LOST ×9: ผลไตรมาส EPS รายได้ กำไรสุทธิ ฉาก รายได้ฉาก โดยนัย โดยนัย | D: scn.bear.tgt 37.4 → 36.77 | D: scn.bull.tgt 99.7 → 98.94 | D: prose stale copies ×1 (pe@analysis) | D: s1: 35.1x → 35.3x | D: s3: $51.2 → $51.13 | D: s4: $72.70 → | D: s8: ($43.60–$72.70) → ($51.13–$62.48) | D: s6: $37.40 −46% $1.40 P E ออก (โดยนัย) → $36.77 −47% $1.38 | D: s6: $99.70 +42% $4.17 P E ออก (โดยนัย) → $98.94 +41% $4.14 | D: rd/sm values.fvLow: 43.6 → 51.13 | D: rd/sm values.fvHigh: 72.7 → 62.48 | D: rd/sm values.scenarios[0].tgt: 37.4 → 36.77 | D: rd/sm values.scenarios[2].tgt: 99.7 → 98.94",2,2,9,6,6,1,5,8,,17.27
FDS,US,HUMAN,"leg 2: .mval ""—"" unreadable — cannot declare | TEXT LOST ×12: EV EBITDA EV EBITDA ปัจจุบัน ต่ำกว่าช่วง ที่เคยอ้างสำหรับกลุ่ม data | D: prose stale copies ×1 (pe@analysis) | D: s2: $381.34 → $381.12 | D: s3: $278.07 $381.34 → $277.69 $381.12 | D: s4: $381.34 → $381.12 | D: s4: $266.94 $305.07 $381.34 $484.60 → $266.78 $304.90 $381.12 $484.56 | D: s4: $381.34 → $381.12 | D: s8: $381.34 ($278.07–$484.60) → $381.12 ($277.69–$484.56) | D: s8: ($266.94) → ($266.78) | D: s8: ($305.07) → ($304.90) | D: s3: $484.60 EV EBITDA EV EBITDA ปัจจุบัน ~9.6x ต่ำกว่าช่วง ~11–13x ที่เคยอ้างสำหรับกลุ่ม data analytics แต่ไม่มีมัธยฐานที่วัดได้และตรวจซ้ำไม่ได้ จึงไม่ใช้เป็นขาของ FV — → $484.56 | D: rd/sm fv: 381.34 → 381.12 | D: rd/sm values.fvLow: 278.07 → 277.69 | D: rd/sm values.fvHigh: 484.6 → 484.56",2,2,12,9,5,1,3,8,,0.14
FDX,US,VALUE-DRIFT,"scn.bear.tgt 176 → 176.07 | scn.base.tgt 277 → 277.01 | scn.bull.tgt 336 → 335.78 | s2: $249.00 → $249.32 | s3: $259 $249.00 → $259.35 $249.32 | s3: $249.00 → $249.32 | s4: $249.00 $174.30 $199.20 $249.00 $259.00 $355 → $249.32 $174.52 $199.46 $249.32 $259.35 $355.00 | s4: $249.00 → $249.32 | s4: $174.30 → $174.52 | s4: $199.20 → $199.46 | s6: $176.00 → $176.07 | s6: $277.00 → $277.01 | s6: $336.00 → $335.78 | s8: $249.00 → $249.32 | s8: $249.00 → $249.32 | s8: $199.20 → $199.46 | s8: $249.00 ($239.00–$259.00) → $249.32 ($239.30–$259.35) | s8: <$249.00 → <$249.32 | s8: $199.20 → $199.46 | s8: $277.00 → $277.01 | rd/sm fv: 249 → 249.32 | rd/sm values.fvLow: 239 → 239.3 | rd/sm values.fvHigh: 259 → 259.35 | rd/sm values.scenarios[0].tgt: 176 → 176.07 | rd/sm values.scenarios[1].tgt: 277 → 277.01 | rd/sm values.scenarios[2].tgt: 336 → 335.78 | rd/sm sm.mos: -12.3 → -12.1",2,2,0,17,8,0,0,5,multi-rounding,0.2
FE,US,HUMAN,"TEXT LOST ×1: FE | D: scn.base.tgt 55.08 → 55.07 | D: scn.bull.tgt 65.17 → 65.1 | D: s1: ~$24.96 → $25.0B | D: s1: ~14.7% → · | D: s2: $49.29 → $49.28 | D: s3: $49.29 → $49.28 | D: s4: $49.29 → $49.28 | D: s4: $39.43 $49.29 → $39.42 $49.28 | D: s4: ($39.43) → ($39.42) | D: s4: ($49.29) → ($49.28) | D: s6: $55.08 → $55.07 | D: s6: $65.17 → $65.10 | D: s8: $49.29 → $49.28 | D: s8: $49.29 → $49.28 | D: s8: ($39.43) → ($39.42) | D: rd/sm fv: 49.29 → 49.28 | D: rd/sm values.scenarios[1].tgt: 55.08 → 55.07 | D: rd/sm values.scenarios[2].tgt: 65.17 → 65.1",2,2,1,13,5,0,2,7,,0.11
FER,US,HUMAN,"leg 1 declared sotp has no extras table (E52) | custom cards 5 > 4 — dropped ""เงินสดสุทธิ ex-infra"" | TEXT LOST ×78: เงินสดสุทธิ exinfra มิย เงินสดสุทธิ ไม่ใช่หนี้ งบสกุล EUR TTM | D: s1: ~57.0x → 56.5x",2,2,78,1,1,0,5,9,,0
FERG,US,VALUE-DRIFT,"s1: ~6.7x → 6.87x | s3: $186.52 → $186.51 | s4: $220.61 → $210.94 | s4: ($179.18–$220.61) → ($186.51–$210.94) | s8: ($179.18–$220.61) → ($186.51–$210.94) | rd/sm values.fvLow: 179.18 → 186.51 | rd/sm values.fvHigh: 220.61 → 210.94",2,2,0,5,3,0,0,2,mixed,4.38
FICO,US,HUMAN,"TEXT LOST ×34: Credit Scoring Analytics SaaS NYSE FICO FICO เป็นธุรกิจชั้นเยี่ยม | D: s2: $981.00 → $981.25 | D: s3: $981.00 → $981.25 | D: s3: $928.00–$1;034.00 → $928.40–$1;034.10 | D: s3: $981.00 → $981.25 | D: s4: $981.00 $686.70 $784.80 $981.00 $1;034.00 → $981.25 $686.88 $785.00 $981.25 $1;034.10 | D: s4: $981.00 → $981.25 | D: s4: $784.80 → $785.00 | D: s4: $686.70 → $686.88 | D: s5: $981.00 → $981.25 | D: s8: $981.00 → $981.25 | D: s8: $981.00 ($928.00–$1;034.00) → $981.25 ($928.40–$1;034.10) | D: s8: $981.00 → $981.25 | D: s8: $784.80 → $785.00 | D: s5: $784.80) FICO เป็นธุรกิจชั้นเยี่ยม (near-monopoly · margin 82%+ · ROIC 47%) ราคาปัจจุบัน $856.48 ต่ำกว่า FV เล็กน้อยหลังราคาปรับฐานแรงในช่วงหลัง (FV อิงตัวคูณต่ำสุดย้อนหลัง 2 ขา) นักวิเคราะห์ 19 ราย เป้าเฉลี่ย $1;440.16 (+68%) สะท้อน bull case จากการขึ้นราคา score ต่อเนื่อง อย่างไรก็ตาม risk regulatory เรื่อง CFPB FHFA เป็นตัวแปรสำคัญที่ต้องติดตาม → $785.00) | D: rd/sm fv: 981 → 981.25 | D: rd/sm values.fvLow: 928 → 928.4 | D: rd/sm values.fvHigh: 1034 → 1034.1",2,2,34,14,5,0,2,9,,0.04
FISV,US,HUMAN,"failed before compare — compute: meta.sources: ต้องเป็น array ของข้อความ 3–8 ข้อ | sources < 3 (2) | schema meta.sources: ต้องเป็น array ของข้อความ 3–8 ข้อ",2,2,0,0,0,0,2,3,,0
FITB,US,VALUE-DRIFT,"FV 46 → 42.67 (family weights) | s1: 2.29x → 2.22x | s2: $46.00 → $42.67 | s3: $46.00 → $42.67 | s4: $46.00 $32.20 $36.80 $46.00 $55.00 → $42.67 $29.87 $34.14 $42.67 $45.81 | s4: $46.00 → $42.67 | s4: −12%) → −21%) | s4: $36.80 → $34.14 | s4: $32.20 → $29.87 | s5: −12% → −21% | s5: $46.00 → $42.67 | s6: $33 −36% → $33.21 −35% | s6: $58 +13% → $57.68 +12% | s6: $77 +50% → $76.92 +49% | s8: $46.00 → $42.67 | s8: −12%) → −21%) | s8: $46.00 ($40.00–$55.00) → $42.67 ($39.54–$45.81) | s8: −12% → −21% | s8: $46.00 → $42.67 | s8: $36.80 → $34.14 | rd/sm fv: 46 → 42.67 | rd/sm values.fvLow: 40 → 39.54 | rd/sm values.fvHigh: 55 → 45.81 | rd/sm sm.mos: -11.9 → -20.6 | rd/sm sm.upside: -10.6 → -17.1 | rd/sm sm.fairValue: 46 → 42.67",2,2,0,19,8,0,2,10,mixed,16.71
FIVE,US,VALUE-DRIFT,"scn.bear.tgt 132 → 131.82 | scn.base.tgt 271 → 271.15 | scn.bull.tgt 374 → 374.14 | s2: $210.00 → $210.31 | s3: $214 $210.00 → $214.23 $210.31 | s4: $210.00 $147.00 $168.00 $210.00 $252.00 → $210.31 $147.22 $168.25 $210.31 $214.23 | s4: $210.00 → $210.31 | s4: ($168.00 → ($168.25 | s4: $147.00) → $147.22) | s6: $132.00 → $131.82 | s6: $271.00 → $271.15 | s6: $374.00 → $374.14 | s8: $210.00 → $210.31 | s8: $210.00 ($135.00–$252.00) → $210.31 ($206.39–$214.23) | s8: ($168.00) → ($168.25) | s8: ($147.00) → ($147.22) | rd/sm fv: 210 → 210.31 | rd/sm values.fvLow: 135 → 206.39 | rd/sm values.fvHigh: 252 → 214.23 | rd/sm values.scenarios[0].tgt: 132 → 131.82 | rd/sm values.scenarios[1].tgt: 271 → 271.15 | rd/sm values.scenarios[2].tgt: 374 → 374.14 | rd/sm sm.mos: -5.9 → -5.7 | rd/sm sm.upside: -5.6 → -5.4",2,2,0,13,10,0,0,6,mixed,52.88
FLEX,US,VALUE-DRIFT,"FV 56 → 55.64 (family weights) | scn.bear.tgt 35 → 34.57 | scn.base.tgt 120 → 119.89 | scn.bull.tgt 167 → 166.79 | s2: $56.00 → $55.64 | s3: $50 $56.00 → $49.89 $55.64 | s4: $56.00 $39.20 $44.80 $56.00 → $55.64 $38.95 $44.51 $55.64 $61.38 | s4: $203 → | s4: −101%) → −102%) | s5: −101% → −102% | s5: $56.00 → $55.64 | s6: $35.00 → $34.57 | s6: $120.00 → $119.89 | s6: $167.00 +49% → $166.79 +48% | s8: −101% → −102% | s8: $56.00 ($50.00–$61.00) → $55.64 ($49.89–$61.38) | s8: −101% → −102% | s8: $56.00 → $55.64 | s8: $44.80) → $44.51) | rd/sm fv: 56 → 55.64 | rd/sm values.fvLow: 50 → 49.89 | rd/sm values.fvHigh: 61 → 61.38 | rd/sm values.scenarios[0].tgt: 35 → 34.57 | rd/sm values.scenarios[1].tgt: 120 → 119.89 | rd/sm values.scenarios[2].tgt: 167 → 166.79 | rd/sm sm.mos: -100.7 → -102 | rd/sm sm.upside: -50.2 → -50.5 | rd/sm sm.fairValue: 56 → 55.64",2,2,0,15,11,0,2,10,mixed,1.3
FMC,US,VALUE-DRIFT,"scn.bear.tgt 8.5 → 8.46 | scn.base.tgt 30 → 30.41 | scn.bull.tgt 49 → 48.88 | s2: $32.00 → $32.12 | s3: $39.14 $32.00 → $39.21 $32.12 | s4: $32.00 → $32.12 | s4: $22.40 $25.60 $32.00 $39.00 → $22.48 $25.70 $32.12 $39.21 | s4: ($22.40) → ($22.48) | s4: $32.00 → $32.12 | s4: $12.00–$39.00 → $25.03–$39.21 | s6: $8.50 −1.4% → $8.46 −1.8% | s6: $30.00 +223% → $30.41 +227% | s6: $49.00 +421% → $48.88 +420% | s8: $32.00 ($12.00–$39.00) → $32.12 ($25.03–$39.21) | s8: ($22.40) → ($22.48) | rd/sm fv: 32 → 32.12 | rd/sm values.fvLow: 12 → 25.03 | rd/sm values.fvHigh: 39 → 39.21 | rd/sm values.scenarios[0].tgt: 8.5 → 8.46 | rd/sm values.scenarios[1].tgt: 30 → 30.41 | rd/sm values.scenarios[2].tgt: 49 → 48.88 | rd/sm sm.upside: 233.7 → 234.9",2,2,0,12,9,0,1,7,mixed,108.58
FN,US,HUMAN,"TEXT LOST ×4: ต่ำสุดในประวัติ มัธยฐาน กึ่งกลางมัธยฐาน 230xสูงสุด | D: scn.bear.tgt 296 → 295.28 | D: scn.base.tgt 492 → 493.16 | D: scn.bull.tgt 765 → 764.65 | D: s2: $359.00 → $358.92 | D: s3: $418 $359.00 → $417.68 $358.92 | D: s4: $359.00 $251.30 $287.20 $359.00 $418.00 → $358.92 $251.24 $287.14 $358.92 $417.68 | D: s5: $359.00 → $358.92 | D: s5: $287.20 → $287.14 | D: s5: $251.30 → $251.24 | D: s6: $296.00 → $295.28 | D: s6: $492.00 → $493.16 | D: s6: $765.00 → $764.65 | D: s8: $359.00 ($300.00–$418.00) → $358.92 ($300.15–$417.68) | D: s8: $287.20 → $287.14 | D: s8: $251.30 → $251.24 | D: rd/sm fv: 359 → 358.92 | D: rd/sm values.fvLow: 300 → 300.15 | D: rd/sm values.fvHigh: 418 → 417.68 | D: rd/sm values.scenarios[0].tgt: 296 → 295.28 | D: rd/sm values.scenarios[1].tgt: 492 → 493.16 | D: rd/sm values.scenarios[2].tgt: 765 → 764.65",2,2,4,12,7,0,1,3,,0.24
FNF,US,HUMAN,"TEXT LOST ×1: ทรงตัว | D: s2: $48.00 → $48.08 | D: s3: $48.00 → $48.08 | D: s3: $48.00 → $48.08 | D: s4: $48.00 $33.60 $38.40 $48.00 $56.00 → $48.08 $33.66 $38.46 $48.08 $52.90 | D: s4: $48.00 → $48.08 | D: s4: $38.40 → $38.46 | D: s5: $38.40) → $38.46) | D: s8: $48.00 ($40.00–$56.00) → $48.08 ($43.26–$52.90) | D: s8: $48.00 → $48.08 | D: s8: $38.40 → $38.46 | D: rd/sm fv: 48 → 48.08 | D: rd/sm values.fvLow: 40 → 43.26 | D: rd/sm values.fvHigh: 56 → 52.9 | D: rd/sm sm.upside: 17.6 → 17.8",2,2,1,10,4,0,0,7,,8.15
FNV,US,HUMAN,"TEXT LOST ×4: รายได้ที่ราคาทอง Base ที่ราคาทอง Base | D: scn.bear.tgt 141.86 → 141.89 | D: scn.base.tgt 211.07 → 211.11 | D: scn.bull.tgt 290.12 → 290.26 | D: prose stale copies ×4 (pe@analysis) | D: s1: ~34.8x → 34.0x | D: s2: $195.60 → $195.57 | D: s3: $180.12 → $180.17 | D: s3: $211.07 $195.60 → $210.97 $195.57 | D: s3: $195.60 → $195.57 | D: s4: $195.60 $136.92 $156.48 $195.60 $211.07 → $195.57 $136.90 $156.46 $195.57 $210.97 | D: s5: $195.60 → $195.57 | D: s6: $141.86 → $141.89 | D: s6: $211.07 → $211.11 | D: s6: $290.12 → $290.26 | D: s7: $195.60 → $195.57 | D: s8: $195.60 → $195.57 | D: s8: $195.60 ($180.12–$211.07) → $195.57 ($180.17–$210.97) | D: s8: $195.60 → $195.57 | D: s8: $156.48 → $156.46 | D: s8: $136.92 → $136.90 | D: rd/sm fv: 195.6 → 195.57 | D: rd/sm values.fvLow: 180.12 → 180.17 | D: rd/sm values.fvHigh: 211.07 → 210.97 | D: rd/sm values.scenarios[0].tgt: 141.86 → 141.89 | D: rd/sm values.scenarios[1].tgt: 211.07 → 211.11 | D: rd/sm values.scenarios[2].tgt: 290.12 → 290.26 | D: rd/sm sm.pe: 34.8 → 33.972549",2,2,4,16,8,4,2,4,,2.38
FORM,US,VALUE-DRIFT,"scn.bear.tgt 77 → 77.09 | scn.base.tgt 140 → 139.62 | scn.bull.tgt 183 → 183.36 | prose:prose.strategy ""$118.38"" → {{px}} | s2: $67.00 → $67.05 | s3: $60 $67.00 → $60.00 $67.05 | s3: ~−93%) → ~−92%) | s4: $67.00 $46.90 $54 $67.00 → $67.05 $46.93 $53.64 $67.05 $74.10 | s4: $160 → | s4: −93%) → −92%) | s5: −93% → −92% | s6: $77.00 → $77.09 | s6: $140.00 → $139.62 | s6: $183.00 → $183.36 | s8: $67.00 → $67.05 | s8: $67.00 ($60.00–$74.00) → $67.05 ($60.00–$74.10) | s8: −93% → −92% | s8: $118.38 → $129.04 | rd/sm fv: 67 → 67.05 | rd/sm values.fvHigh: 74 → 74.1 | rd/sm values.scenarios[0].tgt: 77 → 77.09 | rd/sm values.scenarios[1].tgt: 140 → 139.62 | rd/sm values.scenarios[2].tgt: 183 → 183.36",2,2,0,14,7,0,3,10,mixed,0.27
FORTH,TH,VALUE-DRIFT,"s1: ฿13;750 ล. → ฿1.36 หมื่นล้าน | s1: ฿5.45 → | s2: ฿18.05 → ฿18.09 | s2: ฿18.05 → ฿18.09 | s3: ฿17.72 → ฿17.73 | s3: ฿18.05 → ฿18.09 | s4: ฿18.05 ฿12.64 ฿14.44 ฿14.50 ฿18.05 → ฿18.09 ฿12.66 ฿14.47 ฿18.09 | s4: ฿18.05 → ฿18.09 | s4: ฿14.44 → ฿14.47 | s8: ฿18.05 → ฿18.09 | s8: ฿14.44 → ฿14.47 | s8: ฿18.05 (฿17.72–฿18.37) → ฿18.09 (฿17.73–฿18.37) | s8: ฿18.05 → ฿18.09 | s8: ฿14.44 → ฿14.47 | s8: ฿12.64 → ฿12.66 | rd/sm fv: 18.05 → 18.09 | rd/sm values.fvLow: 17.72 → 17.73 | rd/sm sm.upside: 24.5 → 24.8",3,3,0,15,5,0,1,8,fv-rounding,0.3
FPT,TH,VALUE-DRIFT,"scn.bear.tgt 5.18 → 5.17 | s6: ฿5.18 → ฿5.17 | s6: ฿0.58 → ฿0.57 | rd/sm values.scenarios[0].tgt: 5.18 → 5.17",2,2,0,2,2,0,0,3,scn-tgt,0.19
FR,US,HUMAN,"custom cards 5 > 4 — dropped ""Total Debt"" | TEXT LOST ×10: Total Debt Net debt Net Debt EV ต่ำสุด | D: scn.bear.tgt 45.37 → 45.39 | D: scn.base.tgt 62.45 → 62.48 | D: scn.bull.tgt 76.02 → 76.06 | D: prose stale copies ×1 (px@analysis) | D: s2: $61.20 → $61.22 | D: s2: $61.20 → $61.22 | D: s3: $61.20 → $61.22 | D: s4: $61.20 $42.84 $48.96 $61.20 → $61.22 $42.85 $48.98 $61.22 | D: s4: $61.20 → $61.22 | D: s4: (−0.3%) → (−0.2%) | D: s4: ≤$48.96 → ≤$48.98 | D: s4: ≤$42.84 → ≤$42.85 | D: s5: −0.3% → −0.2% | D: s6: $45.37 → $45.39 | D: s6: $62.45 → $62.48 | D: s6: $76.02 → $76.06 | D: s7: $61.20 (−0.3%) → $61.22 (−0.2%) | D: s8: $61.20 → $61.22 | D: s8: (−0.3%) → (−0.2%) | D: s8: <$48.96 → <$48.98 | D: s8: $61.20 ($52.00–$70.00) → $61.22 ($52.43–$70.00) | D: s8: −0.3% → −0.2% | D: s8: $48.96 → $48.98 | D: s8: $42.84 → $42.85 | D: rd/sm fv: 61.2 → 61.22 | D: rd/sm values.fvLow: 52 → 52.43 | D: rd/sm values.scenarios[0].tgt: 45.37 → 45.39 | D: rd/sm values.scenarios[1].tgt: 62.45 → 62.48 | D: rd/sm values.scenarios[2].tgt: 76.02 → 76.06",2,2,10,20,6,1,5,11,,0.83
FRT,US,HUMAN,"scenarios.cases[0] .ret annotation ""(3 ปี · ≈3.2%/ปี)"" not carried — a per-year/number label would mislabel the v3 total return | scenarios.cases[1] .ret annotation ""(3 ปี · ≈12.4%/ปี)"" not carried — a per-year/number label would mislabel the v3 total return | scenarios.cases[2] .ret annotation ""(3 ปี · ≈18.4%/ปี)"" not carried — a per-year/number label would mislabel the v3 total return | custom cards 6 > 4 — dropped ""Same-Store NOI Growth""; ""Total Assets / Net Debt"" | TEXT LOST ×14: SameStore NOI Growth การเติบโตอินทรีย์ต่อเนื่อง est Total Assets Net | D: scn.bear.tgt $121.34 → 107.29 | D: scn.base.tgt $156.62 → 142.12 | D: scn.bull.tgt $182.96 → 168.09 | D: s2: $147.00 → $147.06 | D: s3: $138 $147.00 → $137.87 $147.06 | D: s3: $147.00 → $147.06 | D: s4: $147.00 $102.90 $117.60 → $147.06 $102.94 $117.65 | D: s4: $147.00 $156.00 → $147.06 $156.24 | D: s4: $147.00 → $147.06 | D: s4: $117.60 → $117.65 | D: s4: $102.90 → $102.94 | D: s6: $121.34 +10.0% (3 ปี · ณ3.2% ปี) → $107.29 +10% | D: s6: $156.62 +41.9% (3 ปี · ณ12.4% ปี) → $142.12 +42% | D: s6: $182.96 +65.8% (3 ปี · ณ18.4% ปี) $8.84 → $168.09 +66% $8.85 | D: s8: $147.00 → $147.06 | D: s8: $147.00 ($138.00–$156.00) → $147.06 ($137.87–$156.24) | D: s8: $117.60 → $117.65 | D: s8: $102.90 → $102.94 | D: rd/sm fv: 147 → 147.06 | D: rd/sm values.fvLow: 138 → 137.87 | D: rd/sm values.fvHigh: 156 → 156.24 | D: rd/sm sm.pe: 15.4 → 22.247984",2,2,14,15,6,0,6,12,,44.47
FSLR,US,VALUE-DRIFT,"scn.bear.tgt 153 → 152.97 | scn.base.tgt 278 → 278.18 | scn.bull.tgt 370 → 370.03 | s1: ~12.1x → 10.6x | s1: 2.13 → 1.87x | s2: $272.00 → $271.47 | s3: $238 $272.00 → $238.00 $271.47 | s3: $272.00 → $271.47 | s4: $272.00 $190.40 $217.60 $272.00 → $271.47 $190.03 $217.18 $271.47 | s4: $305.00 → $304.94 | s4: $272.00 → $271.47 | s4: $217.60 → $217.18 | s6: $153.00 → $152.97 | s6: $278.00 +61% → $278.18 +62% | s6: $370.00 → $370.03 | s8: $272.00 → $271.47 | s8: $272.00 ($238.00–$305.00) → $271.47 ($238.00–$304.94) | s8: $217.60) → $217.18) | rd/sm fv: 272 → 271.47 | rd/sm values.fvHigh: 305 → 304.94 | rd/sm values.scenarios[0].tgt: 153 → 152.97 | rd/sm values.scenarios[1].tgt: 278 → 278.18 | rd/sm values.scenarios[2].tgt: 370 → 370.03 | rd/sm sm.pe: 12.08 → 10.614057 | rd/sm sm.upside: 58 → 57.7",2,2,0,15,8,0,3,9,mixed,12.14
FSMART,TH,VALUE-DRIFT,"s1: 2.73x → 2.71x | s1: ฿2;213 ล้าน -8.0% → ฿2.21 พันล้าน 8.0%",2,2,0,2,2,0,1,6,mixed,0
FTNT,US,VALUE-DRIFT,"scn.bear.tgt 100 → 99.82 | scn.base.tgt 151 → 150.64 | scn.bull.tgt 220 → 220.06 | s2: $120.00 → $119.99 | s3: $121 $120.00 → $121.12 $119.99 | s4: $120.00 $84.00 $96.00 $120.00 → $119.99 $83.99 $95.99 $119.99 $121.12 | s4: $176.10 → | s5: $120.00 → $119.99 | s6: $100.00 → $99.82 | s6: $151.00 −15% (−5% → $150.64 −16% (−6% | s6: $220.00 → $220.06 | s8: $120.00 ($113.00–$127.00) → $119.99 ($118.86–$121.12) | s8: $120.00 → $119.99 | s8: $96.00) → $95.99) | rd/sm fv: 120 → 119.99 | rd/sm values.fvLow: 113 → 118.86 | rd/sm values.fvHigh: 127 → 121.12 | rd/sm values.scenarios[0].tgt: 100 → 99.82 | rd/sm values.scenarios[1].tgt: 151 → 150.64 | rd/sm values.scenarios[2].tgt: 220 → 220.06",2,2,0,11,8,0,0,6,mixed,5.19
FTS,US,HUMAN,"TEXT LOST ×110: อ่านตัวเลขในรายงานนี้อย่างไร Fortis รายงานงบเป็น ดอลลาร์แคนาดา CAD แต่หุ้น FTS ที่ผู้อ่านซื้อบน | D: scn.bull.tgt 67.05 → 66.98 | D: prose stale copies ×3 (px@analysis;pe@analysis) | D: s1: ~1.68 → 1.65x | D: s2: $51.98 → $52.03 | D: s3: $55.60 → $55.71 | D: s3: $51.98 → $52.03 | D: s3: $51.98 → $52.03 | D: s4: $51.98 $36.39 $41.58 $51.98 → $52.03 $36.42 $41.62 $52.03 | D: s4: $55.60 → $55.71 | D: s4: ($41.58 $36.39) → ($41.62 $36.42) | D: s5: $51.98 → $52.03 | D: s5: $51.98 → $52.03 | D: s6: $67.05 → $66.98 | D: s8: $51.98 → $52.03 | D: s8: $51.98 ($48.36–$55.60) → $52.03 ($48.36–$55.71) | D: s8: $51.98 → $52.03 | D: s8: $41.58 → $41.62 | D: s1: อ่านตัวเลขในรายงานนี้อย่างไร: Fortis รายงานงบเป็น ดอลลาร์แคนาดา (CAD) แต่หุ้น FTS ที่ผู้อ่านซื้อบน NYSE ซื้อขายเป็น ดอลลาร์สหรัฐ (USD) ทุกตัวเลข ""ต่อหุ้น"" ที่แสดงในรายงานนี้ (ราคา · EPS · BVPS · ปันผล · มูลค่าเหมาะสม) แปลงเป็น USD ทั้งหมดแล้ว ที่อัตรา CADUSD = 0.7134 (21 ก.ย. 2569 · Yahoo Finance CADUSD=X) ส่วนตารางงบย้อนหลังคงหน่วย CAD ไว้ตามต้นฉบับ — จุดที่ต้องระวังคือ ห้ามเอาราคา USD ไปหารด้วย EPS สกุล CAD จะได้ P E ต่ำกว่าความจริงราว 39% (ตรวจให้เห็นภาพ: EPS ปรับลด TTM 3.40 CAD × 0.7134 = 2.43 USD ตรงกับ EPS(TTM) ฝั่ง quote ของ Yahoo ที่ 2.43 USD ✓ — quote ของ StockAnalysis 2.39 USD ต่างราว 1.7%) ~$27.1 พันล้าน → $27.1B | D: rd/sm fv: 51.98 → 52.03 | D: rd/sm values.fvHigh: 55.6 → 55.71 | D: rd/sm values.scenarios[2].tgt: 67.05 → 66.98 | D: rd/sm sm.pe: 22.3 → 21.843621",2,2,110,16,6,3,3,7,,2.05
FTV,US,VALUE-DRIFT,"scn.bear.tgt 32 → 32.09 | scn.base.tgt 52 → 52.22 | scn.bull.tgt 77 → 76.65 | s2: $42.49 → $42.42 | s3: $43.65 $42.49 → $43.51 $42.42 | s4: $42.49 $29.74 $33.99 $42.49 $43.65 → $42.42 $29.69 $33.94 $42.42 $43.51 | s4: $42.49 → $42.42 | s5: −30% → −31% | s6: $32.00 → $32.09 | s6: $52.00 −5% → $52.22 −4% | s6: $77.00 +41% → $76.65 +40% | s8: ($42.49) → ($42.42) | s8: ($33.99) → ($33.94) | s8: $42.49 ($41.33–$43.65) → $42.42 ($41.33–$43.51) | s8: −30% → −31% | s8: ($33.99) → ($33.94) | rd/sm fv: 42.49 → 42.42 | rd/sm values.fvHigh: 43.65 → 43.51 | rd/sm values.scenarios[0].tgt: 32 → 32.09 | rd/sm values.scenarios[1].tgt: 52 → 52.22 | rd/sm values.scenarios[2].tgt: 77 → 76.65 | rd/sm sm.mos: -30.5 → -30.7",2,2,0,13,8,0,2,8,multi-rounding,0.45
GABLE,TH,HUMAN,"scenarios.cases[0] .ret annotation ""/ปี"" not carried — a per-year/number label would mislabel the v3 total return | scenarios.cases[1] .ret annotation ""/ปี"" not carried — a per-year/number label would mislabel the v3 total return | scenarios.cases[2] .ret annotation ""/ปี"" not carried — a per-year/number label would mislabel the v3 total return | TEXT LOST ×3: ผลตอบแทนราคารวม ผลตอบแทนราคารวม ผลตอบแทนราคารวม | D: scn.bear.tgt ฿3.01 → 3 | D: scn.base.tgt ฿5.51 → 5.54 | D: scn.bull.tgt ฿8.03 → 8.05 | D: s3: ฿4.73 → ฿4.72 | D: s6: ฿3.01 −8.6% ปี → ฿3.00 −24% | D: s6: ฿5.51 +11.8% ปี → ฿5.54 +41% | D: s6: ฿8.03 +26.8% ปี → ฿8.05 +104%",4,4,3,4,2,0,0,8,,0
GATX,US,HUMAN,"TEXT LOST ×4: NYSE GATX เมย สูงสุด | D: scn.bear.tgt $176.60 → 176.58 | D: scn.base.tgt $223.90 → 223.93 | D: prose:prose.gauge ""+23.5%"" → {{analyst.pct}} | D: prose:prose.verdictBody ""+23.5%"" → {{analyst.pct}} | D: prose stale copies ×5 (pe@analysis) | D: s2: $179.00 → $178.90 | D: s3: $179.00 → $178.90 | D: s3: $179.00 → $178.90 | D: s4: $179.00 $125.30 $143.20 $179.00 $198.00 → $178.90 $125.23 $143.12 $178.90 $180.05 | D: s4: $179.00 → $178.90 | D: s4: −2%) → −3%) | D: s4: (+23.5% → (+20% | D: s4: $179.00 → $178.90 | D: s4: $143.20 → $143.12 | D: s5: −2% → −3% | D: s5: $143.20 → $143.12 | D: s6: $176.60 → $176.58 | D: s6: $223.90 +26.8% → $223.93 +27% | D: s7: −2% → −3% | D: s7: $143.20 → $143.12 | D: s8: $179.00 → $178.90 | D: s8: −2%) → −3%) | D: s8: (+23.5%) → (+20%) | D: s8: $125.30–$143.20 → $125.23–$143.12 | D: s8: $179.00 ($164.00–$198.00) → $178.90 ($177.76–$180.05) | D: s8: −2% → −3% | D: s8: $125.30–$143.20 → $125.23–$143.12 | D: s2: $179.00 (เม.ย. 69 สูงสุด) → $178.90 | D: rd/sm fv: 179 → 178.9 | D: rd/sm values.fvLow: 164 → 177.76 | D: rd/sm values.fvHigh: 198 → 180.05",2,2,4,23,5,5,1,7,,9.07
GD,US,HUMAN,"TEXT LOST ×1: มัธยฐานเดียวกัน | D: scn.bear.tgt 322.8 → 322.75 | D: scn.base.tgt 392.5 → 392.53 | D: scn.bull.tgt 448.6 → 448.58 | D: prose stale copies ×2 (pe@analysis) | D: s1: ~21.5x → 20.5x | D: s2: $319.00 → $318.97 | D: s3: $319.00 → $318.97 | D: s4: $319.00 $223.30 $255.20 $319.00 → $318.97 $223.28 $255.18 $318.97 | D: s4: $319.00 → $318.97 | D: s4: $255.20 → $255.18 | D: s4: $223.30 → $223.28 | D: s6: $322.80 +1.7% → $322.75 +1.6% | D: s6: $392.50 → $392.53 | D: s6: $448.60 → $448.58 | D: s8: $319.00) → $318.97) | D: s8: $319.00 → $318.97 | D: s8: $319.00 → $318.97 | D: s8: $319.00 → $318.97 | D: s8: $223.30 → $223.28 | D: rd/sm fv: 319 → 318.97 | D: rd/sm values.scenarios[0].tgt: 322.8 → 322.75 | D: rd/sm values.scenarios[1].tgt: 392.5 → 392.53 | D: rd/sm values.scenarios[2].tgt: 448.6 → 448.58 | D: rd/sm sm.pe: 21.5 → 20.505488",2,2,1,15,7,2,1,6,,4.63
GE,US,VALUE-DRIFT,"s3: $299.70 → $299.72 | s4: $299.70 → $299.72 | s4: $299.70 → $299.72 | s8: ($225.83–$299.70) → ($225.83–$299.72) | rd/sm values.fvHigh: 299.7 → 299.72",2,2,0,4,3,0,1,6,fv-rounding,0.01
GEHC,US,VALUE-DRIFT,"s2: $78.80 → $78.79 | s3: $78.80 → $78.79 | s4: $78.80 $55.16 $63.04 $78.80 → $78.79 $55.15 $63.03 $78.79 | s4: $78.80 → $78.79 | s8: ($78.80) → ($78.79) | s8: $78.80 → $78.79 | s8: ($63.04) → ($63.03) | rd/sm fv: 78.8 → 78.79",2,2,0,7,2,0,0,4,fv-rounding,0.01
GEV,US,VALUE-DRIFT,"scn.bear.tgt 552 → 551.81 | scn.base.tgt 882 → 882.17 | scn.bull.tgt 1333 → 1333.32 | s2: $915.00 → $914.72 | s3: $936 $915.00 → $936.00 $914.72 | s4: $915.00 $640.50 $732.00 $915.00 $1;196 → $914.72 $640.30 $731.78 $914.72 $936.00 | s4: $915.00 → $914.72 | s5: $915.00 → $914.72 | s6: $552.00 → $551.81 | s6: $882.00 → $882.17 | s6: $1;333.00 → $1;333.32 | s8: $915.00 ($893.00–$936.00) → $914.72 ($893.44–$936.00) | s8: $732.00 → $731.78 | rd/sm fv: 915 → 914.72 | rd/sm values.fvLow: 893 → 893.44 | rd/sm values.scenarios[0].tgt: 552 → 551.81 | rd/sm values.scenarios[1].tgt: 882 → 882.17 | rd/sm values.scenarios[2].tgt: 1333 → 1333.32",2,2,0,10,7,0,2,11,multi-rounding,0.05
GFPT,TH,HUMAN,"TEXT LOST ×7: บริบท ห่างจากขาตระกูล เดียวกัน Justified BV ไม่รวมในกรอบ FV | D: prose stale copies ×3 (pe@analysis) | D: s1: ~6.1x → 5.9x | D: s1: 0.62x → 0.60x | D: s2: ฿17.31 → ฿17.25 | D: s3: ฿19.50 ฿17.31 → ฿19.40 ฿17.25 | D: s4: ฿17.31 → ฿17.25 | D: s4: ฿12.12 ฿13.85 ฿17.31 ฿19.50 → ฿12.08 ฿13.80 ฿17.25 ฿19.40 | D: s4: ฿17.31 (+38%) → ฿17.25 (+37%) | D: s4: ฿12.12 → ฿12.08 | D: s5: +38% → +37% | D: s7: +38% → +37% | D: s8: ฿17.31 (+38%) → ฿17.25 (+37%) | D: s8: ฿17.31 (฿15.11–฿19.50) → ฿17.25 (฿15.11–฿19.40) | D: s8: +38% → +37% | D: s8: (฿12.12) → (฿12.08) | D: rd/sm fv: 17.31 → 17.25 | D: rd/sm values.fvHigh: 19.5 → 19.4 | D: rd/sm sm.pe: 6.1 → 5.934066 | D: rd/sm sm.mos: 37.6 → 37.4 | D: rd/sm sm.upside: 60.3 → 59.7",3,2,7,14,6,3,0,5,,2.72
GFS,US,VALUE-DRIFT,"FV 37 → 37.54 (family weights) | scn.bear.tgt 32 → 32.25 | scn.base.tgt 57 → 57.5 | scn.bull.tgt 88 → 88.18 | s2: $37.00 → $37.54 | s3: $30 $37.00 → $30.00 $37.54 | s4: $37.00 $25.90 $29.60 $37.00 → $37.54 $26.28 $30.03 $37.54 $45.08 | s4: $37.00 → $37.54 | s5: −27% → −25% | s5: $37.00 → $37.54 | s6: $32.00 −32% → $32.25 −31% | s6: $57.00 +21% → $57.50 +22% | s6: $88.00 → $88.18 | s8: $37.00 → $37.54 | s8: $37.00 ($30.00–$45.00) → $37.54 ($30.00–$45.08) | s8: −27% → −25% | s8: $29.60 → $30.03 | header: • ราคาปัจจุบันต่ำกว่าจุดสูงสุด ~48% → | rd/sm fv: 37 → 37.54 | rd/sm values.fvHigh: 45 → 45.08 | rd/sm values.scenarios[0].tgt: 32 → 32.25 | rd/sm values.scenarios[1].tgt: 57 → 57.5 | rd/sm values.scenarios[2].tgt: 88 → 88.18 | rd/sm sm.mos: -27.2 → -25.3 | rd/sm sm.upside: -21.4 → -20.2 | rd/sm sm.fairValue: 37 → 37.54",2,2,0,14,9,0,0,6,mixed,1.9
GGG,US,VALUE-DRIFT,"scn.bear.tgt 64 → 63.6 | scn.base.tgt 87 → 87.11 | scn.bull.tgt 114 → 114.28 | prose stale copies ×2 (pe@analysis) | s1: ~24.0x → 24.3x | s6: $64.00 −12% → $63.60 −13% | s6: $87.00 → $87.11 | s6: $114.00 +53% → $114.28 +54% | rd/sm values.scenarios[0].tgt: 64 → 63.6 | rd/sm values.scenarios[1].tgt: 87 → 87.11 | rd/sm values.scenarios[2].tgt: 114 → 114.28",2,2,0,4,5,2,0,5,mixed,0.62
GILD,US,HUMAN,"price-bound custom card ""P/E (บน EPS GAAP FY2025)"" | D: scn.bear.tgt 97 → 97.13 | D: scn.base.tgt 154 → 153.64 | D: scn.bull.tgt 217 → 217.48 | D: s2: $107.00 → $106.70 | D: s3: $97 $107.00 → $97.46 $106.70 | D: s4: $107.00 $74.90 $85.60 $107.00 $116.00 $158 → $106.70 $74.69 $85.36 $106.70 $115.94 $158.00 | D: s4: $107.00 → $106.70 | D: s4: ($85.60) → ($85.36) | D: s4: ($74.90) → ($74.69) | D: s6: $97.00 → $97.13 | D: s6: $154.00 → $153.64 | D: s6: $217.00 → $217.48 | D: s6: $97.00 → $97.13 | D: s6: $154.00 → $153.64 | D: s6: $217.00 → $217.48 | D: s8: $107.00 → $106.70 | D: s8: $107.00 ($97.00–$116.00) → $106.70 ($97.46–$115.94) | D: s8: $85.60 → $85.36 | D: rd/sm fv: 107 → 106.7 | D: rd/sm values.fvLow: 97 → 97.46 | D: rd/sm values.fvHigh: 116 → 115.94 | D: rd/sm values.scenarios[0].tgt: 97 → 97.13 | D: rd/sm values.scenarios[1].tgt: 154 → 153.64 | D: rd/sm values.scenarios[2].tgt: 217 → 217.48 | D: rd/sm sm.mos: -39.9 → -40.3 | D: rd/sm sm.upside: -28.5 → -28.7",2,2,0,15,10,0,2,7,,0.47
GIS,US,HUMAN,"TEXT LOST ×4: ปีที่ สมมติปรับลดปีสุดท้าย ปีที่ ปีที่ | D: scn.bear.tgt 22.4 → 20.88 | D: scn.bull.tgt 44.46 → 45.81 | D: s2: $40.77 → $40.76 | D: s2: $40.77 → $40.76 | D: s3: $40.77 → $40.76 | D: s3: $40.77 → $40.76 | D: s4: $40.77 $28.54 $32.62 → $40.76 $28.53 $32.61 | D: s4: $40.77 → $40.76 | D: s4: ($40.77) → ($40.76) | D: s4: ($32.62) → ($32.61) | D: s6: −16% → −20% | D: s8: $40.77 → $40.76 | D: s8: ($32.62) → ($32.61) | D: s8: ($40.77) → ($40.76) | D: s8: ($28.54) → ($28.53) | D: s6: (ปีที่ 2–3) $22.40 −16% $2.80 → $20.88 −20% $2.61 | D: s6: (ปีที่ 2–3) $44.46 +49% $3.42 → $45.81 +53% $3.52 | D: rd/sm fv: 40.77 → 40.76 | D: rd/sm values.scenarios[0].tgt: 22.4 → 20.88 | D: rd/sm values.scenarios[2].tgt: 44.46 → 45.81",2,2,4,15,4,0,3,9,,6.79
GLOBAL,TH,VALUE-DRIFT,"scn.bear.tgt 5 → 5.04 | scn.base.tgt 8 → 7.99 | scn.bull.tgt 11 → 11.02 | prose stale copies ×3 (px@analysis;pe@analysis) | s6: ฿5.00 −15% → ฿5.04 −14% | s6: ฿8.00 +34% → ฿7.99 +33% | s6: ฿11.00 → ฿11.02 | s6: +34% → +33% | s6: −15% → −14% | rd/sm values.scenarios[0].tgt: 5 → 5.04 | rd/sm values.scenarios[1].tgt: 8 → 7.99 | rd/sm values.scenarios[2].tgt: 11 → 11.02",2,2,0,5,3,3,0,4,mixed,0.8
GLW,US,VALUE-DRIFT,"FV 96 → 95.38 (family weights) | scn.bear.tgt 105 → 104.61 | scn.base.tgt 198 → 198.37 | scn.bull.tgt 341 → 340.85 | s1: ~69.2x → 47.0x | s2: $96.00 → $95.38 | s3: $76 $96.00 → $75.95 $95.38 | s3: ($76.00 → ($75.95 | s3: $115.00) → $114.80) | s4: $96.00 $67.20 $76.80 $96.00 → $95.38 $66.77 $76.30 $95.38 $114.80 | s4: $341 → | s5: −61% → −62% | s5: $96.00 → $95.38 | s5: $76.80) → $76.30) | s6: $105.00 → $104.61 | s6: $198.00 +28% → $198.37 +29% | s6: $341.00 → $340.85 | s7: −61%); → −62%); | s8: $96.00 → $95.38 | s8: −61%) → −62%) | s8: $96.00 ($76.00–$115.00) → $95.38 ($75.95–$114.80) | s8: −61% → −62% | s8: $76.00 → $75.95 | s8: <$76.80) → <$76.30) | rd/sm fv: 96 → 95.38 | rd/sm values.fvLow: 76 → 75.95 | rd/sm values.fvHigh: 115 → 114.8 | rd/sm values.scenarios[0].tgt: 105 → 104.61 | rd/sm values.scenarios[1].tgt: 198 → 198.37 | rd/sm values.scenarios[2].tgt: 341 → 340.85 | rd/sm sm.mos: -60.6 → -61.6 | rd/sm sm.upside: -37.7 → -38.1 | rd/sm sm.fairValue: 96 → 95.38",2,2,0,20,10,0,3,8,mixed,1
GMED,US,VALUE-DRIFT,"scn.base.tgt 93.67 → 93.68 | scn.bull.tgt 118.9 → 118.93 | s2: $84.00 → $84.03 | s3: $84.00 → $84.03 | s4: $84.00 $58.80 $67.20 $84.00 $98.00 → $84.03 $58.82 $67.22 $84.03 $97.67 | s4: ($67.20) → ($67.22) | s4: $84.00 → $84.03 | s6: $93.67 → $93.68 | s6: $118.90 → $118.93 | s8: $84.00 → $84.03 | s8: $84.00 ($70.00–$98.00) → $84.03 ($70.38–$97.67) | s8: ($67.20) → ($67.22) | s8: $58.80 → $58.82 | rd/sm fv: 84 → 84.03 | rd/sm values.fvLow: 70 → 70.38 | rd/sm values.fvHigh: 98 → 97.67 | rd/sm values.scenarios[1].tgt: 93.67 → 93.68 | rd/sm values.scenarios[2].tgt: 118.9 → 118.93",2,2,0,11,7,0,0,6,multi-rounding,0.54
GNRC,US,HUMAN,"TEXT LOST ×2: บริบท ไม่เข้าค่าเฉลี่ย | D: scn.bear.tgt 123 → 123.39 | D: scn.base.tgt 248 → 248.39 | D: scn.bull.tgt 378 → 377.7 | D: s2: $178.00 → $178.37 | D: s3: $135 $178.00 → $134.94 $178.37 | D: s3: $178.00 → $178.37 | D: s3: $155.00 → $164.33 | D: s3: $205.00) → $192.40) | D: s4: $178.00 $124.60 $142.40 $178.00 $205.00 → $178.37 $124.86 $142.70 $178.37 $192.40 | D: s4: $178.00 → $178.37 | D: s4: $205.00 → $192.40 | D: s4: $142.40 → $142.70 | D: s4: $124.60 → $124.86 | D: s6: $123.00 → $123.39 | D: s6: $248.00 → $248.39 | D: s6: $378.00 → $377.70 | D: s8: $178.00 → $178.37 | D: s8: $155.00 → $164.33 | D: s8: $205.00) → $192.40) | D: s8: $142.40 → $142.70 | D: s8: $178.00 ($155.00–$205.00) → $178.37 ($164.33–$192.40) | D: s8: $142.40 → $142.70 | D: s8: $124.60 → $124.86 | D: rd/sm fv: 178 → 178.37 | D: rd/sm values.fvLow: 155 → 164.33 | D: rd/sm values.fvHigh: 205 → 192.4 | D: rd/sm values.scenarios[0].tgt: 123 → 123.39 | D: rd/sm values.scenarios[1].tgt: 248 → 248.39 | D: rd/sm values.scenarios[2].tgt: 378 → 377.7 | D: rd/sm sm.mos: -11.3 → -11 | D: rd/sm sm.upside: -10.1 → -9.9",3,2,2,20,9,0,0,7,,6.15
GNTX,US,VALUE-DRIFT,"scn.bear.tgt 21.01 → 19.57 | scn.base.tgt 36.53 → 35.01 | scn.bull.tgt 51.89 → 50.31 | prose:prose.strategy ""$22.24"" → {{px}} | prose stale copies ×4 (px@analysis;pe@analysis) | s2: $31.67 → $31.66 | s3: $31.67 → $31.66 | s4: $31.67 $22.17 $25.34 → $31.66 $22.16 $25.33 | s4: $31.67 → $31.66 | s4: ($22.17) → ($22.16) | s4: ($25.34) → ($25.33) | s6: $21.01 −5% → $19.57 −11% | s6: $36.53 +66% → $35.01 +59% | s6: $51.89 +135% → $50.31 +128% | s8: $31.67 → $31.66 | s8: $22.24 → $22.04 | rd/sm fv: 31.67 → 31.66 | rd/sm values.scenarios[0].tgt: 21.01 → 19.57 | rd/sm values.scenarios[1].tgt: 36.53 → 35.01 | rd/sm values.scenarios[2].tgt: 51.89 → 50.31",2,2,0,11,5,4,0,5,mixed,6.85
GOOGL,US,HUMAN,"first header tag not ""<EXCH>: GOOGL"" (""NASDAQ: GOOGL / GOOG"") | leg 3 analyst target as fv (""3. Analyst Intrinsic"") | TEXT LOST ×2: GOOG หลัก | D: scn.bear.tgt 262 → 262.07 | D: scn.base.tgt 377 → 377.2 | D: scn.bull.tgt 487 → 486.65 | D: s1: ~17.2x → 32.6x | D: s2: $307.00 → $307.33 | D: s3: $340 $307.00 → $340.00 $307.33 | D: s4: $307.00 $214.90 $245.60 $307.00 → $307.33 $215.13 $245.86 $307.33 $340.00 | D: s4: $515 → | D: s5: −12% → −11% | D: s5: $307.00 → $307.33 | D: s6: $262.00 → $262.07 | D: s6: $377.00 → $377.20 | D: s6: $487.00 → $486.65 | D: s8: $307.00 → $307.33 | D: s8: −12% → −11% | D: s8: $245.60) → $245.86) | D: rd/sm fv: 307 → 307.33 | D: rd/sm values.scenarios[0].tgt: 262 → 262.07 | D: rd/sm values.scenarios[1].tgt: 377 → 377.2 | D: rd/sm values.scenarios[2].tgt: 487 → 486.65 | D: rd/sm sm.pe: 17.2 → 32.605714",3,3,2,13,6,0,2,12,,89.57
GPC,US,HUMAN,"fy periods conflict across FY cards | TEXT LOST ×1: GPC | D: scn.bear.tgt 97 → 97.11 | D: scn.base.tgt 154 → 153.49 | D: scn.bull.tgt 207 → 207.09 | D: s2: $144.00 → $143.64 | D: s2: $144.00 → $143.64 | D: s3: $149 $144.00 → $149.46 $143.64 | D: s4: $144.00 $100.80 $115.20 $140 $144.00 $150.00 → $143.64 $100.55 $114.91 $140.00 $143.64 $149.46 | D: s4: ($115.20) → ($114.91) | D: s4: ($144.00) → ($143.64) | D: s4: ($100.80) → ($100.55) | D: s6: $97.00 → $97.11 | D: s6: $154.00 → $153.49 | D: s6: $207.00 → $207.09 | D: s8: $144.00 → $143.64 | D: s8: $144.00 ($130.00–$150.00) → $143.64 ($137.82–$149.46) | D: s8: ($115.20) → ($114.91) | D: s8: $100.80 → $100.55 | D: rd/sm fv: 144 → 143.64 | D: rd/sm values.fvLow: 130 → 137.82 | D: rd/sm values.fvHigh: 150 → 149.46 | D: rd/sm values.scenarios[0].tgt: 97 → 97.11 | D: rd/sm values.scenarios[1].tgt: 154 → 153.49 | D: rd/sm values.scenarios[2].tgt: 207 → 207.09 | D: rd/sm sm.mos: 10.2 → 10 | D: rd/sm sm.upside: 11.4 → 11.1",2,2,1,14,10,0,0,7,,6.02
GPSC,TH,VALUE-DRIFT,"prose stale copies ×2 (px@analysis;pe@analysis) | s1: ~฿136;050 ล. → ฿1.37 แสนล้าน | s1: ~20.1x → 20.2x | s2: ฿56.60 → ฿56.67 | s3: ฿37.16 ฿56.60 → ฿37.33 ฿56.67 | s3: ฿56.60 → ฿56.67 | s4: ฿56.60 ฿39.62 ฿45.28 → ฿56.67 ฿39.67 ฿45.34 | s4: ฿56.60 ฿64.00 → ฿56.67 ฿72.72 | s4: ฿56.60 → ฿56.67 | s4: (฿45.28) → (฿45.34) | s8: ฿56.60 → ฿56.67 | s8: ฿56.60 (฿49.00–฿64.00) → ฿56.67 (฿37.33–฿72.72) | s8: (฿45.28) → (฿45.34) | rd/sm fv: 56.6 → 56.67 | rd/sm values.fvLow: 49 → 37.33 | rd/sm values.fvHigh: 64 → 72.72",3,3,0,12,4,2,0,4,mixed,23.82
GRAB,US,VALUE-DRIFT,"scn.bear.tgt 2.25 → 2.36 | scn.base.tgt 6.3 → 6.45 | scn.bull.tgt 8.91 → 8.93 | prose stale copies ×1 (upside@analysis) | s1: ~25.4x → 28.3x | s6: $2.25 −28% → $2.36 −24% | s6: $6.30 +103% → $6.45 +107% | s6: $8.91 +186% → $8.93 +187% | rd/sm values.scenarios[0].tgt: 2.25 → 2.36 | rd/sm values.scenarios[1].tgt: 6.3 → 6.45 | rd/sm values.scenarios[2].tgt: 8.91 → 8.93 | rd/sm sm.pe: 25.4 → 28.272727",2,2,0,4,5,1,4,6,mixed,11.31
GRMN,US,VALUE-DRIFT,"scn.bear.tgt 212 → 211.77 | scn.base.tgt 310 → 309.54 | scn.bull.tgt 383 → 383.17 | prose stale copies ×2 (pe@analysis) | s1: ~29.1x → 30.4x | s2: $229.00 → $228.92 | s3: $234 $229.00 → $234.00 $228.92 | s3: $229.00 → $228.92 | s4: $229.00 $160.30 $183.20 $229.00 → $228.92 $160.24 $183.14 $228.92 | s4: $229.00 → $228.92 | s4: ($183.20) → ($183.14) | s4: ($160.30) → ($160.24) | s4: $229.00 → $228.92 | s6: $212.00 → $211.77 | s6: $310.00 +10% → $309.54 +9% | s6: $383.00 → $383.17 | s8: $229.00 → $228.92 | s8: $229.00 ($224.00–$234.00) → $228.92 ($223.84–$234.00) | s8: $229.00 → $228.92 | s8: $183.20 → $183.14 | rd/sm fv: 229 → 228.92 | rd/sm values.fvLow: 224 → 223.84 | rd/sm values.scenarios[0].tgt: 212 → 211.77 | rd/sm values.scenarios[1].tgt: 310 → 309.54 | rd/sm values.scenarios[2].tgt: 383 → 383.17 | rd/sm sm.pe: 29.1 → 30.447884",2,2,0,16,7,2,0,4,mixed,4.63
GS,US,VALUE-DRIFT,"scn.bear.tgt 443 → 443.3 | scn.base.tgt 961 → 960.7 | scn.bull.tgt 1376 → 1376.12 | s1: ~27.9% → 30.9% | s2: $812.00 → $812.16 | s3: $862 $812.00 → $861.68 $812.16 | s3: $763.00–$862.00 → $762.63–$861.68 | s4: $812.00 $568.40 $649.60 $812.00 $862.00 $1;142 → $812.16 $568.51 $649.73 $812.16 $861.68 $1;142.00 | s4: $812.00 → $812.16 | s4: $649.60 → $649.73 | s6: $443.00 → $443.30 | s6: $961.00 → $960.70 | s6: $1;376.00 → $1;376.12 | s8: $812.00 → $812.16 | s8: $812.00 ($763.00–$862.00) → $812.16 ($762.63–$861.68) | s8: $812.00; → $812.16; | s8: $649.60 → $649.73 | s8: $568.40 → $568.51 | rd/sm fv: 812 → 812.16 | rd/sm values.fvLow: 763 → 762.63 | rd/sm values.fvHigh: 862 → 861.68 | rd/sm values.scenarios[0].tgt: 443 → 443.3 | rd/sm values.scenarios[1].tgt: 961 → 960.7 | rd/sm values.scenarios[2].tgt: 1376 → 1376.12",2,2,0,15,7,0,1,4,multi-rounding,0.07
GULF,TH,HUMAN,"leg 1 declared sotp has no extras table (E52) | TEXT LOST ×1: GULF | D: FV 43 → 42.75 (family weights) | D: scn.bear.tgt 31.5 → 31.56 | D: scn.base.tgt 59.2 → 59.18 | D: scn.bull.tgt 92.6 → 92.53 | D: s1: ~฿77.60 → ฿77.60 (+28%) | D: s2: ฿43.00 → ฿42.75 | D: s2: ฿43.00 → ฿42.75 | D: s3: ฿39.6 ฿43.00 → ฿39.60 ฿42.75 | D: s4: ฿43.00 ฿30.10 ฿34.40 ฿43.00 ฿50.00 → ฿42.75 ฿29.92 ฿34.20 ฿42.75 ฿45.90 | D: s4: ฿43.00 → ฿42.75 | D: s4: ฿34.40 → ฿34.20 | D: s5: −41% → −42% | D: s6: ฿31.50 → ฿31.56 | D: s6: ฿59.20 → ฿59.18 | D: s6: ฿92.60 → ฿92.53 | D: s7: ฿43.00 (−41%) → ฿42.75 (−42%) | D: s8: ฿43.00 → ฿42.75 | D: s8: (−41%) ฿43.00 (฿34.00–฿50.00) → (−42%) ฿42.75 (฿39.60–฿45.90) | D: s8: −41% → −42% | D: s8: ฿34.40 → ฿34.20 | D: s8: ฿30.10 → ฿29.92 | D: rd/sm fv: 43 → 42.75 | D: rd/sm values.fvLow: 34 → 39.6 | D: rd/sm values.fvHigh: 50 → 45.9 | D: rd/sm values.scenarios[0].tgt: 31.5 → 31.56 | D: rd/sm values.scenarios[1].tgt: 59.2 → 59.18 | D: rd/sm values.scenarios[2].tgt: 92.6 → 92.53 | D: rd/sm sm.pe: 24 → null | D: rd/sm sm.mos: -40.7 → -41.5 | D: rd/sm sm.upside: -28.9 → -29.3 | D: rd/sm sm.fairValue: 43 → 42.75",2,2,1,17,12,0,4,6,,16.47
GUNKUL,TH,HUMAN,"scenarios.cases[0] .ret annotation ""(3 ปีรวม) / −14.9%/ปี"" not carried — a per-year/number label would mislabel the v3 total return | scenarios.cases[1] .ret annotation ""(3 ปีรวม) / +0.9%/ปี"" not carried — a per-year/number label would mislabel the v3 total return | scenarios.cases[2] .ret annotation ""(3 ปีรวม) / +13.4%/ปี"" not carried — a per-year/number label would mislabel the v3 total return | TEXT LOST ×3: ปีรวม ปีรวม ปีรวม | D: s1: ~฿5.77 → ฿5.77 (+12%) | D: s6: −38.3% (3 ปีรวม) −14.9% ปี → −38% | D: s6: +2.7% (3 ปีรวม) +0.9% ปี → +3% | D: s6: +45.8% (3 ปีรวม) +13.4% ปี → +46%",3,3,3,4,1,0,0,4,,0
GWRE,US,HUMAN,"TEXT LOST ×3: NonGAAP NonGAAP NonGAAP | D: scn.bear.tgt 111.18 → 111.1 | D: scn.base.tgt 187.39 → 187.25 | D: scn.bull.tgt 281.37 → 281.16 | D: prose stale copies ×2 (pe@analysis) | D: s1: ~88.5x → 92.6x | D: s2: $107.11 → $107.10 | D: s3: $107.11 → $107.10 | D: s4: $107.11 $74.98 $85.69 $107.11 → $107.10 $74.97 $85.68 $107.10 | D: s4: $107.11 → $107.10 | D: s5: $107.11 → $107.10 | D: s5: $85.69 → $85.68 | D: s6: $111.18 → $111.10 | D: s6: $187.39 → $187.25 | D: s6: $281.37 → $281.16 | D: s8: $107.11 → $107.10 | D: s8: $85.69 → $85.68 | D: s8: $107.11 → $107.10 | D: s8: $85.69 → $85.68 | D: s6: $6.70 P E ออก (Non-GAAP) → $6.69 | D: rd/sm fv: 107.11 → 107.1 | D: rd/sm values.scenarios[0].tgt: 111.18 → 111.1 | D: rd/sm values.scenarios[1].tgt: 187.39 → 187.25 | D: rd/sm values.scenarios[2].tgt: 281.37 → 281.16 | D: rd/sm sm.pe: 88.52 → 92.638037",2,2,3,15,6,2,3,9,,4.65
GWW,US,VALUE-DRIFT,"scn.bear.tgt 883 → 883.36 | scn.base.tgt 1360 → 1360.44 | scn.bull.tgt 1837 → 1837.16 | s1: ~32.34x → 32.7x | s2: $794.00 → $793.41 | s3: $729 $794.00 → $729.00 $793.41 | s3: $794.00 → $793.41 | s3: $729.00–$858.00) → $729.00–$857.82) | s4: $794.00 $555.80 $635.20 $794.00 $858.00 $1;333 → $793.41 $555.39 $634.73 $793.41 $857.82 $1;333.00 | s4: $794.00 → $793.41 | s4: ($635.20) → ($634.73) | s4: ($555.80) → ($555.39) | s5: $794.00 → $793.41 | s6: $883.00 → $883.36 | s6: $1;360.00 → $1;360.44 | s6: $1;837.00 → $1;837.16 | s8: $794.00 → $793.41 | s8: $635.20 → $634.73 | s8: $794.00 ($729.00–$858.00) → $793.41 ($729.00–$857.82) | s8: ($794.00) → ($793.41) | s8: $635.20 → $634.73 | rd/sm fv: 794 → 793.41 | rd/sm values.fvHigh: 858 → 857.82 | rd/sm values.scenarios[0].tgt: 883 → 883.36 | rd/sm values.scenarios[1].tgt: 1360 → 1360.44 | rd/sm values.scenarios[2].tgt: 1837 → 1837.16 | rd/sm sm.mos: -61.1 → -61.3",2,2,0,18,8,0,0,8,multi-rounding,0.2
HAL,US,VALUE-DRIFT,"s1: ~14x → 17.2x | s1: ~13.9% → 13.8% | s4: $39.00 → $38.78 | s8: ($32.00–$39.00) → ($31.94–$38.78) | rd/sm values.fvLow: 32 → 31.94 | rd/sm values.fvHigh: 39 → 38.78 | rd/sm sm.pe: 13.9 → 17.151832",2,2,0,4,3,0,0,5,mixed,23.39
HANA,TH,HUMAN,"TEXT LOST ×2: ปกติกลางวัฏจักร ตัวคูณยอดขายมัธยฐาน | D: scn.bear.tgt 22 → 21.86 | D: scn.base.tgt 44 → 44.36 | D: scn.bull.tgt 59 → 59.32 | D: prose stale copies ×1 (px@analysis) | D: s1: ~76.5x → 46.3x | D: s1: 1.66x → 1.67x | D: s2: ฿35.10 → ฿35.14 | D: s3: ฿32 ฿35.10 → ฿32.34 ฿35.14 | D: s3: ฿35.10 → ฿35.14 | D: s4: ฿35.10 ฿24.57 ฿28.08 ฿35.10 ฿43.00 → ฿35.14 ฿24.60 ฿28.11 ฿35.14 ฿37.95 | D: s4: ฿35.10 → ฿35.14 | D: s4: ฿35.10 → ฿35.14 | D: s5: ฿35.10 → ฿35.14 | D: s6: ฿22.00 → ฿21.86 | D: s6: ฿44.00 → ฿44.36 | D: s6: ฿59.00 → ฿59.32 | D: s7: ฿35.10 → ฿35.14 | D: s8: ฿35.10 → ฿35.14 | D: s8: ฿35.10 → ฿35.14 | D: s8: ฿35.10 (฿30.00–฿43.00) → ฿35.14 (฿32.34–฿37.95) | D: s8: ฿35.10 → ฿35.14 | D: s8: ฿28.08 → ฿28.11 | D: s8: ฿24.57 → ฿24.60 | D: rd/sm fv: 35.1 → 35.14 | D: rd/sm values.fvLow: 30 → 32.34 | D: rd/sm values.fvHigh: 43 → 37.95 | D: rd/sm values.scenarios[0].tgt: 22 → 21.86 | D: rd/sm values.scenarios[1].tgt: 44 → 44.36 | D: rd/sm values.scenarios[2].tgt: 59 → 59.32 | D: rd/sm sm.mos: -43.9 → -43.7",2,2,2,19,9,1,2,7,,11.74
HARN,TH,VALUE-DRIFT,"prose stale copies ×1 (pe@analysis) | s1: -4.2% → 4.2% | s1: ฿1;211 ล้าน -4.9% → ฿1.21 พันล้าน 4.9%",2,2,0,2,2,1,1,5,prose-stale,0
HCA,US,VALUE-DRIFT,"scn.bear.tgt 392 → 391.68 | scn.base.tgt 557 → 556.6 | scn.bull.tgt 708 → 708.06 | s2: $411.00 → $410.57 | s3: $406 $411.00 → $405.95 $410.57 | s3: $411.00 → $410.57 | s4: $411.00 $287.70 $328.80 $411.00 $415.00 $453 → $410.57 $287.40 $328.46 $410.57 $415.19 $453.00 | s4: $411.00 → $410.57 | s4: $328.80 → $328.46 | s4: $287.70 → $287.40 | s5: $411.00 → $410.57 | s5: $328.80) → $328.46) | s6: $392.00 → $391.68 | s6: $557.00 → $556.60 | s6: $708.00 → $708.06 | s8: $411.00 → $410.57 | s8: $411.00 ($406.00–$415.00) → $410.57 ($405.95–$415.19) | s8: ($328.80) → ($328.46) | rd/sm fv: 411 → 410.57 | rd/sm values.fvLow: 406 → 405.95 | rd/sm values.fvHigh: 415 → 415.19 | rd/sm values.scenarios[0].tgt: 392 → 391.68 | rd/sm values.scenarios[1].tgt: 557 → 556.6 | rd/sm values.scenarios[2].tgt: 708 → 708.06",2,2,0,15,7,0,2,7,multi-rounding,0.1
HD,US,VALUE-DRIFT,"scn.bear.tgt 242 → 242.09 | scn.base.tgt 360 → 360.63 | scn.bull.tgt 475 → 475.5 | prose stale copies ×1 (pe@analysis) | s1: ~19.5x → 20.4x | s2: $322.00 → $321.44 | s3: $331 $322.00 → $331.36 $321.44 | s3: ~$322.00 → ~$321.44 | s4: $322.00 $225.40 $257.60 $322.00 $331.00 $377 → $321.44 $225.01 $257.15 $321.44 $331.36 $377.00 | s4: $322.00 → $321.44 | s4: $257.60 → $257.15 | s4: $225.40 → $225.01 | s5: $257.60 → $257.15 | s6: $242.00 → $242.09 | s6: $360.00 → $360.63 | s6: $475.00 → $475.50 | s8: $322.00 → $321.44 | s8: $257.60 → $257.15 | s8: $322.00 ($312.00–$331.00) → $321.44 ($311.52–$331.36) | s8: $322.00 → $321.44 | s8: ($257.60) → ($257.15) | rd/sm fv: 322 → 321.44 | rd/sm values.fvLow: 312 → 311.52 | rd/sm values.fvHigh: 331 → 331.36 | rd/sm values.scenarios[0].tgt: 242 → 242.09 | rd/sm values.scenarios[1].tgt: 360 → 360.63 | rd/sm values.scenarios[2].tgt: 475 → 475.5 | rd/sm sm.pe: 19.45 → 20.446466 | rd/sm sm.mos: 9.3 → 9.1 | rd/sm sm.upside: 10.2 → 10",2,2,0,17,9,1,1,4,mixed,5.12
HEI,US,HUMAN,"TEXT LOST ×3: HEI HEICO NYSE | D: scn.bear.tgt 264.5 → 264.54 | D: scn.base.tgt 421.4 → 421.44 | D: scn.bull.tgt 539.1 → 539.14 | D: prose stale copies ×3 (px@analysis;pe@analysis) | D: header: $256.11 $376.86 → | D: s1: ~49.7x → 51.1x | D: s1: ~8.7x → 8.93x | D: s2: $318.00 → $318.30 | D: s3: $318.00 → $318.30 | D: s4: $318.00 $222.60 $254.40 $318.00 $350.00 $394 → $318.30 $222.81 $254.64 $318.30 $350.40 $394.00 | D: s4: $318.00 → $318.30 | D: s4: $254.40 → $254.64 | D: s4: $222.60 → $222.81 | D: s6: $264.50 → $264.54 | D: s6: $421.40 → $421.44 | D: s6: $539.10 → $539.14 | D: s8: $318.00 → $318.30 | D: s8: $254.40 → $254.64 | D: s8: $318.00 ($286.00–$350.00) → $318.30 ($286.20–$350.40) | D: s8: $318.00 → $318.30 | D: s8: $254.40 → $254.64 | D: rd/sm fv: 318 → 318.3 | D: rd/sm values.fvLow: 286 → 286.2 | D: rd/sm values.fvHigh: 350 → 350.4 | D: rd/sm values.scenarios[0].tgt: 264.5 → 264.54 | D: rd/sm values.scenarios[1].tgt: 421.4 → 421.44 | D: rd/sm values.scenarios[2].tgt: 539.1 → 539.14 | D: rd/sm sm.pe: 49.7 → 51.055",2,2,3,17,9,3,1,10,,2.73
HENG,TH,HUMAN,"scenarios.cases[0] .ret annotation ""/ −33.7%ต่อปี"" not carried — a per-year/number label would mislabel the v3 total return | scenarios.cases[1] .ret annotation ""/ −3.9%ต่อปี"" not carried — a per-year/number label would mislabel the v3 total return | scenarios.cases[2] .ret annotation ""/ +14.3%ต่อปี"" not carried — a per-year/number label would mislabel the v3 total return | TEXT LOST ×12: 337ต่อปี ฐานผลตอบแทน ราคาเป้า ไม่รวมปันผล 39ต่อปี ฐานผลตอบแทน ราคาเป้า ไม่รวมปันผล | D: s1: ~56.3x → 55.6x | D: s6: −70.8% −33.7%ต่อปี ฿0.0115 → −71% ฿0.01 | D: s6: −11.2% −3.9%ต่อปี ฿0.0273 → −11% ฿0.03 | D: s6: +49.4% +14.3%ต่อปี ฿0.0533 25x ฐานผลตอบแทน ราคาเป้า ไม่รวมปันผล → +49% ฿0.05 25.0x",2,2,12,4,1,0,0,7,,0
HIG,US,VALUE-DRIFT,"scn.bull.tgt 208.46 → 208.47 | prose stale copies ×1 (pe@analysis) | s1: 0.22 → | s6: $208.46 → $208.47 | rd/sm values.scenarios[2].tgt: 208.46 → 208.47",2,2,0,2,3,1,1,4,mixed,0
HLI,US,VALUE-DRIFT,"scn.bear.tgt 82 → 81.62 | scn.base.tgt 158 → 158.39 | scn.bull.tgt 217 → 217.18 | s2: $162.00 → $161.91 | s2: $162.00 → $161.91 | s3: $162.00 → $161.91 | s3: $162.00 → $161.91 | s4: $162.00 $113.40 $129.60 → $161.91 $113.34 $129.53 | s4: $162.00 $185.00 → $161.91 $184.84 | s4: ($129.60) → ($129.53) | s4: ($162.00) → ($161.91) | s4: $113.40) → $113.34) | s6: $82.00 → $81.62 | s6: $158.00 +31% → $158.39 +32% | s6: $217.00 +78% → $217.18 +79% | s8: $162.00 → $161.91 | s8: $162.00 ($151.00–$185.00) → $161.91 ($151.00–$184.84) | s8: ($129.60) → ($129.53) | s8: ($162.00) → ($161.91) | s8: ($113.40–$129.60) → ($113.34–$129.53) | rd/sm fv: 162 → 161.91 | rd/sm values.fvHigh: 185 → 184.84 | rd/sm values.scenarios[0].tgt: 82 → 81.62 | rd/sm values.scenarios[1].tgt: 158 → 158.39 | rd/sm values.scenarios[2].tgt: 217 → 217.18",3,3,0,17,6,0,0,4,multi-rounding,0.46
HLT,US,HUMAN,"scenarios.cases[0] .ret annotation ""(capital) / −47.5% total"" not carried — a per-year/number label would mislabel the v3 total return | scenarios.cases[1] .ret annotation ""(capital) / −12.9% total"" not carried — a per-year/number label would mislabel the v3 total return | scenarios.cases[2] .ret annotation ""(capital) / +21.1% total"" not carried — a per-year/number label would mislabel the v3 total return | custom cards 6 > 4 — dropped ""Development Pipeline""; ""Capital Return"" | TEXT LOST ×18: Development Pipeline ห้อง pipeline มิย อนุมัติใหม่ ห้องใน Capital | D: prose stale copies ×2 (mos@analysis) | D: s1: ~34.6x → 35.1x | D: s6: −48.1% (capital) −47.5% total → −49% | D: s6: −13.6% (capital) −12.9% total → −15% | D: s6: +20.4% (capital) +21.1% total → +19%",2,2,18,4,1,2,6,7,,0
HMPRO,TH,VALUE-DRIFT,"scn.bull.tgt 10.44 → 10.43 | prose stale copies ×5 (pe@analysis) | s1: ~฿79.9 พันล้าน ~13.8x → ฿7.99 หมื่นล้าน 13.6x | s6: ฿10.44 → ฿10.43 | rd/sm values.scenarios[2].tgt: 10.44 → 10.43",3,3,0,2,2,5,0,4,mixed,0.1
HON,US,HUMAN,"custom cards 5 > 4 — dropped ""Free Cash Flow FY2026E"" | TEXT LOST ×9: ครอบคลุมช่วงก่อนหลัง Free Cash Flow FY2026E FCF margin ของรายได้ | D: scn.base.tgt 165.28 → 165.27 | D: header: $195.87 – $260.28 → · | D: s1: ~25.4x → 25.8x | D: s2: $141.31 → $141.30 | D: s3: $141.31 → $141.30 | D: s3: $141.31 → $141.30 | D: s4: $141.31 $98.92 $113.05 $141.31 → $141.30 $98.91 $113.04 $141.30 | D: s4: ($141.31) → ($141.30) | D: s5: $141.31 → $141.30 | D: s6: $165.28 → $165.27 | D: s8: ($141.31 → ($141.30 | D: s8: $141.31 → $141.30 | D: s8: ($113.05) → ($113.04) | D: s1: Free Cash Flow FY2026E ~$2.0B FCF margin ~10% ของรายได้ (Guidance Q2 2026 8-K) ~1.32% → 1.32% | D: rd/sm fv: 141.31 → 141.3 | D: rd/sm values.scenarios[1].tgt: 165.28 → 165.27",2,2,9,13,4,0,5,10,,0.01
HRL,US,VALUE-DRIFT,"s2: $18.50 → $18.53 | s3: $18.50 → $18.53 | s3: $18.50 → $18.53 | s4: $18.50 $12.95 $14.80 $18.50 $19.90 → $18.53 $12.97 $14.82 $18.53 $19.89 | s4: $18.50 → $18.53 | s4: $14.80 → $14.82 | s4: $12.95 → $12.97 | s5: $14.80 → $14.82 | s8: $18.50 → $18.53 | s8: $14.80 $18.50 ($17.20–$19.90) → $14.82 $18.53 ($17.17–$19.89) | s8: $14.80 → $14.82 | s8: $12.95 → $12.97 | rd/sm fv: 18.5 → 18.53 | rd/sm values.fvLow: 17.2 → 17.17 | rd/sm values.fvHigh: 19.9 → 19.89 | rd/sm sm.upside: -6.8 → -6.6",2,2,0,12,4,0,0,3,fv-rounding,0.2
HSAI,US,HUMAN,"scenarios.cases[0] .ret annotation ""(3 ปี; ~−13.2%/ปี)"" not carried — a per-year/number label would mislabel the v3 total return | scenarios.cases[1] .ret annotation ""(3 ปี; ~16%/ปี)"" not carried — a per-year/number label would mislabel the v3 total return | scenarios.cases[2] .ret annotation ""(3 ปี; ~45%/ปี)"" not carried — a per-year/number label would mislabel the v3 total return | TEXT LOST ×13: มัธยฐานที่วัดเอง Sales Sales ADS ต่ำสุดที่วัดได้ Sales Sales ADS | D: scn.bear.tgt $10.73 → 10.72 | D: scn.base.tgt $25.76 → 25.73 | D: scn.bull.tgt $49.56 → 49.51 | D: s3: $16.92 → $16.91 | D: s4: $16.92 → $16.91 | D: s8: ($15.68–$16.92) → ($15.68–$16.91) | D: s6: $10.73 −34.5% (3 ปี; −13.2% ปี) Sales ADS ปี 3 → $10.72 −35% | D: s6: $25.76 +57.4% (3 ปี; 16% ปี) Sales ADS ปี 3 → $25.73 +57% | D: s6: $49.56 +202.7% (3 ปี; 45% ปี) Sales ADS ปี 3 $7.00 → $49.51 +202% $6.99 | D: rd/sm values.fvHigh: 16.92 → 16.91",2,2,13,6,1,0,2,9,,0.06
HST,US,HUMAN,"custom cards 8 > 4 — dropped ""Portfolio""; ""Comparable RevPAR (Q1'26)""; ""FY2026F RevPAR Guidance""; ""ปันผลปกติ (run-rate)"" | TEXT LOST ×43: Portfolio โรงแรม comparable ห้อง luxury upperupscale Comparable RevPAR | D: scn.bull.tgt 36.81 → 36.82 | D: s6: $36.81 → $36.82 | D: s1: Portfolio 76 โรงแรม 74 comparable · ~41;700 ห้อง · luxury upper-upscale Comparable RevPAR (Q1'26) $244.11 +4.4% YoY · Total RevPAR $418.20 (+4.6%) FY2026F RevPAR Guidance +4.75% ถึง +5.25% ปรับขึ้นจากไกด์แดนซ์เดิม (3.0–4.5%) ในงบ Q2 ~4.28% → 4.28% | D: rd/sm values.scenarios[2].tgt: 36.81 → 36.82",2,2,43,2,2,0,8,12,,0.03
HSY,US,HUMAN,"leg 3: .mval ""—"" unreadable — cannot declare | TEXT LOST ×13: หมายเหตุ ตัด EV EBITDA เดิมออก ตัวคูณ EV และ | D: scn.base.tgt 184.44 → 184.42 | D: scn.bull.tgt 244.93 → 244.92 | D: s2: $151.00 → $151.27 | D: s2: $151.00 → $151.27 | D: s2: (−11%) → (−10%) | D: s3: $151.00 (−11%) → $151.27 (−10%) | D: s4: $151.00 $105.70 $120.80 $151.00 $182.00 → $151.27 $105.89 $121.02 $151.27 $182.27 | D: s4: $151.00 (−11%) → $151.27 (−10%) | D: s4: $120.80–$151.00 → $121.02–$151.27 | D: s4: <$105.70 → <$105.89 | D: s5: −11% → −10% | D: s6: $184.44 → $184.42 | D: s6: $244.93 → $244.92 | D: s6: $184.44) → $184.42) | D: s7: (−11%) → (−10%) | D: s8: $151.00 (−11%) → $151.27 (−10%) | D: s8: $151.00–$120.80 → $151.27–$121.02 | D: s8: $151.00 ($120.00–$182.00) → $151.27 ($120.27–$182.27) | D: s8: −11% → −10% | D: s8: <$151.00 → <$151.27 | D: s8: $120.80 → $121.02 | D: s8: $105.70 → $105.89 | D: s3: หมายเหตุ: ตัด EV EBITDA เดิมออก ตัวคูณ EV 12x และ margin 24% เป็นค่าที่ตั้งเอง ไม่มีมัธยฐานที่วัดได้รองรับ จึงไม่ใช้เป็นขาของ FV — $151.00 → $151.27 | D: rd/sm fv: 151 → 151.27 | D: rd/sm values.fvLow: 120 → 120.27 | D: rd/sm values.fvHigh: 182 → 182.27 | D: rd/sm values.scenarios[1].tgt: 184.44 → 184.42 | D: rd/sm values.scenarios[2].tgt: 244.93 → 244.92 | D: rd/sm sm.mos: -10.5 → -10.3",2,2,13,21,8,0,1,8,,0.22
HTC,TH,VALUE-DRIFT,"scn.bear.tgt 11.7 → 11.71 | scn.base.tgt 16.45 → 16.48 | prose stale copies ×1 (px@analysis) | s1: ~11.6x → 11.5x | s2: ฿14.50 → ฿14.49 | s3: ฿14.50 → ฿14.49 | s3: ฿14.50 → ฿14.49 | s4: ฿14.50 ฿10.15 ฿11.60 ฿14.50 → ฿14.49 ฿10.14 ฿11.59 ฿14.49 | s4: ฿14.50 → ฿14.49 | s5: ฿10.15–฿11.60 → ฿10.14–฿11.59 | s6: ฿11.70 → ฿11.71 | s6: ฿16.45 +25% → ฿16.48 +26% | s8: ฿14.50 → ฿14.49 | s8: ฿14.50 → ฿14.49 | s8: ฿10.15–฿11.60 → ฿10.14–฿11.59 | rd/sm fv: 14.5 → 14.49 | rd/sm values.scenarios[0].tgt: 11.7 → 11.71 | rd/sm values.scenarios[1].tgt: 16.45 → 16.48",2,2,0,12,5,1,0,4,mixed,0.18
HUBB,US,VALUE-DRIFT,"scn.bear.tgt 369.4 → 369.45 | scn.base.tgt 528 → 527.97 | scn.bull.tgt 675.5 → 675.46 | s6: $369.40 → $369.45 | s6: $528.00 → $527.97 | s6: $675.50 → $675.46 | s6: $24.39 → $24.38 | rd/sm values.scenarios[0].tgt: 369.4 → 369.45 | rd/sm values.scenarios[1].tgt: 528 → 527.97 | rd/sm values.scenarios[2].tgt: 675.5 → 675.46",2,2,0,4,5,0,0,8,scn-tgt,0.01
HUM,US,HUMAN,"custom cards 5 > 4 — dropped ""EV/Revenue"" | TEXT LOST ×7: EV Revenue Managed care ปกติ flat recovery | D: scn.bear.tgt 168 → 168.3 | D: scn.base.tgt 389 → 387.44 | D: scn.bull.tgt 535 → 538.08 | D: s2: $240.00 → $239.84 | D: s3: $222 $240.00 → $222.35 $239.84 | D: s3: $240.00 (−58%) → $239.84 (−59%) | D: s4: $240.00 $168.00 $192.00 $240.00 $257.00 $419 → $239.84 $167.89 $191.87 $239.84 $257.34 $419.00 | D: s4: $240.00 → $239.84 | D: s4: −58%) → −59%) | D: s4: ($240.00) → ($239.84) | D: s4: ($192.00) → ($191.87) | D: s4: ($168.00) → ($167.89) | D: s5: −58% → −59% | D: s6: $168.00 → $168.30 | D: s6: $389.00 +2% $16.00 → $387.44 +1.9% $15.94 | D: s6: $535.00 → $538.08 | D: s6: $22.00 → $22.14 | D: s6: $168.00 → $168.30 | D: s6: $389.00 (+2%) → $387.44 (+1.9%) | D: s6: $535.00 → $538.08 | D: s6: $192.00–$240.00 → $191.87–$239.84 | D: s8: $240.00 → $239.84 | D: s8: $192.00–$240.00 → $191.87–$239.84 | D: s8: $240.00 ($222.00–$257.00) → $239.84 ($222.35–$257.34) | D: s8: −58% → −59% | D: s8: $192.00–$240.00 → $191.87–$239.84 | D: rd/sm fv: 240 → 239.84 | D: rd/sm values.fvLow: 222 → 222.35 | D: rd/sm values.fvHigh: 257 → 257.34 | D: rd/sm values.scenarios[0].tgt: 168 → 168.3 | D: rd/sm values.scenarios[1].tgt: 389 → 387.44 | D: rd/sm values.scenarios[2].tgt: 535 → 538.08",2,2,7,23,7,0,5,9,,0.58
HUMAN,TH,CLEAN,"theme.badge/chg dropped (template decoration) | leg 1: multipleSource author (no median/peer/sector wording) | analyst.target 8.4 from s8 vcell (no values.analystTgt) | scenarios.cases[0].retNote ""(รวม)"" (author annotation in .ret) | scenarios.cases[1].retNote ""(รวม)"" (author annotation in .ret) | scenarios.cases[2].retNote ""(รวม)"" (author annotation in .ret) | chart hint kept → text.chartHint ""ต.ค. 2568 – ก.ย. 2569"" | card ""เงินสดสุทธิ"" → custom (netDebt: printed ฿373 ล้าน ≠ fundamentals -373000000) | prose literals → tokens ×6 | rd/sm gauge.min: 3.5 → 2",3,3,0,0,1,0,1,10,,0
IBKR,US,VALUE-DRIFT,"scn.bear.tgt $50.25 → 50.31 | scn.base.tgt $78.66 → 78.67 | scn.bull.tgt $113.10 → 113.22 | s6: $50.25 −45% → $50.31 −44% | s6: $78.66 −13% → $78.67 −12% | s6: $113.10 +25% → $113.22 +26%",2,2,0,3,2,0,1,8,mixed,0
IBM,US,VALUE-DRIFT,"scn.bear.tgt 163 → 162.56 | scn.base.tgt 235 → 234.84 | scn.bull.tgt 307 → 306.49 | prose stale copies ×2 (pe@analysis) | s2: $243.00 → $243.10 | s3: $236 $243.00 → $236.00 $243.10 | s3: $243.00 → $243.10 | s4: $243.00 $170.10 $194.40 $243.00 → $243.10 $170.17 $194.48 $243.10 | s4: $332 → $250.19 | s4: $243.00 → $243.10 | s5: $243.00 → $243.10 | s6: $163.00 → $162.56 | s6: $235.00 → $234.84 | s6: $307.00 → $306.49 | s6: $14.60 → $14.59 | s8: $243.00 → $243.10 | s8: $243.00 ($236.00–$250.00) → $243.10 ($236.00–$250.19) | s8: ($194.40) → ($194.48) | rd/sm fv: 243 → 243.1 | rd/sm values.fvHigh: 250 → 250.19 | rd/sm values.scenarios[0].tgt: 163 → 162.56 | rd/sm values.scenarios[1].tgt: 235 → 234.84 | rd/sm values.scenarios[2].tgt: 307 → 306.49",2,2,0,14,7,2,1,9,mixed,0.27
ICE,US,VALUE-DRIFT,"scn.bear.tgt 135.4 → 135.39 | scn.base.tgt 196.2 → 196.21 | scn.bull.tgt 245 → 245.01 | s1: ~22.0x → 22.2x | s1: ~1.9x → 2.40x | s2: $183.00 → $183.48 | s3: $183.00 → $183.48 | s3: $183.00 → $183.48 | s4: $183.00 $128.10 $146.40 $183.00 $187 $208.00 → $183.48 $128.44 $146.78 $183.48 $187.00 $208.15 | s4: $183.00 → $183.48 | s4: $159.00–$208.00 → $158.80–$208.15 | s4: $128.10–$146.40 → $128.44–$146.78 | s5: $146.40 → $146.78 | s6: $135.40 → $135.39 | s6: $196.20 → $196.21 | s6: $245.00 → $245.01 | s8: $183.00 → $183.48 | s8: $128.10–$146.40 → $128.44–$146.78 | s8: $183.00 ($159.00–$208.00) → $183.48 ($158.80–$208.15) | s8: $146.40 → $146.78 | s8: $128.10 → $128.44 | rd/sm fv: 183 → 183.48 | rd/sm values.fvLow: 159 → 158.8 | rd/sm values.fvHigh: 208 → 208.15 | rd/sm values.scenarios[0].tgt: 135.4 → 135.39 | rd/sm values.scenarios[1].tgt: 196.2 → 196.21 | rd/sm values.scenarios[2].tgt: 245 → 245.01 | rd/sm sm.mos: 14.2 → 14.5 | rd/sm sm.upside: 16.6 → 16.9",2,2,0,18,10,0,1,6,multi-rounding,0.3
ICHI,TH,VALUE-DRIFT,"s4: ฿16.18 → ฿16.90",3,3,0,1,0,0,1,4,mixed,0
ICLR,US,VALUE-DRIFT,"scn.bear.tgt 114.96 → 115 | scn.base.tgt 230.31 → 230.32 | prose:prose.gauge ""+13.1%"" → {{analyst.pct}} | s2: $232.66 → $232.65 | s3: $259.00 $232.66 → $258.99 $232.65 | s3: $232.66 → $232.65 | s4: $232.66 $162.86 → $232.65 $162.85 | s4: $186.13 $232.66 $259.00 → $186.12 $232.65 $258.99 | s4: (+13.1%) → (+7%) | s4: ($232.66) → ($232.65) | s6: $114.96 → $115.00 | s6: $230.31 → $230.32 | s8: ($232.66) → ($232.65) | s8: $232.66 ($206.31–$259.00) → $232.65 ($206.31–$258.99) | s8: ($186.13) → ($186.12) | s8: ($162.86) → ($162.85) | rd/sm fv: 232.66 → 232.65 | rd/sm values.fvHigh: 259 → 258.99 | rd/sm values.scenarios[0].tgt: 114.96 → 115 | rd/sm values.scenarios[1].tgt: 230.31 → 230.32",2,2,0,13,6,0,2,6,mixed,0.03
IDXX,US,VALUE-DRIFT,"s2: $644.00 → $644.17 | s3: $644.00 → $644.17 | s4: $644.00 $450.80 $515.20 $644.00 $699 $716.00 → $644.17 $450.92 $515.34 $644.17 $686.83 $699.00 | s4: $644.00 → $644.17 | s4: $515.20 → $515.34 | s4: $450.80 → $450.92 | s8: $644.00 → $644.17 | s8: $644.00 ($602.00–$716.00) → $644.17 ($601.51–$686.83) | s8: $450.80 → $450.92 | s8: $644.00 → $644.17 | rd/sm fv: 644 → 644.17 | rd/sm values.fvLow: 602 → 601.51 | rd/sm values.fvHigh: 716 → 686.83",2,2,0,10,5,0,0,6,mixed,4.07
IESC,US,HUMAN,"TEXT LOST ×3: บริบท stresstest เท่านั้น | D: scn.bear.tgt 144.75 → 144.81 | D: scn.base.tgt 410.88 → 411 | D: scn.bull.tgt 791.36 → 791.62 | D: header: $170.06 – $408.25 → · | D: s1: ~12.1x → 12.52x | D: s3: $90.18 → $91.42 | D: s6: $144.75 → $144.81 | D: s6: $410.88 → $411.00 | D: s6: $17.12 → $17.13 | D: s6: $791.36 → $791.62 | D: s6: $24.73 → $24.74 | D: rd/sm values.scenarios[0].tgt: 144.75 → 144.81 | D: rd/sm values.scenarios[1].tgt: 410.88 → 411 | D: rd/sm values.scenarios[2].tgt: 791.36 → 791.62",3,2,3,8,4,0,1,6,,0.04
IEX,US,VALUE-DRIFT,"scn.bear.tgt 172 → 171.99 | scn.base.tgt 228 → 227.63 | scn.bull.tgt 285 → 285.15 | s2: $214.00 → $214.48 | s2: $214.00 → $214.48 | s3: $235 $214.00 → $235.05 $214.48 | s4: $214.00 $149.80 $171.20 $214.00 $235.00 $290 → $214.48 $150.14 $171.58 $214.48 $235.05 $255.93 | s4: $214.00 → $214.48 | s4: $171.20 → $171.58 | s4: $171.20 → $171.58 | s6: $172.00 → $171.99 | s6: $228.00 +4% $8.76 → $227.63 +3% $8.75 | s6: $285.00 → $285.15 | s8: $214.00 → $214.48 | s8: $171.20 → $171.58 | s8: $149.80 → $150.14 | s8: $214.00 ($194.00–$235.00) → $214.48 ($193.91–$235.05) | s8: $171.20; → $171.58; | rd/sm fv: 214 → 214.48 | rd/sm values.fvLow: 194 → 193.91 | rd/sm values.fvHigh: 235 → 235.05 | rd/sm values.scenarios[0].tgt: 172 → 171.99 | rd/sm values.scenarios[1].tgt: 228 → 227.63 | rd/sm values.scenarios[2].tgt: 285 → 285.15 | rd/sm sm.mos: -6.8 → -6.5 | rd/sm sm.upside: -6.3 → -6.1",2,2,0,15,10,0,2,8,multi-rounding,0.3
IFF,US,HUMAN,"hint note carries an unresolvable token — scenarios.hintNote ""Sales TTM $10.78B • EPS อ้างอิง ~{{baseEps}} (consensus adj. FY2026E)"" not carried (report-data.values.baseEps ต้องมีค่าเมื่อใช้ token ที่อ้างถึง) | TEXT LOST ×7: มูลค่าเหมาะสมเฉลี่ย Sales TTM อ้างอิง consensus adj FY2026E | D: scn.bear.tgt 68.47 → 23.18 | D: scn.base.tgt 103.21 → 32.04 | D: scn.bull.tgt 123.72 → 37.28 | D: prose stale copies ×1 (mos@analysis) | D: s2: $85.99 → $85.98 | D: s2: $85.99 → $85.98 | D: s3: $92.55 → $92.54 | D: s4: $85.99 → $85.98 | D: s4: $68.79 $85.99 $92.60 → $68.78 $85.98 $92.54 | D: s4: $85.99 → $85.98 | D: s4: $60.19–$68.79 → $60.19–$68.78 | D: s6: $68.47 −15% $10.78B → $23.18 −67% $10.78 | D: s6: $103.21 +26% $11.78B → $32.04 −57% $11.78 | D: s6: $123.72 +50% $12.30B → $37.28 −51% $12.30 | D: s8: $85.99 → $85.98 | D: s8: $79.40–$92.60) → $79.43–$92.54) | D: s8: $85.99 ($79.40–$92.60) → $85.98 ($79.43–$92.54) | D: s8: $85.99 → $85.98 | D: s8: $60.19–$68.79 → $60.19–$68.78 | D: s3: $79.44 $85.99 มูลค่าเหมาะสมเฉลี่ย (Fair Value) กรอบ $79.40 – $92.60 $85.99 → $79.43 $85.98 | D: s6: Sales TTM $10.78B • EPS อ้างอิง $3.28 (consensus adj. FY2026E) 0% → +0% | D: rd/sm fv: 85.99 → 85.98 | D: rd/sm values.fvLow: 79.4 → 79.43 | D: rd/sm values.fvHigh: 92.6 → 92.54 | D: rd/sm values.baseEps: 3.28 → null | D: rd/sm values.scenarios[0].tgt: 68.47 → 23.18 | D: rd/sm values.scenarios[1].tgt: 103.21 → 32.04 | D: rd/sm values.scenarios[2].tgt: 123.72 → 37.28",2,2,7,17,8,1,2,10,,69.87
IIG,TH,HUMAN,"failed before compare — compute: scenarios.cases[0].growth: ต้องมี (ตัวเลข) | scenarios.driver ""ขาดทุนต่อเนื่อง"" not in [""eps"";""ffo"";""revenuePerShare"";""bvps"";""fcfPerShare"";""de"";""fre""] | scenarios.cases[0].growth unreadable (""ขาดทุนต่อเนื่อง"") | scenarios.cases[1].growth unreadable (""ฟื้นตัว break-even"") | scenarios.cases[2].growth unreadable (""พลิกกำไร + M&A"") | scenarios: no base for driver eps (fundamentals and printed end value both missing) | schema scenarios.cases[0].growth: ต้องมี (ตัวเลข) | schema scenarios.cases[1].growth: ต้องมี (ตัวเลข) | schema scenarios.cases[2].growth: ต้องมี (ตัวเลข) | custom cards 6 > 4 — dropped ""เงินสด""; ""ราคา IPO""",2,2,0,0,0,0,6,7,,0
III,TH,VALUE-DRIFT,"prose:prose.verdictBody ""+26%"" → {{analyst.pct}} | s1: ~8.79x → 8.7x | s1: 0.97x → 0.96x | s8: (+26%) → (+28%)",3,3,0,3,2,0,1,5,mixed,0
ILM,TH,HUMAN,"scenarios.cases[0] .ret annotation ""/ปี"" not carried — a per-year/number label would mislabel the v3 total return | scenarios.cases[1] .ret annotation ""/ปี"" not carried — a per-year/number label would mislabel the v3 total return | scenarios.cases[2] .ret annotation ""/ปี"" not carried — a per-year/number label would mislabel the v3 total return | D: scn.base.tgt ฿21.00 → 20.98 | D: scn.bull.tgt ฿26.60 → 26.63 | D: prose stale copies ×1 (pe@analysis) | D: s1: ~9.07x → 9.0x | D: s1: ~1.10x → 1.09x | D: s6: +3.5% ปี → +11% | D: s6: ฿21.00 +21.1% ปี → ฿20.98 +77% | D: s6: ฿26.60 +30.0% ปี → ฿26.63 +120%",3,3,0,5,2,1,0,6,,0
ILMN,US,HUMAN,"extra section not a table (""Full Disclosure — ผลกระทบของ GRAIL ต่องบการเงิน"") | TEXT LOST ×132: Full Disclosure ผลกระทบของ GRAIL ต่องบการเงิน Illumina เข้าซื้อ GRAIL | D: scn.bear.tgt 68.94 → 68.93 | D: scn.base.tgt 121.3 → 121.29 | D: scn.bull.tgt 225.9 → 225.91 | D: prose stale copies ×3 (px@analysis;pe@analysis) | D: s1: ~44.7x → 51.1x | D: s2: $111.63 → $111.62 | D: s3: $146.06 → $146.02 | D: s3: $77.20 $111.63 → $77.21 $111.62 | D: s4: $111.63 $78.14 → $111.62 $78.13 | D: s4: $111.63 $146.06 → $111.62 $146.02 | D: s4: ($146.06) → ($146.02) | D: s6: $68.94 → $68.93 | D: s6: $121.30 → $121.29 | D: s6: $225.90 → $225.91 | D: s8: $111.63 → $111.62 | D: s8: $111.63 ($77.21–$146.06) → $111.62 ($77.21–$146.02) | D: s8: $77.21–$146.06 → $77.21–$146.02 | D: s8: $78.14) → $78.13) | D: rd/sm fv: 111.63 → 111.62 | D: rd/sm values.fvHigh: 146.06 → 146.02 | D: rd/sm values.scenarios[0].tgt: 68.94 → 68.93 | D: rd/sm values.scenarios[1].tgt: 121.3 → 121.29 | D: rd/sm values.scenarios[2].tgt: 225.9 → 225.91 | D: rd/sm sm.pe: 44.7 → 51.100746",2,2,132,14,7,3,1,5,,14.32
IMO,US,HUMAN,"TEXT LOST ×60: midcycle งวดงบ ราคาเฉลี่ยของงวด CAD EPS CAD EV EBITDA | D: scn.bear.tgt 37.1 → 37.11 | D: scn.base.tgt 81.7 → 81.67 | D: scn.bull.tgt 134.4 → 134.45 | D: prose stale copies ×4 (pe@analysis) | D: s1: ~21.5x → 20.6x | D: s1: ~3.6x → 3.43x | D: s2: $69.30 → $69.29 | D: s4: $69.30 $48.51 $55.44 $69.30 $70.00 → $69.29 $48.50 $55.43 $69.29 $69.99 | D: s5: $69.30 → $69.29 | D: s6: $37.10 → $37.11 | D: s6: $81.70 → $81.67 | D: s6: $134.40 → $134.45 | D: s8: $69.30 → $69.29 | D: s8: $69.30 ($68.60–$70.00) → $69.29 ($68.59–$69.99) | D: s8: $69.30 → $69.29 | D: s8: $55.44 → $55.43 | D: s3: $69.30 งวดงบ ราคาเฉลี่ยของงวด (CAD) EPS (CAD) P E EV EBITDA (สิ้นงวด) FY2021 36.16 3.48 10.4x 6.7x FY2022 63.86 11.44 5.6x 3.5x FY2023 72.48 8.49 8.5x 5.2x FY2024 94.32 9.03 10.4x 6.0x FY2025 112.21 6.48 17.3x 8.7x มัธยฐาน — — 10.4x 6.0x ปัจจุบัน (18 ก.ย. 2569) 181.83 8.47 (TTM) 21.5x 11.0x → $69.29 | D: rd/sm fv: 69.3 → 69.29 | D: rd/sm values.fvLow: 68.6 → 68.59 | D: rd/sm values.fvHigh: 70 → 69.99 | D: rd/sm values.scenarios[0].tgt: 37.1 → 37.11 | D: rd/sm values.scenarios[1].tgt: 81.7 → 81.67 | D: rd/sm values.scenarios[2].tgt: 134.4 → 134.45 | D: rd/sm sm.pe: 21.5 → 20.590083",2,2,60,13,8,4,3,8,,4.23
INCY,US,VALUE-DRIFT,"scn.bear.tgt 83 → 82.78 | scn.base.tgt 148 → 148.33 | scn.bull.tgt 217 → 217.29 | prose stale copies ×1 (px@analysis) | s2: $150.50 → $150.39 | s3: $132 $150.50 → $132.00 $150.39 | s3: $150.50 → $150.39 | s4: $150.50 $105.35 $120.40 → $150.39 $105.27 $120.31 | s4: $150.50 $169.00 → $150.39 $168.78 | s4: $150.50 → $150.39 | s4: $120.40 → $120.31 | s4: $105.35 → $105.27 | s6: $83.00 → $82.78 | s6: $148.00 → $148.33 | s6: $217.00 +74% → $217.29 +75% | s8: $150.50 → $150.39 | s8: $150.50 ($132.00–$169.00) → $150.39 ($132.00–$168.78) | s8: $120.40 → $120.31 | rd/sm fv: 150.5 → 150.39 | rd/sm values.fvHigh: 169 → 168.78 | rd/sm values.scenarios[0].tgt: 83 → 82.78 | rd/sm values.scenarios[1].tgt: 148 → 148.33 | rd/sm values.scenarios[2].tgt: 217 → 217.29",2,2,0,14,6,1,1,8,mixed,0.27
INSET,TH,HUMAN,"scenarios.cases[0] .ret annotation ""ต่อปี"" not carried — a per-year/number label would mislabel the v3 total return | scenarios.cases[1] .ret annotation ""ต่อปี"" not carried — a per-year/number label would mislabel the v3 total return | scenarios.cases[2] .ret annotation ""ต่อปี"" not carried — a per-year/number label would mislabel the v3 total return | TEXT LOST ×6: ต่อปี ไม่รวมในเป้า ต่อปี ไม่รวมในเป้า ต่อปี ไม่รวมในเป้า | D: prose stale copies ×3 (pe@analysis) | D: s1: ~30.8x → 31.6x | D: s1: ~0.87% → 0.84% | D: s6: −18.7% ต่อปี ฿0.150 17x ปันผลรวม 3 ปี (ไม่รวมในเป้า) → −46% ฿0.15 17.0x | D: s6: +6.1% ต่อปี ฿0.228 → +19% ฿0.23 | D: s6: +24.9% ต่อปี ฿0.330 28x ปันผลรวม 3 ปี (ไม่รวมในเป้า) → +95% ฿0.33 28.0x | D: rd/sm sm.pe: 30.8 → 31.6",2,2,6,5,3,3,2,9,,2.6
INSM,US,HUMAN,"custom cards 9 > 4 — dropped ""BRINSUPRI ยอดขาย Q2/69""; ""ARIKAYCE ยอดขาย Q2/69""; ""เป้ารายได้ปี 2569 (Guidance)""; ""Cash Runway""; ""หุ้นคงเหลือ"" | TEXT LOST ×28: BRINSUPRI ยอดขาย QoQ จาก ARIKAYCE ยอดขาย YoY แฟรนไชส์เดิมโตต่อเนื่อง | D: scn.bear.tgt 27 → 26.98 | D: scn.bull.tgt 245 → 244.97 | D: s1: −$4.09 → ~$-4.09 | D: s6: $27.00 → $26.98 | D: s6: $245.00 → $244.97 | D: rd/sm values.scenarios[0].tgt: 27 → 26.98 | D: rd/sm values.scenarios[2].tgt: 245 → 244.97",2,2,28,3,4,0,9,9,,0.07
INTC,US,HUMAN,"custom cards 6 > 4 — dropped ""รายได้ Q2 2026""; ""EPS Q2 2026 (non-GAAP)"" | TEXT LOST ×19: รายได้ YoY beat เร็วสุดใน EPS nonGAAP บีตคาด กว่า | D: scn.bear.tgt 22 → 136.94 | D: scn.base.tgt 36 → 209.7 | D: scn.bull.tgt 79 → 433.9 | D: s2: $28.00 → $28.04 | D: s3: $27 $28.00 → $27.47 $28.04 | D: s4: $28.00 $19.60 $22.40 $28.00 → $28.04 $19.63 $22.43 $28.04 $28.61 | D: s4: $200 → | D: s4: $28.00 → $28.04 | D: s4: (−355%) → (−354%) | D: s5: −355% → −354% | D: s5: $28.00 → $28.04 | D: s6: $22.00 −83% (−45% → $136.94 +7% (+2% | D: s6: $36.00 −72% (−35% → $209.70 +65% (+18% | D: s6: $79.00 −38% (−15% → $433.90 +241% (+51% | D: s6: −83% (−45% → +7% (+2% | D: s6: −72% (−35% → +65% (+18% | D: s6: −38% (−15% → +241% (+51% | D: s8: $28.00 → $28.04 | D: s8: $28.00 ($23.00–$30.00) → $28.04 ($27.47–$28.61) | D: s8: −355% → −354% | D: s8: $22.40) → $22.43) | D: s1: รายได้ Q2 2026 $16.1B ▲ +25% YoY (beat; เร็วสุดใน 15+ ปี) EPS Q2 2026 (non-GAAP) +$0.42 บีตคาด ~$0.21–0.22 กว่า 90% • Foundry ขาดทุนลดเหลือ −$2.1B 0% → 0.00% | D: s6: รายได้ปี 3 $57.0B → $57.06 | D: s6: รายได้ปี 3 $69.9B → $69.90 | D: s6: รายได้ปี 3 $86.7B → $86.78 | D: rd/sm fv: 28 → 28.04 | D: rd/sm values.fvLow: 23 → 27.47 | D: rd/sm values.fvHigh: 30 → 28.61 | D: rd/sm values.scenarios[0].tgt: 22 → 136.94 | D: rd/sm values.scenarios[1].tgt: 36 → 209.7 | D: rd/sm values.scenarios[2].tgt: 79 → 433.9 | D: rd/sm sm.mos: -355 → -354.3",2,2,19,22,9,0,6,12,,522.45
INTU,US,VALUE-DRIFT,"scn.bear.tgt 229 → 228.65 | scn.base.tgt 462 → 462.5 | scn.bull.tgt 703 → 703.15 | s2: $472.00 → $472.22 | s3: $449 $472.00 → $449.00 $472.22 | s4: $472.00 $330.40 $377.60 → $472.22 $330.55 $377.78 | s4: $472.00 $705 → $472.22 $495.45 | s4: $472.00 → $472.22 | s5: $472.00 → $472.22 | s5: $330.40 → $330.55 | s6: $229.00 → $228.65 | s6: $462.00 → $462.50 | s6: $703.00 → $703.15 | s8: $472.00 → $472.22 | s8: $472.00 ($449.00–$495.00) → $472.22 ($449.00–$495.45) | s8: ($330.40) → ($330.55) | rd/sm fv: 472 → 472.22 | rd/sm values.fvHigh: 495 → 495.45 | rd/sm values.scenarios[0].tgt: 229 → 228.65 | rd/sm values.scenarios[1].tgt: 462 → 462.5 | rd/sm values.scenarios[2].tgt: 703 → 703.15",2,2,0,13,7,0,0,8,multi-rounding,0.15
INVH,US,HUMAN,"custom cards 7 > 4 — dropped ""FY2026F AFFO Guidance""; ""Same-Store NOI (FY2025)""; ""Payout (AFFO basis)"" | TEXT LOST ×37: FY2026F AFFO Guidance กลาง YoY ปรับขึ้น ใน SameStore | D: scn.bear.tgt 24.02 → 24.01 | D: scn.base.tgt 35.63 → 35.64 | D: scn.bull.tgt 42.44 → 42.45 | D: s6: $24.02 → $24.01 | D: s6: $35.63 → $35.64 | D: s6: $42.44 → $42.45 | D: s1: Same-Store NOI (FY2025) +2.3% FY26F guide +0.4% ถึง +1.9% ~4.53% → 4.53% | D: s1: Payout (AFFO basis) ~73.6% อนุรักษ์นิยมปานกลาง เทียบ AFFO $1.63 $1.09 → ~$1.09 | D: rd/sm values.scenarios[0].tgt: 24.02 → 24.01 | D: rd/sm values.scenarios[1].tgt: 35.63 → 35.64 | D: rd/sm values.scenarios[2].tgt: 42.44 → 42.45",2,2,37,5,4,0,7,8,,0.04
IP,US,HUMAN,"failed before compare — compute: meta.themeLegacy.darkGrad: ต้องมี (ข้อความ) | theme.darkGrad missing (no seed to fall back on) | theme.glow missing (no seed to fall back on) | theme.subColor missing (no seed to fall back on) | theme.headerMuted missing (no seed to fall back on) | theme.verdictText missing (no seed to fall back on) | theme.vcellLabel missing (no seed to fall back on) | leg 1 analyst target as fv (""1. P/E กำไรกลางวัฏจักร (FY2027E consensus)"") | schema meta.themeLegacy.darkGrad: ต้องมี (ข้อความ) | schema meta.themeLegacy.glow: ต้องมี (ข้อความ) | schema meta.themeLegacy.subColor: ต้องมี (ข้อความ) | schema meta.themeLegacy.headerMuted: ต้องมี (ข้อความ) | schema meta.themeLegacy.verdictText: ต้องมี (ข้อความ) | schema meta.themeLegacy.vcellLabel: ต้องมี (ข้อความ) | custom cards 6 > 4 — dropped ""EPS FY2026E""; ""EBITDA adj. FY2026 guide""",2,2,0,0,0,0,6,7,,0
IPGP,US,VALUE-DRIFT,"FV 67 → 66.5 (family weights) | scn.bear.tgt 51 → 50.44 | scn.base.tgt 95 → 94.35 | scn.bull.tgt 171 → 170.16 | s2: $67.00 → $66.50 | s3: $62 $67.00 → $62.00 $66.50 | s4: $67.00 $46.90 $53.60 $67.00 → $66.50 $46.55 $53.20 $66.50 $70.99 | s4: $67.00 → $66.50 | s6: $51.00 −34% → $50.44 −35% | s6: $95.00 +23% → $94.35 +22% | s6: $3.15 → $3.14 | s6: $171.00 +121% → $170.16 +120% | s8: $67.00 → $66.50 | s8: $67.00 ($62.00–$71.00) → $66.50 ($62.00–$70.99) | s8: $53.60 → $53.20 | s8: <$46.90) → <$46.55) | rd/sm fv: 67 → 66.5 | rd/sm values.fvHigh: 71 → 70.99 | rd/sm values.scenarios[0].tgt: 51 → 50.44 | rd/sm values.scenarios[1].tgt: 95 → 94.35 | rd/sm values.scenarios[2].tgt: 171 → 170.16 | rd/sm sm.pe: 33.8 → 119.107692 | rd/sm sm.mos: -15.6 → -16.4 | rd/sm sm.upside: -13.5 → -14.1 | rd/sm sm.fairValue: 67 → 66.5",2,2,0,12,10,0,2,10,mixed,252.39
IQV,US,VALUE-DRIFT,"scn.bear.tgt 204 → 204.23 | scn.base.tgt 314 → 313.92 | scn.bull.tgt 432 → 431.48 | s1: ~21.4x → 22.1x | s1: ($0) → · | s2: $260.00 → $260.97 | s3: $278 $260.00 → $278.74 $260.97 | s3: ($260.00) → ($260.97) | s3: (−6%) → (−5%) | s3: ($208.00) → ($208.78) | s4: $260.00 $182.00 $208.00 $260.00 $276 $278.00 → $260.97 $182.68 $208.78 $260.97 $276.00 $278.74 | s4: ($260.00) → ($260.97) | s4: $208.00) → $208.78) | s4: ($182.00) → ($182.68) | s5: −6% → −5% | s5: ($208.00) → ($208.78) | s6: $204.00 → $204.23 | s6: $314.00 → $313.92 | s6: $432.00 → $431.48 | s8: $260.00 → $260.97 | s8: −6% → −5% | s8: $208.00 → $208.78 | s8: $182.00 → $182.68 | s8: $260.00 ($243.00–$278.00) → $260.97 ($243.21–$278.74) | s8: −6% → −5% | s8: ($260.00) → ($260.97) | s8: ($208.00) → ($208.78) | s8: $182.00 → $182.68 | rd/sm fv: 260 → 260.97 | rd/sm values.fvLow: 243 → 243.21 | rd/sm values.fvHigh: 278 → 278.74 | rd/sm values.scenarios[0].tgt: 204 → 204.23 | rd/sm values.scenarios[1].tgt: 314 → 313.92 | rd/sm values.scenarios[2].tgt: 432 → 431.48 | rd/sm sm.pe: 21.4 → 22.072231 | rd/sm sm.mos: -5.8 → -5.4 | rd/sm sm.upside: -5.5 → -5.1",2,2,0,25,11,0,1,7,mixed,3.14
IR,US,VALUE-DRIFT,"scn.bull.tgt 136.8 → 136.81 | s1: 4.4% → | s1: ~0.10% → 0.11% | s2: $88.00 → $87.85 | s2: $88.00 → $87.85 | s3: $83.2 $88.00 → $83.12 $87.85 | s4: $88.00 $61.60 $70.40 $88.00 $93.00 → $87.85 $61.49 $70.28 $87.85 $92.58 | s4: $88.00 → $87.85 | s4: $70.40 → $70.28 | s6: $136.80 → $136.81 | s8: $88.00 → $87.85 | s8: $70.40 → $70.28 | s8: $88.00 ($83.00–$93.00) → $87.85 ($83.12–$92.58) | s8: $70.40 → $70.28 | rd/sm fv: 88 → 87.85 | rd/sm values.fvLow: 83 → 83.12 | rd/sm values.fvHigh: 93 → 92.58 | rd/sm values.scenarios[2].tgt: 136.8 → 136.81 | rd/sm sm.upside: 17.7 → 17.5",2,2,0,13,7,0,0,6,multi-rounding,0.45
IRM,US,HUMAN,"custom cards 9 > 4 — dropped ""AFFO/Share Q2 2026""; ""AFFO/Share FY2026E""; ""Revenue Guidance FY26""; ""Payout Ratio (Div/AFFO)""; ""Data Center Growth"" | TEXT LOST ×56: AFFO Share YoY ประกาศ สค AFFO Share FY2026E | D: scn.bear.tgt 98.5 → 98.51 | D: scn.base.tgt 134.3 → 134.33 | D: scn.bull.tgt 165.05 → 165.11 | D: s2: $96.50 → $96.48 | D: s3: $89.14 $96.50 → $89.15 $96.48 | D: s4: $96.50 $67.55 $77.20 $96.50 → $96.48 $67.54 $77.18 $96.48 | D: s4: $96.50 → $96.48 | D: s4: $77.20 → $77.18 | D: s4: $67.55 → $67.54 | D: s5: $96.50 → $96.48 | D: s6: $98.50 → $98.51 | D: s6: $134.30 → $134.33 | D: s6: $165.05 → $165.11 | D: s7: $96.50 → $96.48 | D: s8: $96.50 → $96.48 | D: s8: ($77.20) → ($77.18) | D: s8: ($96.50) → ($96.48) | D: s8: $96.50 ($89.14–$103.80) → $96.48 ($89.15–$103.80) | D: s8: $96.50 → $96.48 | D: s8: ($77.20) → ($77.18) | D: s1: AFFO Share Q2 2026 $1.44 +16% YoY (Q2 2026; ประกาศ 5 ส.ค. 2569) AFFO Share FY2026E $5.87–$5.93 Guidance ที่ยกขึ้น กลาง +14% YoY — Project Matterhorn เร่งตัว Revenue Guidance FY26 $7.94–$8.01B +16% ที่จุดกลาง; Adj. EBITDA $2.945–$2.975B (+15%) ~3.03% → 3.03% | D: s1: Payout Ratio (Div AFFO) ~59% DPS $3.46 ÷ AFFO share FY26E กลาง $5.90 — เหลือพื้นที่ reinvest data center Data Center Growth +39% YoY Q2 2026: leasing 13 MW; YTD 110 MW; ~325 MW รอ energize ใน 24 เดือน ~0.9 → 0.90 | D: rd/sm fv: 96.5 → 96.48 | D: rd/sm values.fvLow: 89.14 → 89.15 | D: rd/sm values.scenarios[0].tgt: 98.5 → 98.51 | D: rd/sm values.scenarios[1].tgt: 134.3 → 134.33 | D: rd/sm values.scenarios[2].tgt: 165.05 → 165.11",2,2,56,19,6,0,9,6,,0.04
ISRG,US,HUMAN,"leg 3 analyst target as fv (""3. Analyst Target (คิดลด)"") | D: scn.bear.tgt 351 → 351.51 | D: scn.base.tgt 491 → 490.92 | D: scn.bull.tgt 688 → 687.71 | D: s2: $450.00 → $449.25 | D: s3: $439 $450.00 → $439.00 $449.25 | D: s4: $450.00 $315.00 $360.00 $450.00 → $449.25 $314.47 $359.40 $449.25 | D: s4: $688.00 → $505.76 | D: s5: $450.00 → $449.25 | D: s6: $351.00 → $351.51 | D: s6: $491.00 → $490.92 | D: s6: $688.00 → $687.71 | D: s8: $450.00 ($403.00–$506.00) → $449.25 ($403.00–$505.76) | D: rd/sm fv: 450 → 449.25 | D: rd/sm values.fvHigh: 506 → 505.76 | D: rd/sm values.scenarios[0].tgt: 351 → 351.51 | D: rd/sm values.scenarios[1].tgt: 491 → 490.92 | D: rd/sm values.scenarios[2].tgt: 688 → 687.71 | D: rd/sm sm.upside: 12.6 → 12.4",3,3,0,9,7,0,2,10,,0.2
IT,US,HUMAN,"custom cards 5 > 4 — dropped ""Net Debt / EBITDA"" | TEXT LOST ×8: Net Debt EBITDA เงินสด หนี้รวม leverage ยังต่ำ ยังกู้ซื้อหุ้นคืนได้ | D: prose stale copies ×3 (pe@analysis) | D: s1: ~17.0x → 16.4x | D: s2: $268.00 → $267.77 | D: s3: $212.02 $268.00 → $212.01 $267.77 | D: s3: $268.00 → $267.77 | D: s4: $268.00 → $267.77 | D: s4: $187.60 $214.40 $268.00 $324.00 → $187.44 $214.22 $267.77 $323.53 | D: s4: ($268.00) → ($267.77) | D: s4: $212.00 → $212.01 | D: s4: $324.00 → $323.53 | D: s5: ($268.00) → ($267.77) | D: s8: $268.00) → $267.77) | D: s8: $268.00 ($212.00–$324.00) → $267.77 ($212.01–$323.53) | D: s8: $187.60 → $187.44 | D: s8: $214.40) → $214.22) | D: rd/sm fv: 268 → 267.77 | D: rd/sm values.fvLow: 212 → 212.01 | D: rd/sm values.fvHigh: 324 → 323.53 | D: rd/sm sm.pe: 17 → 16.406221 | D: rd/sm sm.upside: 49.5 → 49.3",2,2,8,14,7,3,5,10,,3.49
ITC,TH,VALUE-DRIFT,"scn.base.tgt 25.88 → 25.87 | s1: ~1.97 → 2.00x | s4: ฿22.00 → | s6: ฿25.88 → ฿25.87 | s8: (฿18.00–฿22.00) → (฿19.83–฿20.09) | rd/sm values.fvLow: 18 → 19.83 | rd/sm values.fvHigh: 22 → 20.09 | rd/sm values.scenarios[1].tgt: 25.88 → 25.87",2,2,0,4,5,0,0,5,mixed,10.17
ITEL,TH,HUMAN,"failed before compare — compute: scenarios.cases[0].growth: ต้องมี (ตัวเลข) | fy periods conflict across FY cards | scenarios.cases[0].growth unreadable (""EPS ~FY2026e"") | scenarios.cases[1].growth unreadable (""EPS Recovery"") | scenarios.cases[2].growth unreadable (""EPS ~฿0.20"") | schema scenarios.cases[0].growth: ต้องมี (ตัวเลข) | schema scenarios.cases[1].growth: ต้องมี (ตัวเลข) | schema scenarios.cases[2].growth: ต้องมี (ตัวเลข)",3,2,0,0,0,0,2,8,,0
ITT,US,VALUE-DRIFT,"scn.bear.tgt 157.7 → 157.76 | scn.base.tgt 238.3 → 238.28 | scn.bull.tgt 313.7 → 313.68 | prose stale copies ×1 (px@analysis) | s2: $185.20 → $185.17 | s3: $185.20 → $185.17 | s4: $185.20 $129.64 $148.16 $185.20 $258 → $185.17 $129.62 $148.14 $185.17 $191.32 $258.00 | s4: $185.20 → $185.17 | s4: $185.20 → $185.17 | s4: $148.16 → $148.14 | s5: $185.20 → $185.17 | s6: $157.70 → $157.76 | s6: $238.30 → $238.28 | s6: $313.70 → $313.68 | s8: $185.20 → $185.17 | s8: $185.20 ($179.00–$191.30) → $185.17 ($179.03–$191.32) | s8: $185.20 → $185.17 | s8: $148.16 → $148.14 | rd/sm fv: 185.2 → 185.17 | rd/sm values.fvLow: 179 → 179.03 | rd/sm values.fvHigh: 191.3 → 191.32 | rd/sm values.scenarios[0].tgt: 157.7 → 157.76 | rd/sm values.scenarios[1].tgt: 238.3 → 238.28 | rd/sm values.scenarios[2].tgt: 313.7 → 313.68",2,2,0,14,8,1,0,6,mixed,0.04
ITW,US,HUMAN,"TEXT LOST ×1: ITW | D: scn.bull.tgt 361.58 → 361.59 | D: s2: $270.00 → $269.88 | D: s2: $270.00 → $269.88 | D: s3: $270.00 → $269.88 | D: s4: $270.00 $189.00 $216.00 $270.00 $275.00 → $269.88 $188.92 $215.90 $269.88 $274.80 | D: s4: $270.00 → $269.88 | D: s4: −0.7%) → −0.8%) | D: s4: $216.00 → $215.90 | D: s5: −0.7% → −0.8% | D: s6: $361.58 → $361.59 | D: s8: $270.00 → $269.88 | D: s8: −0.7%) → −0.8%) | D: s8: $216.00 → $215.90 | D: s8: $270.00 ($265.00–$275.00) → $269.88 ($264.96–$274.80) | D: s8: −0.7% → −0.8% | D: s8: $270.00 → $269.88 | D: s8: $216.00 → $215.90 | D: rd/sm fv: 270 → 269.88 | D: rd/sm values.fvLow: 265 → 264.96 | D: rd/sm values.fvHigh: 275 → 274.8 | D: rd/sm values.scenarios[2].tgt: 361.58 → 361.59",2,2,1,16,6,0,2,6,,0.07
IVL,TH,HUMAN,"scenarios.driver ""EBITDA margin 6.2%"" not in [""eps"";""ffo"";""revenuePerShare"";""bvps"";""fcfPerShare"";""de"";""fre""] | scenarios.exitMetric ""EV/EBITDA ออก"" not in [""pe"";""ps"";""pbv"";""pffo"";""pfcf"";""evsales""] | TEXT LOST ×17: IVL กลางวัฏจักร EBITDA margin EBITDA EV EBITDA EBITDA | D: scn.bear.tgt 15 → 439.71 | D: scn.base.tgt 27 → 373.1 | D: scn.bull.tgt 39 → 336.17 | D: prose stale copies ×1 (px@analysis) | D: s1: ~-฿0.59 → ~฿-0.59 | D: s1: ~฿460 พันล้าน -7.5% → ฿4.60 แสนล้าน 7.5% | D: s2: ฿23.80 → ฿23.82 | D: s3: ฿27.0 ฿23.80 → ฿27.04 ฿23.82 | D: s4: ฿23.80 ฿16.66 ฿19.04 ฿23.80 → ฿23.82 ฿16.67 ฿19.06 ฿23.82 | D: s4: ฿27.00 → ฿27.04 | D: s4: ฿23.80 → ฿23.82 | D: s4: ฿19.04 → ฿19.06 | D: s4: ฿16.66 → ฿16.67 | D: s8: ฿16.66–฿19.04 → ฿16.67–฿19.06 | D: s8: ฿23.80 (฿20.60–฿27.00) → ฿23.82 (฿20.60–฿27.04) | D: s8: ฿19.04 → ฿19.06 | D: s6: EBITDA margin 6.2% ฿15.00 −44% EBITDA → +6.2% | D: s6: 3 ฿28 พันล้าน EV EBITDA ออก → ฿439.71 +1434% ฿38.24 | D: s6: EBITDA margin 8.7% ฿27.00 +2% EBITDA → +8.7% | D: s6: 3 ฿41 พันล้าน EV EBITDA ออก → ฿373.10 +1206% ฿41.00 | D: s6: EBITDA margin 11.0% ฿39.00 +47% EBITDA → +11% | D: s6: 3 ฿55 พันล้าน EV EBITDA ออก → ฿336.17 +1080% ฿43.66 | D: rd/sm fv: 23.8 → 23.82 | D: rd/sm values.fvHigh: 27 → 27.04 | D: rd/sm values.scenarios[0].tgt: 15 → 439.71 | D: rd/sm values.scenarios[1].tgt: 27 → 373.1 | D: rd/sm values.scenarios[2].tgt: 39 → 336.17",2,2,17,18,7,1,2,12,,2831.4
JAZZ,US,HUMAN,"TEXT LOST ×1: nd | D: FV 216.45 → 215.18 (family weights) | D: scn.bear.tgt 101.6 → 101.62 | D: scn.base.tgt 251.85 → 251.78 | D: scn.bull.tgt 418.95 → 419 | D: prose stale copies ×3 (pe@analysis) | D: s1: ~16.6x → 16.3x | D: s1: ~3.68x → 3.61x | D: s2: $216.45 → $215.18 | D: s3: $188.50 $216.45 → $190.30 $215.18 | D: s3: $216.45 → $215.18 | D: s3: −9%) → −10%) | D: s4: $216.45 $151.51 $173.16 $216.45 → $215.18 $150.63 $172.14 $215.18 | D: s4: $216.45 → $215.18 | D: s5: −9% → −10% | D: s6: $101.60 → $101.62 | D: s6: $251.85 → $251.78 | D: s6: $418.95 → $419.00 | D: s8: $216.45 → $215.18 | D: s8: $216.45 ($192.85–$240.05) → $215.18 ($190.30–$240.05) | D: s8: −9% → −10% | D: s8: ($173.16) → ($172.14) | D: rd/sm fv: 216.45 → 215.18 | D: rd/sm values.fvLow: 192.85 → 190.3 | D: rd/sm values.scenarios[0].tgt: 101.6 → 101.62 | D: rd/sm values.scenarios[1].tgt: 251.85 → 251.78 | D: rd/sm values.scenarios[2].tgt: 418.95 → 419 | D: rd/sm sm.mos: -9.2 → -9.8 | D: rd/sm sm.upside: -8.4 → -8.9 | D: rd/sm sm.fairValue: 216.45 → 215.18",2,2,1,16,8,3,2,8,,1.32
JBHT,US,VALUE-DRIFT,"scn.bear.tgt 120 → 119.85 | scn.base.tgt 218 → 217.9 | scn.bull.tgt 305 → 304.56 | s1: ~33.2x → 30.1x | s2: $176.00 → $175.19 | s2: $176.00 → $175.19 | s3: $173 $176.00 → $172.73 $175.19 | s3: $176.00 → $175.19 | s3: $173.00 → $172.73 | s3: $178.00 → $177.66 | s4: $176.00 $123.20 $140.80 $176.00 $178.00 → $175.19 $122.63 $140.15 $175.19 $177.66 | s4: $176.00 → $175.19 | s4: −30%) → −31%) | s4: $140.80 → $140.15 | s4: $123.20 → $122.63 | s5: −30% → −31% | s6: $120.00 → $119.85 | s6: $218.00 → $217.90 | s6: $305.00 → $304.56 | s8: $176.00 → $175.19 | s8: −30%) → −31%) | s8: $176.00 ($173.00–$178.00) → $175.19 ($172.73–$177.66) | s8: −30% → −31% | s8: $140.80 → $140.15 | s8: $176.00 → $175.19 | rd/sm fv: 176 → 175.19 | rd/sm values.fvLow: 173 → 172.73 | rd/sm values.fvHigh: 178 → 177.66 | rd/sm values.scenarios[0].tgt: 120 → 119.85 | rd/sm values.scenarios[1].tgt: 218 → 217.9 | rd/sm values.scenarios[2].tgt: 305 → 304.56 | rd/sm sm.mos: -30.2 → -30.8 | rd/sm sm.upside: -23.2 → -23.5",2,2,0,22,10,0,1,6,mixed,0.6
JBL,US,HUMAN,"TEXT LOST ×1: มัธยฐานประวัติ | D: scn.bear.tgt 184 → 185.27 | D: scn.base.tgt 356 → 358.79 | D: scn.bull.tgt 600 → 602.9 | D: s2: $183.00 → $183.35 | D: s3: $228 $183.00 → $227.51 $183.35 | D: s4: $183.00 $128.10 $146.40 $183.00 → $183.35 $128.35 $146.68 $183.35 $227.51 | D: s4: $183.00 (−70%) → $183.35 (−69%) | D: s5: −70% → −69% | D: s5: $183.00 → $183.35 | D: s6: $184.00 −41% → $185.27 −40% | D: s6: $16.9 → $17.00 | D: s6: $356.00 → $358.79 | D: s6: $19.8 18x → $19.93 18.0x | D: s6: $600.00 +93% → $602.90 +94% | D: s6: $23.1 26x → $23.19 26.0x | D: s8: ($183.00; → ($183.35; | D: s8: $183.00 ($139.00–$228.00) → $183.35 ($139.19–$227.51) | D: s8: −70% → −69% | D: s8: $146.40 → $146.68 | D: s8: $128.10) → $128.35) | D: rd/sm fv: 183 → 183.35 | D: rd/sm values.fvLow: 139 → 139.19 | D: rd/sm values.fvHigh: 228 → 227.51 | D: rd/sm values.scenarios[0].tgt: 184 → 185.27 | D: rd/sm values.scenarios[1].tgt: 356 → 358.79 | D: rd/sm values.scenarios[2].tgt: 600 → 602.9 | D: rd/sm sm.mos: -69.8 → -69.5",2,2,1,17,8,0,4,6,,0.78
JCI,US,VALUE-DRIFT,"scn.bear.tgt 105 → 105.44 | scn.base.tgt 161 → 160.62 | scn.bull.tgt 216 → 216.16 | s2: $134.00 → $134.25 | s2: $134.00 → $134.25 | s3: $127.50 → $127.51 | s3: $134.00 → $134.25 | s4: $134.00 $93.80 $107.20 $134.00 $141.00 $164 → $134.25 $93.98 $107.40 $134.25 $140.98 $164.00 | s4: ($107.20) → ($107.40) | s4: ($93.80) → ($93.98) | s6: $105.00 −28% → $105.44 −27% | s6: $161.00 +11% → $160.62 +10% | s6: $216.00 → $216.16 | s8: $134.00 → $134.25 | s8: $134.00 ($127.00–$141.00) → $134.25 ($127.51–$140.98) | s8: $134.00 → $134.25 | s8: $107.20 → $107.40 | s8: $93.80 → $93.98 | rd/sm fv: 134 → 134.25 | rd/sm values.fvLow: 127 → 127.51 | rd/sm values.fvHigh: 141 → 140.98 | rd/sm values.scenarios[0].tgt: 105 → 105.44 | rd/sm values.scenarios[1].tgt: 161 → 160.62 | rd/sm values.scenarios[2].tgt: 216 → 216.16 | rd/sm sm.mos: -8.5 → -8.3 | rd/sm sm.upside: -7.8 → -7.6",2,2,0,15,10,0,3,10,multi-rounding,0.42
JD,US,HUMAN,"first header tag not ""<EXCH>: JD"" (""NASDAQ: JD (ADR)"") | custom cards 5 > 4 — dropped ""New Biz ขาดทุน Q1/26"" | TEXT LOST ×10: ADR New Biz ขาดทุน RMB ลงทุน Food Delivery | D: FV 30 → 30.3 (family weights) | D: scn.bear.tgt 19 → 19.01 | D: scn.base.tgt 31 → 30.56 | D: scn.bull.tgt 41 → 40.74 | D: s3: $27.0 $30.00 → $27.00 $30.30 | D: s4: $30.00 $21.00 $24.00 $30.00 → $30.30 $21.21 $24.24 $30.30 $33.60 | D: s4: $53.29 → | D: s4: $30.00 → $30.30 | D: s5: +11% → +12% | D: s5: $30.00 (+11%) → $30.30 (+12%) | D: s6: $19.00 → $19.01 | D: s6: $31.00 +16% (+5% → $30.56 +14% (+4% | D: s6: $41.00 +53% → $40.74 +52% | D: s7: $30.00 (+11%) → $30.30 (+12%) | D: s8: $30.00 (+11%) → $30.30 (+12%) | D: s8: $30.00 ($27.00–$34.00) → $30.30 ($27.00–$33.60) | D: s8: +11% → +12% | D: s8: <$24.00; → <$24.24; | D: s8: <$21.00) → <$21.21) | D: s2: (ADR) $30.00 → $30.30 | D: rd/sm fv: 30 → 30.3 | D: rd/sm values.fvHigh: 34 → 33.6 | D: rd/sm values.scenarios[0].tgt: 19 → 19.01 | D: rd/sm values.scenarios[1].tgt: 31 → 30.56 | D: rd/sm values.scenarios[2].tgt: 41 → 40.74 | D: rd/sm sm.mos: 10.8 → 11.7 | D: rd/sm sm.upside: 12.1 → 13.3 | D: rd/sm sm.fairValue: 30 → 30.3",2,2,10,16,9,0,5,10,,1.42
JKHY,US,VALUE-DRIFT,"prose stale copies ×3 (px@analysis;pe@analysis) | s1: ~22.2x → 21.2x | s2: $194.00 → $194.06 | s2: $194.00 → $194.06 | s3: $171.75 $194.00 → $171.73 $194.06 | s4: $194.00 $135.80 $155.20 → $194.06 $135.84 $155.25 | s4: $194.00 $216.00 → $194.06 $216.38 | s4: $155.20) → $155.25) | s4: $135.80 → $135.84 | s8: $194.00 → $194.06 | s8: $194.00 ($172.00–$216.00) → $194.06 ($171.73–$216.38) | s8: ($155.20) → ($155.25) | s8: $135.80 → $135.84 | s8: $194.00 → $194.06 | rd/sm fv: 194 → 194.06 | rd/sm values.fvLow: 172 → 171.73 | rd/sm values.fvHigh: 216 → 216.38 | rd/sm sm.pe: 22.2 → 21.167622",2,2,0,13,6,3,0,6,mixed,4.65
JMT,TH,VALUE-DRIFT,"scn.bear.tgt 6.72 → 6.69 | scn.base.tgt 13.92 → 13.84 | scn.bull.tgt 22.4 → 22.46 | s6: ฿6.72 −21% → ฿6.69 −22% | s6: ฿13.92 +53% → ฿13.84 +52% | s6: ฿22.40 +136% → ฿22.46 +137% | rd/sm values.scenarios[0].tgt: 6.72 → 6.69 | rd/sm values.scenarios[1].tgt: 13.92 → 13.84 | rd/sm values.scenarios[2].tgt: 22.4 → 22.46",3,3,0,3,5,0,1,9,scn-tgt,0.57
JNJ,US,VALUE-DRIFT,"scn.bear.tgt 199.75 → 199.71 | scn.base.tgt 250.61 → 250.51 | scn.bull.tgt 301.14 → 301.06 | s1: ~31.3x → 31.4x | s6: $199.75 → $199.71 | s6: $250.61 → $250.51 | s6: $13.19 → $13.18 | s6: $301.14 → $301.06 | rd/sm values.scenarios[0].tgt: 199.75 → 199.71 | rd/sm values.scenarios[1].tgt: 250.61 → 250.51 | rd/sm values.scenarios[2].tgt: 301.14 → 301.06",3,3,0,5,5,0,1,6,scn-tgt,0.04
JPM,US,HUMAN,"TEXT LOST ×4: Banking Financials Megacap NYSE | D: s2: $276.00 → $275.29 | D: s3: $306 $276.00 → $305.92 $275.29 | D: s3: $276.00 → $275.29 | D: s4: $276.00 $193.20 $220.80 $276.00 $306.00 → $275.29 $192.70 $220.23 $275.29 $305.92 | D: s4: $276.00 → $275.29 | D: s4: $220.80 → $220.23 | D: s4: $193.20 → $192.70 | D: s6: $191 -43.6% → $191.39 −43% | D: s6: $343 +1.3% → $342.52 +1.2% | D: s8: $276.00 → $275.29 | D: s8: $276.00 ($245.00–$306.00) → $275.29 ($244.65–$305.92) | D: s8: ($220.80) → ($220.23) | D: rd/sm fv: 276 → 275.29 | D: rd/sm values.fvLow: 245 → 244.65 | D: rd/sm values.fvHigh: 306 → 305.92 | D: rd/sm sm.mos: -22.7 → -23 | D: rd/sm sm.upside: -18.5 → -18.7",2,2,4,12,6,0,4,9,,0.3
KAMART,TH,VALUE-DRIFT,"prose stale copies ×2 (px@analysis;pe@analysis)",3,3,0,0,2,2,0,5,prose-stale,0
KBANK,TH,HUMAN,"scenarios.cases[0] .ret annotation ""(≈ −6.4%/ปี)"" not carried — a per-year/number label would mislabel the v3 total return | scenarios.cases[1] .ret annotation ""(≈ +1.6%/ปี)"" not carried — a per-year/number label would mislabel the v3 total return | scenarios.cases[2] .ret annotation ""(≈ +12%/ปี)"" not carried — a per-year/number label would mislabel the v3 total return | TEXT LOST ×3: รวม รวม รวม | D: scn.base.tgt ฿224 → 224.52 | D: s2: ฿186.00 → ฿186.20 | D: s3: ฿204 ฿186.00 → ฿204.41 ฿186.20 | D: s3: ฿186.00 → ฿186.20 | D: s4: ฿186.00 ฿130.20 ฿148.80 ฿186.00 ฿259 ฿262 → ฿186.20 ฿130.34 ฿148.96 ฿186.20 ฿204.41 ฿262.11 | D: s5: ฿186.00 → ฿186.20 | D: s6: (ณ −6.4% ปี) ฿22.2 → ฿22.20 | D: s6: (ณ +1.6% ปี) ฿24.9 → ฿24.95 | D: s6: (ณ +12% ปี) ฿27.9 → ฿27.91 | D: s8: ฿186.00 (฿175.00–฿204.00) → ฿186.20 (฿174.56–฿204.41) | D: s8: ฿186.00 → ฿186.20 | D: s8: <฿148.80) → <฿148.96) | D: s6: ฿224 รวม → ฿224.52 | D: rd/sm fv: 186 → 186.2 | D: rd/sm values.fvLow: 175 → 174.56 | D: rd/sm values.fvHigh: 204 → 204.41",3,3,3,12,5,0,2,9,,0.25
KCE,TH,VALUE-DRIFT,"s1: ~85.1x → 84.8x | s2: ฿28.90 → ฿28.94 | s2: ฿28.90 → ฿28.94 | s3: ฿28.90 → ฿28.94 | s3: ฿28.90 → ฿28.94 | s4: ฿28.90 ฿20.23 ฿23.12 ฿28.90 ฿34.00 → ฿28.94 ฿20.26 ฿23.15 ฿28.94 ฿34.22 | s4: (฿28.90) → (฿28.94) | s4: (฿34.00) → (฿34.22) | s4: ฿23.12 → ฿23.15 | s6: ฿21.0 −64% → ฿21.03 −63% | s6: ฿84.3 +32% → ฿84.29 +33% | s8: ฿28.90 (฿22.00–฿34.00) → ฿28.94 (฿22.34–฿34.22) | s8: ฿28.90 → ฿28.94 | s8: ฿23.12 → ฿23.15 | rd/sm fv: 28.9 → 28.94 | rd/sm values.fvLow: 22 → 22.34 | rd/sm values.fvHigh: 34 → 34.22 | rd/sm sm.mos: -131.8 → -131.5",3,3,0,14,6,0,0,6,mixed,1.55
KCG,TH,VALUE-DRIFT,"prose stale copies ×1 (px@analysis) | s1: ~9.80x → 9.9x | s1: 1.63x → 1.64x | s6: ฿1.29 → ฿1.28",2,2,0,3,2,1,1,7,prose-stale,0
KDP,US,VALUE-DRIFT,"scn.bull.tgt 47.25 → 46.84 | s1: $42.00B ~31.3x → $42.0B 31.2x | s6: $47.25 +62% → $46.84 +61% | rd/sm values.scenarios[2].tgt: 47.25 → 46.84",2,2,0,2,3,0,0,4,scn-tgt,0.87
KEY,US,VALUE-DRIFT,"scn.base.tgt 28.3 → 28.28 | scn.bull.tgt 39.1 → 39.09 | s1: 1.49x → | s2: $20.46 → $20.44 | s3: $17.06 → $16.97 | s3: $20.46 → $20.44 | s4: $20.46 $14.32 $16.37 $20.46 → $20.44 $14.31 $16.35 $20.44 | s4: $20.46 → $20.44 | s4: ($16.37) → ($16.35) | s4: ($14.32) → ($14.31) | s5: +1.0% → +0.9% | s6: $28.30 → $28.28 | s6: $39.10 → $39.09 | s8: $20.46 → $20.44 | s8: $20.46 ($17.06–$27.52) → $20.44 ($16.97–$27.52) | s8: +1.0% → +0.9% | s8: ($20.46) → ($20.44) | s8: $16.37 → $16.35 | rd/sm fv: 20.46 → 20.44 | rd/sm values.fvLow: 17.06 → 16.97 | rd/sm values.scenarios[1].tgt: 28.3 → 28.28 | rd/sm values.scenarios[2].tgt: 39.1 → 39.09",3,3,0,16,5,0,4,7,multi-rounding,0.53
KEYS,US,HUMAN,"custom cards 5 > 4 — dropped ""Free Cash Flow Q3"" | TEXT LOST ×5: Free Cash Flow YoY เคยทำสถิติ | D: scn.bear.tgt 290 → 289.23 | D: scn.base.tgt 473 → 471.41 | D: scn.bull.tgt 669 → 667.07 | D: s2: $275.00 → $274.76 | D: s3: $320 $275.00 → $320.19 $274.76 | D: s4: $275.00 $192.50 $220.00 $275.00 $320.00 → $274.76 $192.33 $219.81 $274.76 $320.19 | D: s4: $220.00 → $219.81 | D: s5: $275.00 → $274.76 | D: s6: $290.00 → $289.23 | D: s6: $473.00 → $471.41 | D: s6: $669.00 → $667.07 | D: s8: ($275.00) → ($274.76) | D: s8: $275.00 ($229.00–$320.00) → $274.76 ($229.32–$320.19) | D: s8: $220.00) → $219.81) | D: s8: $192.50 → $192.33 | D: s1: Free Cash Flow Q3 $403M +38% YoY (Q2 เคยทำสถิติ $472M) 0% → 0.00% | D: rd/sm fv: 275 → 274.76 | D: rd/sm values.fvLow: 229 → 229.32 | D: rd/sm values.fvHigh: 320 → 320.19 | D: rd/sm values.scenarios[0].tgt: 290 → 289.23 | D: rd/sm values.scenarios[1].tgt: 473 → 471.41 | D: rd/sm values.scenarios[2].tgt: 669 → 667.07",2,2,5,13,8,0,5,6,,0.34
KGC,US,HUMAN,"TEXT LOST ×3: ตัวคูณปรับ ฉาก Base | D: scn.bear.tgt 4.42 → 4.41 | D: scn.base.tgt 17.06 → 17.09 | D: scn.bull.tgt 35.57 → 35.61 | D: s1: ~10.7x → 9.3x | D: s1: 4.01x → 3.49x | D: s3: $19.35 → $19.34 | D: s4: $19.35 → $19.34 | D: s4: ($19.35) → ($19.34) | D: s6: $4.42 → $4.41 | D: s6: $17.06 → $17.09 | D: s6: $35.57 → $35.61 | D: s8: ($17.06–$19.35) → ($17.06–$19.34) | D: rd/sm values.fvHigh: 19.35 → 19.34 | D: rd/sm values.scenarios[0].tgt: 4.42 → 4.41 | D: rd/sm values.scenarios[1].tgt: 17.06 → 17.09 | D: rd/sm values.scenarios[2].tgt: 35.57 → 35.61 | D: rd/sm sm.pe: 10.7 → 9.285171",2,2,3,9,7,0,1,7,,13.22
KIM,US,HUMAN,"custom cards 6 > 4 — dropped ""Leasing Spreads""; ""Net Debt / EBITDA"" | TEXT LOST ×13: Leasing Spreads Blended cash rent spread Net Debt | D: scn.bear.tgt 20.02 → 20.05 | D: scn.bull.tgt 33.45 → 33.49 | D: prose stale copies ×1 (mos@analysis) | D: s3: $19.30 → $19.29 | D: s6: $20.02 → $20.05 | D: s6: $33.45 +50% → $33.49 +51% | D: s8: ($19.30–$28.98) → ($19.29–$28.98) | D: s1: Leasing Spreads +11.3% Blended cash rent spread Q1 2026 ~5.03% → 5.03% | D: s1: Net Debt EBITDA ~6.5x Net debt ~$7.1B; A3 Moody's rated ~1.43x → 1.43x | D: rd/sm values.fvLow: 19.3 → 19.29 | D: rd/sm values.scenarios[0].tgt: 20.02 → 20.05 | D: rd/sm values.scenarios[2].tgt: 33.45 → 33.49",2,2,13,6,5,1,6,8,,0.15
KKP,TH,HUMAN,"custom cards 6 > 4 — dropped ""AUA (Wealth Mgt.)""; ""CAR (เงินกองทุน)"" | TEXT LOST ×11: AUA Wealth Mgt เป้าปี ล้านล้านบาท CAR เงินกองทุน สูงกว่าเกณฑ์ | D: scn.bear.tgt 70.1 → 70.13 | D: scn.bull.tgt 124.4 → 124.45 | D: prose stale copies ×1 (mos@analysis) | D: s2: ฿80.20 → ฿80.15 | D: s2: ฿80.20 → ฿80.15 | D: s3: ฿80.20 → ฿80.15 | D: s3: ฿80.20 → ฿80.15 | D: s4: ฿80.20 ฿56.14 ฿64.16 ฿80.20 → ฿80.15 ฿56.11 ฿64.12 ฿80.15 | D: s4: ฿80.20 → ฿80.15 | D: s4: ฿80.20 → ฿80.15 | D: s4: ฿64.16 → ฿64.12 | D: s6: ฿70.10 → ฿70.13 | D: s6: ฿124.40 → ฿124.45 | D: s8: ฿80.20 → ฿80.15 | D: s8: ฿80.20 → ฿80.15 | D: s8: ฿80.20 (฿71.20–฿93.60) → ฿80.15 (฿71.21–฿93.60) | D: s8: ฿80.20 → ฿80.15 | D: s8: ฿64.16 → ฿64.12 | D: rd/sm fv: 80.2 → 80.15 | D: rd/sm values.fvLow: 71.2 → 71.21 | D: rd/sm values.scenarios[0].tgt: 70.1 → 70.13 | D: rd/sm values.scenarios[2].tgt: 124.4 → 124.45",3,3,11,15,6,1,6,9,,0.06
KKR,US,VALUE-DRIFT,"prose:prose.gauge ""+30%"" → {{analyst.pct}} | prose:catalysts[4] ""+30%"" → {{analyst.pct}} | s2: $114.00 → $114.34 | s2: $114.00 → $114.34 | s3: $116.20 $114.00 → $116.32 $114.34 | s4: $114.00 $79.80 $91.20 $114.00 $125.00 → $114.34 $80.04 $91.47 $114.34 $116.32 | s4: ($114.00) → ($114.34) | s4: (+30%) → (+35%) | s5: $114.00 → $114.34 | s5: $91.20 → $91.47 | s7: (+30%): → (+35%): | s8: $114.00 → $114.34 | s8: $114.00 ($94.00–$125.00) → $114.34 ($112.37–$116.32) | s8: $114.00 → $114.34 | s8: $91.20 → $91.47 | s8: $114.00 → $114.34 | s8: $79.80 → $80.04 | rd/sm fv: 114 → 114.34 | rd/sm values.fvLow: 94 → 112.37 | rd/sm values.fvHigh: 125 → 116.32 | rd/sm sm.mos: 16.1 → 16.4 | rd/sm sm.upside: 19.2 → 19.6",2,2,0,15,7,0,3,7,mixed,19.54
KLAC,US,VALUE-DRIFT,"scn.bear.tgt 100 → 100.31 | scn.base.tgt 195 → 195.4 | scn.bull.tgt 311 → 310.75 | s2: $103.00 → $102.77 | s3: $74 $103.00 → $73.65 $102.77 | s4: $103.00 $72.10 $82.40 $103.00 → $102.77 $71.94 $82.22 $102.77 $131.89 | s4: $307 → | s4: ($103.00) → ($102.77) | s5: ($103.00) → ($102.77) | s6: $100.00 −47% → $100.31 −46% | s6: $195.00 → $195.40 | s6: $311.00 → $310.75 | s8: $103.00 ($74.00–$132.00) → $102.77 ($73.65–$131.89) | s8: $103.00 → $102.77 | s8: $82.40) → $82.22) | header: 24 ก.ย. 2569 → $98.10 – $307.37 | rd/sm fv: 103 → 102.77 | rd/sm values.fvLow: 74 → 73.65 | rd/sm values.fvHigh: 132 → 131.89 | rd/sm values.scenarios[0].tgt: 100 → 100.31 | rd/sm values.scenarios[1].tgt: 195 → 195.4 | rd/sm values.scenarios[2].tgt: 311 → 310.75 | rd/sm sm.mos: -81.7 → -82.1",2,2,0,13,8,0,0,7,multi-rounding,0.47
KLINIQ,TH,CLEAN,"analyst.target 34.33 from gauge ""เป้าเฉลี่ย Analyst"" (no values.analystTgt) | chart hint kept → text.chartHint ""ต.ค. 2568 – ก.ย. 2569 · รายเดือน"" | card ""P/E เฉลี่ย Sector"" → custom (peAvg5y: fundamentals.peAvg5y missing) | prose literals → tokens ×10 | rd/sm gauge.max: 55 → 60",3,3,0,0,1,0,1,5,,0
KMB,US,VALUE-DRIFT,"scn.bear.tgt 89 → 88.73 | scn.base.tgt 129 → 129.28 | scn.bull.tgt 154 → 154.08 | s2: $133.00 → $132.72 | s2: $133.00 → $132.72 | s3: $132 $133.00 → $131.84 $132.72 | s4: $133.00 $93.10 $106.40 $117 $133.00 $134.00 → $132.72 $92.90 $106.18 $117.00 $132.72 $133.61 | s4: $133.00 → $132.72 | s6: $89.00 −8% → $88.73 −9% | s6: (+15.7%) → | s6: $129.00 → $129.28 | s6: (+16.2%) → | s6: $154.00 → $154.08 | s6: (+16.5%) → | s8: $133.00 → $132.72 | s8: $106.40 $133.00 ($132.00–$134.00) → $106.18 $132.72 ($131.84–$133.61) | s8: $106.40 → $106.18 | rd/sm fv: 133 → 132.72 | rd/sm values.fvLow: 132 → 131.84 | rd/sm values.fvHigh: 134 → 133.61 | rd/sm values.scenarios[0].tgt: 89 → 88.73 | rd/sm values.scenarios[1].tgt: 129 → 129.28 | rd/sm values.scenarios[2].tgt: 154 → 154.08 | rd/sm sm.mos: 26.9 → 26.7 | rd/sm sm.upside: 36.8 → 36.5",2,2,0,14,10,0,1,8,multi-rounding,0.3
KMI,US,VALUE-DRIFT,"scn.bear.tgt 22.6 → 22.63 | scn.bull.tgt 42.16 → 42.15 | prose stale copies ×2 (px@analysis) | s2: $27.73 → $27.72 | s3: $27.73 → $27.72 | s4: $27.73 $19.41 → $27.72 $19.40 | s4: $27.73 → $27.72 | s4: $27.73 → $27.72 | s6: $22.60 → $22.63 | s6: $42.16 → $42.15 | s8: $27.73 → $27.72 | s8: $27.73 → $27.72 | s8: ($19.41) → ($19.40) | rd/sm fv: 27.73 → 27.72 | rd/sm values.scenarios[0].tgt: 22.6 → 22.63 | rd/sm values.scenarios[2].tgt: 42.16 → 42.15",2,2,0,10,5,2,0,5,mixed,0.13
KNSL,US,HUMAN,"TEXT LOST ×1: ต่ำสุดที่วัดได้ | D: scn.bear.tgt 399 → 399.33 | D: scn.base.tgt 711 → 711.06 | D: scn.bull.tgt 1022 → 1021.87 | D: prose stale copies ×4 (pe@analysis) | D: s1: ~14.5x → 13.8x | D: s2: $522.00 → $522.34 | D: s2: $522.00 → $522.34 | D: s3: $407 $522.00 → $406.51 $522.34 | D: s3: $522.00 → $522.34 | D: s4: $522.00 $355 $365.40 $417.60 $522.00 $638.00 → $522.34 $355.00 $365.64 $417.87 $522.34 $638.18 | D: s4: ($365.40) → ($365.64) | D: s4: $522.00 → $522.34 | D: s5: $522.00 → $522.34 | D: s6: $399.00 → $399.33 | D: s6: $28.53 → $28.52 | D: s6: $711.00 → $711.06 | D: s6: $1;022.00 → $1;021.87 | D: s8: $522.00 → $522.34 | D: s8: $522.00 ($407.00–$638.00) → $522.34 ($406.51–$638.18) | D: s8: ($365.40) → ($365.64) | D: s8: $522.00 → $522.34 | D: rd/sm fv: 522 → 522.34 | D: rd/sm values.fvLow: 407 → 406.51 | D: rd/sm values.fvHigh: 638 → 638.18 | D: rd/sm values.scenarios[0].tgt: 399 → 399.33 | D: rd/sm values.scenarios[1].tgt: 711 → 711.06 | D: rd/sm values.scenarios[2].tgt: 1022 → 1021.87 | D: rd/sm sm.pe: 14.5 → 13.819399",2,2,1,17,9,4,3,7,,4.69
KO,US,HUMAN,"TEXT LOST ×5: KO The Coca Cola Company | D: header: $65.35 $92.49 · → | D: s2: $82.70 → $82.69 | D: s2: $82.70 → $82.69 | D: s3: $82.70 → $82.69 | D: s3: $82.70 → $82.69 | D: s4: $82.70 $57.89 $66.16 $82.70 → $82.69 $57.88 $66.15 $82.69 | D: s4: $82.70 → $82.69 | D: s4: $82.70 → $82.69 | D: s4: $66.16 → $66.15 | D: s5: $82.70 → $82.69 | D: s6: $3.86 → $3.85 | D: s8: $82.70 → $82.69 | D: s8: $66.16 → $66.15 | D: s8: $82.70 → $82.69 | D: s8: $82.70 → $82.69 | D: s8: $66.16 → $66.15 | D: rd/sm fv: 82.7 → 82.69",2,2,5,16,3,0,0,6,,0.01
KR,US,VALUE-DRIFT,"scn.base.tgt 73.31 → 73.32 | s2: $74.60 → $74.54 | s3: $77.12 → $77.11 | s3: $72.08 $74.60 → $71.96 $74.54 | s3: $74.60 → $74.54 | s4: $74.60 $52.22 $59.68 → $74.54 $52.18 $59.63 | s4: $74.60 $77.00 → $74.54 $77.11 | s4: ($59.68) → ($59.63) | s4: $74.60 → $74.54 | s5: ($59.68) → ($59.63) | s6: $73.31 → $73.32 | s8: ($59.68) → ($59.63) | s8: $74.60 ($72.00–$77.00) → $74.54 ($71.96–$77.11) | s8: ($59.68) → ($59.63) | s8: ($52.22) → ($52.18) | rd/sm fv: 74.6 → 74.54 | rd/sm values.fvLow: 72 → 71.96 | rd/sm values.fvHigh: 77 → 77.11 | rd/sm values.scenarios[1].tgt: 73.31 → 73.32",2,2,0,14,6,0,0,6,multi-rounding,0.14
KTB,TH,HUMAN,"custom cards 5 > 4 — dropped ""สินเชื่อรวม"" | TEXT LOST ×6: สินเชื่อรวม เทียบสิ้นปี บ้าน ภาครัฐ เฉลี่ย ปันผลปกติ | D: scn.bear.tgt 28 → 28.56 | D: scn.base.tgt 39.4 → 40.16 | D: scn.bull.tgt 48.4 → 49.47 | D: s2: ฿33.20 → ฿33.12 | D: s3: ฿36.0 ฿33.20 → ฿36.03 ฿33.12 | D: s4: ฿33.20 ฿23.24 ฿26.56 ฿33.20 ฿36 ฿41 → ฿33.12 ฿23.18 ฿26.50 ฿33.12 ฿36.00 ฿36.03 | D: s5: ฿33.20 → ฿33.12 | D: s6: ฿28.00 −24% (−9% → ฿28.56 −23% (−8% | D: s6: ฿3.29 → ฿3.36 | D: s6: ฿39.40 +3% (+1.0% → ฿40.16 +5% (+1.6% | D: s6: ฿3.94 10x → ฿4.02 10.0x | D: s6: ฿48.40 +25% → ฿49.47 +27% | D: s6: ฿4.41 11x → ฿4.50 11.0x | D: s7: (฿33.20) → (฿33.12) | D: s8: ฿33.20 (฿30.90–฿36.00) → ฿33.12 (฿30.90–฿36.03) | D: rd/sm fv: 33.2 → 33.12 | D: rd/sm values.fvHigh: 36 → 36.03 | D: rd/sm values.scenarios[0].tgt: 28 → 28.56 | D: rd/sm values.scenarios[1].tgt: 39.4 → 40.16 | D: rd/sm values.scenarios[2].tgt: 48.4 → 49.47 | D: rd/sm sm.mos: -34.8 → -35.1 | D: rd/sm sm.upside: -25.8 → -26",3,3,6,12,7,0,5,10,,2.21
KTC,TH,VALUE-DRIFT,"scn.bear.tgt 29.4 → 29.43 | scn.base.tgt 45.6 → 45.57 | scn.bull.tgt 56.6 → 56.58 | prose:legs[0].note ""+55%"" → {{mos}} | s1: ~11.3x → 11.2x | s2: ฿37.20 → ฿37.15 | s3: ฿38.3 ฿37.20 → ฿38.29 ฿37.15 | s4: ฿37.20 ฿26.04 ฿29.76 ฿37.20 ฿42.00 → ฿37.15 ฿26.01 ฿29.72 ฿37.15 ฿38.29 | s4: ฿37.20 (+1.2%) → ฿37.15 (+1.1%) | s4: ฿29.76 → ฿29.72 | s4: ฿26.04 → ฿26.01 | s5: +1.2% → +1.1% | s6: ฿29.40 −6% → ฿29.43 −5% | s6: ฿45.60 → ฿45.57 | s6: ฿56.60 → ฿56.58 | s6: ฿45.60 → ฿45.57 | s8: ฿37.20 (+1.2%) → ฿37.15 (+1.1%) | s8: ฿29.76 → ฿29.72 | s8: ฿37.20 (฿32.00–฿42.00) → ฿37.15 (฿33.79–฿38.29) | s8: +1.2% → +1.1% | s8: ฿37.20; → ฿37.15; | s8: ฿29.76 → ฿29.72 | s8: ฿26.04 → ฿26.01 | rd/sm fv: 37.2 → 37.15 | rd/sm values.fvLow: 32 → 33.79 | rd/sm values.fvHigh: 42 → 38.29 | rd/sm values.scenarios[0].tgt: 29.4 → 29.43 | rd/sm values.scenarios[1].tgt: 45.6 → 45.57 | rd/sm values.scenarios[2].tgt: 56.6 → 56.58",3,3,0,19,8,0,4,11,mixed,8.83
KTOS,US,VALUE-DRIFT,"scn.bear.tgt 19.31 → 19.3 | scn.base.tgt 35.23 → 35.26 | scn.bull.tgt 107.72 → 107.67 | s1: ~279x → 276.6x | s2: $26.35 → $26.31 | s3: $29.53 $26.35 → $29.46 $26.31 | s3: $26.35 → $26.31 | s3: −78%) → −79%) | s4: $26.35 $18.45 $21.08 $26.35 $29.53 → $26.31 $18.42 $21.05 $26.31 $29.46 | s4: $26.35 → $26.31 | s4: −78%) → −79%) | s4: ($21.08) → ($21.05) | s4: ($18.45) → ($18.42) | s5: −78% → −79% | s6: $19.31 → $19.30 | s6: $10.22 → $10.21 | s6: $35.23 → $35.26 | s6: $107.72 → $107.67 | s6: $15.84 → $15.83 | s8: $26.35 → $26.31 | s8: −78%) → −79%) | s8: $26.35 ($23.16–$29.53) → $26.31 ($23.16–$29.46) | s8: −78% → −79% | s8: ($21.08) → ($21.05) | s8: ($18.45) → ($18.42) | rd/sm fv: 26.35 → 26.31 | rd/sm values.fvHigh: 29.53 → 29.46 | rd/sm values.baseEps: 0.81 → null | rd/sm values.scenarios[0].tgt: 19.31 → 19.3 | rd/sm values.scenarios[1].tgt: 35.23 → 35.26 | rd/sm values.scenarios[2].tgt: 107.72 → 107.67 | rd/sm sm.mos: -78.4 → -78.7",2,2,0,22,9,0,1,8,mixed,0.3
KVUE,US,VALUE-DRIFT,"scn.bear.tgt 13.11 → 13.12 | scn.base.tgt 25.86 → 25.85 | scn.bull.tgt 33.95 → 33.96 | s6: $13.11 → $13.12 | s6: $25.86 → $25.85 | s6: $33.95 → $33.96 | rd/sm values.scenarios[0].tgt: 13.11 → 13.12 | rd/sm values.scenarios[1].tgt: 25.86 → 25.85 | rd/sm values.scenarios[2].tgt: 33.95 → 33.96",2,2,0,3,5,0,0,5,scn-tgt,0.08
KYCCF,US,HUMAN,"TEXT LOST ×1: ทรงตัว | D: scn.base.tgt 594.4 → 594.46 | D: scn.bull.tgt 821.9 → 821.88 | D: s1: 5.24x → 5.17x | D: s2: $452.99 → $453.01 | D: s3: $526.45 → $526.50 | D: s3: $452.99 → $453.01 | D: s3: $452.99 → $453.01 | D: s4: $452.99 $317.09 $362.39 $379.52 $452.99 $526.45 → $453.01 $317.11 $362.41 $453.01 $526.50 | D: s4: ($452.99) → ($453.01) | D: s4: ($526.45 → ($526.50 | D: s4: $362.39 → $362.41 | D: s5: $452.99 → $453.01 | D: s5: ($362.39) → ($362.41) | D: s6: $594.40 → $594.46 | D: s6: $821.90 → $821.88 | D: s8: ($452.99) → ($453.01) | D: s8: $452.99 ($379.52–$526.45) → $453.01 ($379.52–$526.50) | D: s8: $316.20 – $581.60 → | D: s8: ($362.39) → ($362.41) | D: rd/sm fv: 452.99 → 453.01 | D: rd/sm values.fvHigh: 526.45 → 526.5 | D: rd/sm values.scenarios[1].tgt: 594.4 → 594.46 | D: rd/sm values.scenarios[2].tgt: 821.9 → 821.88",2,2,1,17,5,0,3,9,,0.01
L,US,VALUE-DRIFT,"scn.bear.tgt 77 → 76.8 | scn.base.tgt 111 → 111.47 | scn.bull.tgt 152 → 152.05 | prose stale copies ×1 (px@analysis) | s2: $108.00 → $107.85 | s3: $119 $108.00 → $119.41 $107.85 | s3: $108.00 → $107.85 | s4: $108.00 $75.60 $86.40 $108.00 $119.00 → $107.85 $75.49 $86.28 $107.85 $119.41 | s4: $108.00 → $107.85 | s4: $86.40 → $86.28 | s4: $75.60 → $75.49 | s4: $119.00 → $119.41 | s6: $111.00 → $111.47 | s6: $152.00 → $152.05 | s8: $108.00 → $107.85 | s8: $86.40 → $86.28 | s8: $108.00 ($96.00–$119.00) → $107.85 ($96.29–$119.41) | s8: $86.40 → $86.28 | s6: · P E ออก 10x $77.00 → $76.80 | rd/sm fv: 108 → 107.85 | rd/sm values.fvLow: 96 → 96.29 | rd/sm values.fvHigh: 119 → 119.41 | rd/sm values.scenarios[0].tgt: 77 → 76.8 | rd/sm values.scenarios[1].tgt: 111 → 111.47 | rd/sm values.scenarios[2].tgt: 152 → 152.05 | rd/sm sm.upside: 2.8 → 2.6",2,2,0,15,9,1,0,5,mixed,0.42
LANC,US,HUMAN,"first header tag not ""<EXCH>: LANC"" (""NASDAQ: LANC → MZTI"") | TEXT LOST ×3: MZTI LANC MZTI | D: FV 139.5 → 147.23 (family weights) | D: scn.bear.tgt 84 → 83.76 | D: scn.base.tgt 126 → 125.62 | D: scn.bull.tgt 162 → 162.47 | D: s3: $139.50 → $147.23 | D: s3: $139.50 → $147.23 | D: s3: $116.00–$163.00) → $116.47–$186.54) | D: s4: $139.50 $97.65 $111.60 $139.50 → $147.23 $103.06 $117.78 | D: s4: $163.00 → $147.23 $186.54 | D: s4: ($111.60) → ($117.78) | D: s4: ($97.65) → ($103.06) | D: s4: $139.50 → $147.23 | D: s4: +27% → +31% | D: s4: $97.65 → $103.06 | D: s5: +27% → +31% | D: s6: $84.00 → $83.76 | D: s6: $126.00 +37% → $125.62 +36% | D: s6: $162.00 → $162.47 | D: s6: +37% → +36% | D: s8: $139.50 ($116.00–$163.00) → $147.23 ($116.47–$186.54) | D: s8: +27% → +31% | D: s8: ($111.60) → ($117.78) | D: s8: $97.65 → $103.06 | D: s8: $139.50 → $147.23 | D: s8: +38%) → +46%) | D: s2: ราคา LANC MZTI $139.50 → $147.23 | D: rd/sm fv: 139.5 → 147.23 | D: rd/sm values.fvLow: 116 → 116.47 | D: rd/sm values.fvHigh: 163 → 186.54 | D: rd/sm values.scenarios[0].tgt: 84 → 83.76 | D: rd/sm values.scenarios[1].tgt: 126 → 125.62 | D: rd/sm values.scenarios[2].tgt: 162 → 162.47 | D: rd/sm sm.mos: 27.5 → 31.3 | D: rd/sm sm.upside: 37.9 → 45.6 | D: rd/sm sm.fairValue: 139.5 → 147.23",3,3,3,22,11,0,1,4,,14.44
LDOS,US,VALUE-DRIFT,"prose stale copies ×2 (pe@analysis) | s4: $186.00 → $186.35 | s6: $9.78 → $9.77 | s8: ($172.00–$186.00) → ($172.23–$186.35) | rd/sm values.fvLow: 172 → 172.23 | rd/sm values.fvHigh: 186 → 186.35",2,2,0,3,4,2,1,6,mixed,0.19
LECO,US,VALUE-DRIFT,"scn.bear.tgt 180 → 180.41 | scn.base.tgt 265 → 264.54 | scn.bull.tgt 370 → 370.39 | s2: $215.00 → $214.75 | s3: $197 $215.00 → $196.50 $214.75 | s3: $215.00 → $214.75 | s4: $215.00 $150.50 $172.00 $215.00 $266.40 → $214.75 $150.32 $171.80 $214.75 $233.00 | s4: $215.00 → $214.75 | s6: $180.00 → $180.41 | s6: $265.00 → $264.54 | s6: $370.00 → $370.39 | s7: $215.00 → $214.75 | s8: $215.00 → $214.75 | s8: $215.00 $215.00 ($200.00–$230.00) → $214.75 $214.75 ($196.50–$233.00) | s8: $215.00 → $214.75 | s8: $172.00 → $171.80 | rd/sm fv: 215 → 214.75 | rd/sm values.fvLow: 200 → 196.5 | rd/sm values.fvHigh: 230 → 233 | rd/sm values.scenarios[0].tgt: 180 → 180.41 | rd/sm values.scenarios[1].tgt: 265 → 264.54 | rd/sm values.scenarios[2].tgt: 370 → 370.39 | rd/sm sm.mos: -23.9 → -24.1",2,2,0,13,9,0,0,5,mixed,1.75
LEN,US,CLEAN,"theme.badge/chg dropped (template decoration) | analyst.target 80.85 from gauge ""เป้าเฉลี่ย Analyst"" (no values.analystTgt) | scenarios hint kept → scenarios.hintNote ""(TTM)"" | chart hint kept → text.chartHint ""ต.ค. 2568 – ก.ย. 2569"" | prose literals → tokens ×8 | rd/sm gauge.min: 30 → 20 | rd/sm gauge.max: 90 → 100",2,2,0,0,2,0,0,7,,0
LEO,TH,HUMAN,"fv legs 1 < 2 (E17) | TEXT LOST ×11: บริบท ห่างจากขายึดตลาด ไม่รวมในกรอบ FV บริบท ตระกูล เดียวกับ DDM | D: scn.bull.tgt 4.08 → 4.05 | D: prose stale copies ×1 (px@analysis) | D: s1: ~3.1% → 3.17% | D: s4: ฿1.89 → ฿2.25 | D: s4: ฿2.40 → | D: s6: ฿4.08 +135% → ฿4.05 +133% | D: s8: (฿2.06–฿2.40) → (฿2.25–฿2.25) | D: rd/sm values.fvLow: 2.06 → 2.25 | D: rd/sm values.fvHigh: 2.4 → 2.25 | D: rd/sm values.scenarios[2].tgt: 4.08 → 4.05 | D: rd/sm sm.dividendYield: 3.11 → 3.174603",3,1,11,5,6,1,0,5,,9.22
LH,TH,VALUE-DRIFT,"prose stale copies ×1 (px@analysis) | s1: ~16.4x → 16.5x | s1: ~0.82x → 0.83x | s3: ฿2.32 → ฿2.31 | s8: (฿2.32–฿3.62) → ต่ำกว่าราคาตลาด ฿3.62 ชัดเจน จึงไม่มีส่วนเผื่อความปลอดภัย ณ ราคานี้ — เหมาะกับนักลงทุนปันผลที่ทยอยสะสมเมื่อราคาย่อต่ำกว่า ฿2.99 มากกว่าไล่ราคาเพื่อหวัง capital gain ฿2.99 (฿2.31–฿3.62) | rd/sm values.fvLow: 2.32 → 2.31",3,3,0,4,3,1,1,5,mixed,0.43
LHFG,TH,HUMAN,"custom cards 6 > 4 — dropped ""ผู้ถือหุ้นใหญ่ (CTBC)""; ""Free Float"" | TEXT LOST ×11: ผู้ถือหุ้นใหญ่ CTBC CTBC Bank ไต้หวัน คุมเสียงข้างมากบอร์ดตั้งแต่ Free Float | D: scn.bear.tgt 0.98 → 0.96 | D: scn.base.tgt 1.7 → 1.71 | D: scn.bull.tgt 2.28 → 2.31 | D: prose stale copies ×2 (pe@analysis) | D: s1: ~8.0x → 7.9x | D: s1: 0.64x → 0.63x | D: s1: ~4.69% → 4.76% | D: s2: ฿1.70 → ฿1.69 | D: s3: ฿1.70 → ฿1.69 | D: s3: ฿1.70 → ฿1.69 | D: s4: ฿1.70 ฿1.19 ฿1.36 ฿1.70 N A → ฿1.69 ฿1.18 ฿1.35 ฿1.69 | D: s4: ฿1.70 → ฿1.69 | D: s4: +26%) → +25%) | D: s5: +26% → +25% | D: s5: ฿1.70 → ฿1.69 | D: s5: +26%) → +25%) | D: s6: ฿0.98 −14% → ฿0.96 −16% | D: s6: ฿1.70 +49% → ฿1.71 +50% | D: s6: ฿2.28 +98% → ฿2.31 +100% | D: s6: ฿1.70 → ฿1.69 | D: s8: ฿1.70 → ฿1.69 | D: s8: ~+26% → ~+25% | D: s8: ฿1.70 → ฿1.69 | D: s8: +26% → +25% | D: s8: (~฿1.36) → (~฿1.35) | D: rd/sm fv: 1.7 → 1.69 | D: rd/sm values.scenarios[0].tgt: 0.98 → 0.96 | D: rd/sm values.scenarios[1].tgt: 1.7 → 1.71 | D: rd/sm values.scenarios[2].tgt: 2.28 → 2.31 | D: rd/sm chart.max: 2 → 1.75 | D: rd/sm chart.grid: 0.75;1;1.25;1.5;1.75 → 0.75;1;1.25;1.5 | D: rd/sm sm.dividendYield: 4.69 → 4.761905 | D: rd/sm sm.mos: 25.9 → 25.4 | D: rd/sm sm.upside: 34.9 → 34.1 | D: rd/sm sm.fairValue: 1.7 → 1.69",2,2,11,21,11,2,6,4,,12.5
LHX,US,VALUE-DRIFT,"scn.bear.tgt 189 → 189.11 | scn.base.tgt 316 → 316.25 | scn.bull.tgt 386 → 385.69 | prose stale copies ×1 (upside@analysis) | s2: $287.00 → $286.98 | s3: $278 $287.00 → $277.94 $286.98 | s4: $287.00 $200.90 $229.60 $287.00 $296.00 $342 → $286.98 $200.89 $229.58 $286.98 $296.01 $342.00 | s4: ($287.00) → ($286.98) | s5: ($229.60) → ($229.58) | s6: $189.00 → $189.11 | s6: $316.00 → $316.25 | s6: $386.00 → $385.69 | s8: $287.00 ($278.00–$296.00) → $286.98 ($277.94–$296.01) | s8: ($287.00) → ($286.98) | s8: ($229.60) → ($229.58) | rd/sm fv: 287 → 286.98 | rd/sm values.fvLow: 278 → 277.94 | rd/sm values.fvHigh: 296 → 296.01 | rd/sm values.scenarios[0].tgt: 189 → 189.11 | rd/sm values.scenarios[1].tgt: 316 → 316.25 | rd/sm values.scenarios[2].tgt: 386 → 385.69",2,2,0,11,8,1,1,7,mixed,0.08
LII,US,VALUE-DRIFT,"scn.bear.tgt 349 → 349.25 | scn.base.tgt 681 → 680.55 | scn.bull.tgt 812 → 811.99 | prose stale copies ×2 (px@analysis) | s2: $472.00 → $472.02 | s2: $472.00 → $472.02 | s3: $402 $472.00 → $401.55 $472.02 | s3: $472.00 → $472.02 | s4: $472.00 $330.40 $377.60 $472.00 $493 $542.00 → $472.02 $330.41 $377.62 $472.02 $493.00 $542.49 | s4: $472.00 → $472.02 | s4: ($377.60) → ($377.62) | s4: ($330.40) → ($330.41) | s5: $377.60 → $377.62 | s6: $349.00 −0.7% → $349.25 −0.6% | s6: $681.00 +90% → $680.55 +89% | s6: $812.00 → $811.99 | s6: $472.00 → $472.02 | s8: $472.00 → $472.02 | s8: $472.00 ($402.00–$542.00) → $472.02 ($401.55–$542.49) | s8: ($377.60) → ($377.62) | s8: +90% → +89% | rd/sm fv: 472 → 472.02 | rd/sm values.fvLow: 402 → 401.55 | rd/sm values.fvHigh: 542 → 542.49 | rd/sm values.scenarios[0].tgt: 349 → 349.25 | rd/sm values.scenarios[1].tgt: 681 → 680.55 | rd/sm values.scenarios[2].tgt: 812 → 811.99",2,2,0,17,6,2,1,4,mixed,0.11
LIN,US,VALUE-DRIFT,"scn.bear.tgt 466 → 466.52 | scn.base.tgt 586 → 585.77 | scn.bull.tgt 719 → 718.62 | s1: 6.23 → 5.62x | s2: $495.00 → $495.23 | s3: $481 $495.00 → $480.50 $495.23 | s3: $495.00 → $495.23 | s4: $495.00 $346.50 $396.00 $468.14 $495.00 $544 → $495.23 $346.66 $396.18 $495.23 $509.95 $544.00 | s4: $495.00 → $495.23 | s5: $495.00 → $495.23 | s6: $466.00 → $466.52 | s6: $586.00 → $585.77 | s6: $719.00 → $718.62 | s8: $495.00 ($481.00–$510.00) → $495.23 ($480.50–$509.95) | s8: $396.00 → $396.18 | s8: $346.50) → $346.66) | rd/sm fv: 495 → 495.23 | rd/sm values.fvLow: 481 → 480.5 | rd/sm values.fvHigh: 510 → 509.95 | rd/sm values.scenarios[0].tgt: 466 → 466.52 | rd/sm values.scenarios[1].tgt: 586 → 585.77 | rd/sm values.scenarios[2].tgt: 719 → 718.62",2,2,0,13,8,0,0,5,multi-rounding,0.11
LITE,US,HUMAN,"scenarios.driver ""FY27 ตามเป้า FY28 +5% แล้วตัน"" not in [""eps"";""ffo"";""revenuePerShare"";""bvps"";""fcfPerShare"";""de"";""fre""] | TEXT LOST ×13: FY ตามเป้า FY28 แล้วตัน FY29 FY FY29 FY29 | D: scn.bear.tgt 502 → 319.19 | D: scn.base.tgt 1184 → 1184.4 | D: scn.bull.tgt 1835 → 2534.74 | D: prose stale copies ×6 (pe@analysis;px@analysis) | D: s1: ~107.2x → 42.9x | D: s2: $595.00 → $594.46 | D: s3: $593 $595.00 → $593.00 $594.46 | D: s4: $595.00 $416.50 $476.00 $595.00 $929.04 → $594.46 $416.12 $475.57 $594.46 $595.93 | D: s4: $595.00 → $594.46 | D: s5: $595.00 → $594.46 | D: s5: $476.00–$595.00 → $475.57–$594.46 | D: s6: $1;835.00 +98% (+26% → | D: s8: $595.00 → $594.46 | D: s8: $595.00 ($464.00–$730.00) → $594.46 ($593.00–$595.93) | D: s8: $595.00 → $594.46 | D: s8: $476.00 → $475.57 | D: s6: 3 (FY29) $22.8 → $14.51 | D: s6: → FY29 +30% $1;184.00 → ปี $1;184.40 | D: s6: EPS ปี 3 (FY29) $42.3 → $42.30 | D: s6: (ตาม consensus) → FY29 → ปี $2;534.74 +173% | D: s6: EPS ปี 3 (FY29) $55.6 → $76.81 | D: rd/sm fv: 595 → 594.46 | D: rd/sm values.fvLow: 464 → 593 | D: rd/sm values.fvHigh: 730 → 595.93 | D: rd/sm values.scenarios[0].tgt: 502 → 319.19 | D: rd/sm values.scenarios[1].tgt: 1184 → 1184.4 | D: rd/sm values.scenarios[2].tgt: 1835 → 2534.74 | D: rd/sm sm.mos: -56.1 → -56.3",2,2,13,17,9,6,4,13,,38.13
LLY,US,VALUE-DRIFT,"prose stale copies ×1 (pe@analysis) | s1: ~38.70x → 39.7x | s1: 33.02x → 33.85x | s2: $1;177.00 → $1;177.06 | s2: ($1;177.00) → ($1;177.06) | s3: $999 $1;177.00 → $998.67 $1;177.06 | s3: $1;177.00 → $1;177.06 | s3: $1;000.00–$1;355.00) → $998.67–$1;355.45) | s4: $1;177.00 $823.90 $941.60 $1;177.00 $1325 $1;355.00 → $1;177.06 $823.94 $941.65 $1;177.06 $1;325.00 $1;355.45 | s4: $1;177.00 → $1;177.06 | s4: $823.90–$941.60 → $823.94–$941.65 | s5: $1;177.00 → $1;177.06 | s6: $1110 -4% → $1;110.21 −6% | s6: $1704 +48% → $1;703.95 +44% | s6: $2261 +96% → $2;261.03 +91% | s8: $1;177.00 → $1;177.06 | s8: $1;177.00 ($1;000.00–$1;355.00) → $1;177.06 ($998.67–$1;355.45) | s8: $941.60 → $941.65 | s8: $823.90 → $823.94 | rd/sm fv: 1177 → 1177.06 | rd/sm values.fvLow: 1000 → 998.67 | rd/sm values.fvHigh: 1355 → 1355.45 | rd/sm sm.pe: 38.7 → 39.674052",2,2,0,18,6,1,1,7,mixed,2.52
LMT,US,HUMAN,"TEXT LOST ×2: JanFeb peak | D: scn.bear.tgt 458 → 457.5 | D: scn.base.tgt 673 → 672.55 | D: scn.bull.tgt 900 → 899.86 | D: prose stale copies ×1 (pe@analysis) | D: s3: $460 $504.00 → $460.00 $504.11 | D: s4: $504.00 $352.80 $403.20 $504.00 $548 $640 → $504.11 $352.88 $403.29 $504.11 $548.23 $640.00 | D: s4: $504.00 → $504.11 | D: s6: $458.00 → $457.50 | D: s6: $673.00 → $672.55 | D: s6: $900.00 → $899.86 | D: s8: $504.00 → $504.11 | D: s8: $504.00 ($460.00–$548.00) → $504.11 ($460.00–$548.23) | D: s8: $403.20–$504.00 → $403.29–$504.11 | D: s8: $352.80 → $352.88 | D: s2: $504.00 (Jan–Feb 26 peak) → $504.11 | D: rd/sm fv: 504 → 504.11 | D: rd/sm values.fvHigh: 548 → 548.23 | D: rd/sm values.scenarios[0].tgt: 458 → 457.5 | D: rd/sm values.scenarios[1].tgt: 673 → 672.55 | D: rd/sm values.scenarios[2].tgt: 900 → 899.86",2,2,2,11,7,1,1,7,,0.11
LNG,US,VALUE-DRIFT,"scn.base.tgt 188.4 → 188.45 | scn.bull.tgt 330.9 → 330.94 | s2: $202.00 → $201.69 | s3: $202.00 → $201.69 | s4: $202.00 $141.40 $161.60 $202.00 $254.00 $310 → $201.69 $141.18 $161.35 $201.69 $253.77 $310.00 | s4: $202.00 → $201.69 | s6: $188.40 → $188.45 | s6: $330.90 → $330.94 | s8: $202.00 → $201.69 | s8: $202.00 ($150.00–$254.00) → $201.69 ($149.60–$253.77) | s8: $161.60 → $161.35 | rd/sm fv: 202 → 201.69 | rd/sm values.fvLow: 150 → 149.6 | rd/sm values.fvHigh: 254 → 253.77 | rd/sm values.scenarios[1].tgt: 188.4 → 188.45 | rd/sm values.scenarios[2].tgt: 330.9 → 330.94 | rd/sm sm.mos: -36.8 → -37",2,2,0,9,8,0,2,9,multi-rounding,0.27
LNT,US,HUMAN,"scenarios.cases[0] .ret annotation ""รวม / ~2.9%/ปี"" not carried — a per-year/number label would mislabel the v3 total return | scenarios.cases[1] .ret annotation ""รวม / ~9.2%/ปี"" not carried — a per-year/number label would mislabel the v3 total return | scenarios.cases[2] .ret annotation ""รวม / ~15.6%/ปี"" not carried — a per-year/number label would mislabel the v3 total return | TEXT LOST ×4: LNT รวม รวม รวม | D: scn.bear.tgt $62.16 → 62.15 | D: prose stale copies ×1 (pe@analysis) | D: s1: ~$16.42 → $16.4B | D: s1: ~18.4% → · | D: s6: $62.16 +8.9% รวม 2.9% ปี → $62.15 +9% | D: s6: +30.3% รวม 9.2% ปี → +30% | D: s6: +54.3% รวม 15.6% ปี → +54%",2,2,4,5,2,1,1,7,,0
LOW,US,VALUE-DRIFT,"scn.bear.tgt 181 → 180.38 | scn.base.tgt 266 → 265.68 | scn.bull.tgt 310 → 309.47 | prose stale copies ×1 (px@analysis) | s2: $224.00 → $224.28 | s2: $224.00 → $224.28 | s3: $219 $224.00 → $219.06 $224.28 | s3: $224.00 → $224.28 | s4: $224.00 $156.80 $179.20 $224.00 $230.00 $252 → $224.28 $157.00 $179.42 $224.28 $229.50 $252.00 | s4: ($179.20) → ($179.42) | s4: ($224.00) → ($224.28) | s4: <$179.20 → <$179.42 | s4: <$156.80 → <$157.00 | s6: $181.00 +5% → $180.38 +4% | s6: $11.14 → $11.13 | s6: $266.00 → $265.68 | s6: $310.00 → $309.47 | s8: $224.00 → $224.28 | s8: $224.00 ($219.00–$230.00) → $224.28 ($219.06–$229.50) | s8: $224.00 → $224.28 | s8: <$179.20 → <$179.42 | s8: $224.00 → $224.28 | rd/sm fv: 224 → 224.28 | rd/sm values.fvLow: 219 → 219.06 | rd/sm values.fvHigh: 230 → 229.5 | rd/sm values.scenarios[0].tgt: 181 → 180.38 | rd/sm values.scenarios[1].tgt: 266 → 265.68 | rd/sm values.scenarios[2].tgt: 310 → 309.47 | rd/sm sm.upside: 18.8 → 19",2,2,0,18,9,1,1,10,mixed,0.34
LPH,TH,HUMAN,"TEXT LOST ×3: Healthcare โรงพยาบาลเอกชน SET",2,2,3,0,1,0,1,5,,0
LPLA,US,VALUE-DRIFT,"scn.bear.tgt 243.4 → 243.35 | scn.base.tgt 422.88 → 422.83 | scn.bull.tgt 618 → 618.11 | prose:prose.strategy ""$195"" → {{mos20}} | prose stale copies ×3 (px@analysis;pe@analysis) | s1: -18.5% → 18.5% | s6: $243.40 → $243.35 | s6: $422.88 → $422.83 | s6: $618.00 → $618.11 | rd/sm values.scenarios[0].tgt: 243.4 → 243.35 | rd/sm values.scenarios[1].tgt: 422.88 → 422.83 | rd/sm values.scenarios[2].tgt: 618 → 618.11",2,2,0,4,5,3,0,5,mixed,0.02
LRCX,US,HUMAN,"failed before compare — compute: meta.sources: ต้องเป็น array ของข้อความ 3–8 ข้อ | sources < 3 (0) | schema meta.sources: ต้องเป็น array ของข้อความ 3–8 ข้อ",2,2,0,0,0,0,1,6,,0
LSCC,US,HUMAN,"custom cards 5 > 4 — dropped ""EPS Q2 2026 (non-GAAP)"" | TEXT LOST ×5: EPS nonGAAP รายงานล่าสุด งบถัดไป พย | D: scn.bear.tgt 90 → 89.77 | D: scn.base.tgt 147 → 147.23 | D: scn.bull.tgt 214 → 214.41 | D: prose:meta.priceNote ""$157.01"" → {{px}} | D: header: ~$157.01 • $60.5–$157.01 → ~$122.22) $60.50 – $157.01 | D: s2: $85.00 → $84.79 | D: s3: $75 $85.00 → $74.79 $84.79 | D: s4: $85.00 $59.50 $68.00 $85.00 $157.01 → $84.79 $59.35 $67.83 $84.79 $94.79 $164.54 | D: s4: $85.00 → $84.79 | D: s5: $85.00 → $84.79 | D: s6: $90.00 −26% → $89.77 −27% | D: s6: $147.00 → $147.23 | D: s6: $214.00 → $214.41 | D: s8: $85.00 → $84.79 | D: s8: $85.00 ($75.00–$95.00) → $84.79 ($74.79–$94.79) | D: s8: $85.00 → $84.79 | D: s8: $68.00; → $67.83; | D: s8: $59.50) → $59.35) | D: s1: EPS Q2 2026 (non-GAAP) $0.53 รายงานล่าสุด • งบถัดไป 2 พ.ย. 2026 0% → 0.00% | D: rd/sm fv: 85 → 84.79 | D: rd/sm values.fvLow: 75 → 74.79 | D: rd/sm values.fvHigh: 95 → 94.79 | D: rd/sm values.scenarios[0].tgt: 90 → 89.77 | D: rd/sm values.scenarios[1].tgt: 147 → 147.23 | D: rd/sm values.scenarios[2].tgt: 214 → 214.41 | D: rd/sm sm.pe: 52 → 57.380282 | D: rd/sm sm.mos: -43.8 → -44.1",2,2,5,15,9,0,5,9,,10.35
LULU,US,HUMAN,"TEXT LOST ×2: บริบท ไม่นับในค่าเฉลี่ย | D: scn.bear.tgt 72 → 72.46 | D: scn.base.tgt 130 → 130.44 | D: scn.bull.tgt 211 → 211.07 | D: prose stale copies ×4 (pe@analysis) | D: s2: $142.00 → $142.16 | D: s3: $106 $142.00 → $106.00 $142.16 | D: s3: $142.00 → $142.16 | D: s4: $142.00 $99.40 → $142.16 $99.51 | D: s4: $113.60 $142.00 $164.00 → $113.73 $142.16 $164.33 | D: s4: $142.00 → $142.16 | D: s4: +28% → +29% | D: s4: ($99.40) → ($99.51) | D: s4: $113.60 → $113.73 | D: s4: $99.40 → $99.51 | D: s5: +28% → +29% | D: s5: ~+28% → ~+29% | D: s6: $72.00 → $72.46 | D: s6: $130.00 → $130.44 | D: s6: $211.00 → $211.07 | D: s8: $142.00 → $142.16 | D: s8: +28% → +29% | D: s8: $142.00 ($120.00–$164.00) → $142.16 ($120.00–$164.33) | D: s8: +28% → +29% | D: s8: ($113.60 $99.40) → ($113.73 $99.51) | D: rd/sm fv: 142 → 142.16 | D: rd/sm values.fvHigh: 164 → 164.33 | D: rd/sm values.scenarios[0].tgt: 72 → 72.46 | D: rd/sm values.scenarios[1].tgt: 130 → 130.44 | D: rd/sm values.scenarios[2].tgt: 211 → 211.07 | D: rd/sm sm.upside: 39.7 → 39.9",3,2,2,20,8,4,0,11,,0.64
LVS,US,VALUE-DRIFT,"scn.bear.tgt $29.16 → 29.14 | scn.base.tgt $56.94 → 57 | scn.bull.tgt $84.28 → 84.36 | prose stale copies ×3 (pe@analysis;mos@analysis) | s1: ~15.5x → 15.0x | s1: $39.73 → | s4: $57.00 → | s6: $29.16 −24.6% → $29.14 −25% | s6: $56.94 +47.3% → $57.00 +47% | s6: $84.28 +118.1% → $84.36 +118% | s8: ($37.00–$57.00) → ($31.80–$59.34) | rd/sm values.fvLow: 37 → 31.8 | rd/sm values.fvHigh: 57 → 59.34 | rd/sm sm.pe: 15.5 → 14.98062",3,3,0,7,5,3,1,8,mixed,14.05
LWLG,US,HUMAN,"failed before compare — compute: scenarios.cases[0].growth: ต้องมี (ตัวเลข) | era mismatch footer BE ≠ values.dateEra CE | scenarios.cases[0].growth unreadable (""รายได้ปี 3 $5M"") | scenarios.cases[0] .ret annotation ""(≈ −57%/ปี)"" not carried — a per-year/number label would mislabel the v3 total return | scenarios.cases[1].growth unreadable (""รายได้ปี 3 $30M"") | scenarios.cases[1] .ret annotation ""(≈ −20%/ปี)"" not carried — a per-year/number label would mislabel the v3 total return | scenarios.cases[2].growth unreadable (""รายได้ปี 3 $100M"") | scenarios.cases[2] .ret annotation ""(≈ +46%/ปี)"" not carried — a per-year/number label would mislabel the v3 total return | scenarios: no base for driver revenuePerShare (fundamentals and printed end value both missing) | schema scenarios.cases[0].growth: ต้องมี (ตัวเลข) | schema scenarios.cases[1].growth: ต้องมี (ตัวเลข) | schema scenarios.cases[2].growth: ต้องมี (ตัวเลข) | custom cards 8 > 4 — dropped ""ROE""; ""R&D + G&A (Q2)""; ""เงินสด (สิ้น Q2)""; ""Cash burn""",3,2,0,0,0,0,8,14,,0
LYB,US,VALUE-DRIFT,"prose stale copies ×1 (px@analysis) | s1: −$1.12 → ~$-1.12 | s2: $79.92 → $79.93 | s3: $79.92 → $79.93 | s3: $79.92 → $79.93 | s4: $79.92 $55.94 → $79.93 $55.95 | s4: $79.92 → $79.93 | s4: ($79.92) → ($79.93) | s4: ($55.94) → ($55.95) | s8: $79.92 → $79.93 | s8: $79.92 → $79.93 | s8: ($55.94) → ($55.95) | rd/sm fv: 79.92 → 79.93 | rd/sm sm.pe: 8.2 → null",2,2,0,11,3,1,1,7,mixed,0.01
LYV,US,HUMAN,"custom cards 6 > 4 — dropped ""ROE / ROIC""; ""แฟนที่เข้าชม FY2025"" | TEXT LOST ×17: ROE ROIC ROE ไม่มีความหมาย equity ต่ำ แฟนที่เข้าชม FY2025 | D: scn.bear.tgt 73.8 → 73.82 | D: scn.base.tgt 151.8 → 151.84 | D: s1: −$1.11 → ~$-1.11 | D: s2: $114.15 → $113.91 | D: s3: $120.50 → $120.25 | D: s3: $107.80 $114.15 → $107.57 $113.91 | D: s3: $114.15 → $113.91 | D: s4: $114.15 $79.91 $91.32 $114.15 $120.50 → $113.91 $79.74 $91.13 $113.91 $120.25 | D: s4: ($107.80–$120.50) → ($107.57–$120.25) | D: s4: $79.91–$91.32 → $79.74–$91.13 | D: s5: $114.15 → $113.91 | D: s6: $73.80 → $73.82 | D: s6: $151.80 → $151.84 | D: s7: $114.15 → $113.91 | D: s8: $114.15 ($107.80–$120.50) → $113.91 ($107.57–$120.25) | D: s8: $79.91–$91.32 → $79.74–$91.13 | D: s1: แฟนที่เข้าชม FY2025 159 ล้านคน ▲ +8M คน • 55;000 คอนเสิร์ต → 0.00% | D: rd/sm fv: 114.15 → 113.91 | D: rd/sm values.fvLow: 107.8 → 107.57 | D: rd/sm values.fvHigh: 120.5 → 120.25 | D: rd/sm values.scenarios[0].tgt: 73.8 → 73.82 | D: rd/sm values.scenarios[1].tgt: 151.8 → 151.84 | D: rd/sm sm.mos: -49.9 → -50.2",2,2,17,15,8,0,6,11,,0.3
M,TH,HUMAN,"TEXT LOST ×1: ตคธค | D: prose:prose.gauge ""+12.0%"" → {{analyst.pct}} | D: s4: (+12.0% → (+14%",3,3,1,1,1,0,2,9,,0
MA,US,HUMAN,"TEXT LOST ×2: ตระกูลกระแสเงินสด แยกจาก | D: scn.bear.tgt 550 → 549.64 | D: scn.base.tgt 830 → 829.49 | D: scn.bull.tgt 1042 → 1041.63 | D: s1: 65.9x → 74.68x | D: s1: A* 25.0% → A · | D: s2: $615.00 → $615.24 | D: s3: $609 $615.00 → $608.73 $615.24 | D: s4: $615.00 $430.50 $492.00 $615.00 $640.00 $667 → $615.24 $430.67 $492.19 $615.24 $621.76 $667.00 | D: s4: $615.00 → $615.24 | D: s4: ($492.00) → ($492.19) | D: s4: ($430.50) → ($430.67) | D: s6: $550.00 −0.5% → $549.64 −0.6% | D: s6: $830.00 → $829.49 | D: s6: $1;042.00 → $1;041.63 | D: s8: $615.00 → $615.24 | D: s8: $615.00 ($590.00–$640.00) → $615.24 ($608.73–$621.76) | D: s8: ($492.00) → ($492.19) | D: s8: ($430.50) → ($430.67) | D: rd/sm fv: 615 → 615.24 | D: rd/sm values.fvLow: 590 → 608.73 | D: rd/sm values.fvHigh: 640 → 621.76 | D: rd/sm values.scenarios[0].tgt: 550 → 549.64 | D: rd/sm values.scenarios[1].tgt: 830 → 829.49 | D: rd/sm values.scenarios[2].tgt: 1042 → 1041.63",2,2,2,15,8,0,0,4,,3.17
MAA,US,VALUE-DRIFT,"scn.bear.tgt 102 → 101.99 | scn.base.tgt 134 → 133.84 | scn.bull.tgt 167 → 166.58 | s2: $126.00 → $126.13 | s3: $140 $126.00 → $140.08 $126.13 | s3: $126.00 → $126.13 | s4: $126.00 $88.20 $100.80 $126.00 $140.00 $143 → $126.13 $88.29 $100.90 $126.13 $140.08 $143.00 | s4: $126.00 → $126.13 | s4: $100.80 → $100.90 | s4: $88.20 → $88.29 | s6: $102.00 → $101.99 | s6: $134.00 → $133.84 | s6: $167.00 → $166.58 | s8: $126.00 → $126.13 | s8: $100.80 → $100.90 | s8: $126.00 ($112.00–$140.00) → $126.13 ($112.18–$140.08) | s8: $100.80 → $100.90 | rd/sm fv: 126 → 126.13 | rd/sm values.fvLow: 112 → 112.18 | rd/sm values.fvHigh: 140 → 140.08 | rd/sm values.scenarios[0].tgt: 102 → 101.99 | rd/sm values.scenarios[1].tgt: 134 → 133.84 | rd/sm values.scenarios[2].tgt: 167 → 166.58",2,2,0,14,8,0,4,13,multi-rounding,0.25
MAJOR,TH,HUMAN,"scenarios.cases[0] .ret annotation ""/ปี"" not carried — a per-year/number label would mislabel the v3 total return | scenarios.cases[1] .ret annotation ""/ปี"" not carried — a per-year/number label would mislabel the v3 total return | scenarios.cases[2] .ret annotation ""/ปี"" not carried — a per-year/number label would mislabel the v3 total return | D: scn.bear.tgt ฿6.72 → 6.73 | D: scn.bull.tgt ฿17.70 → 17.72 | D: prose stale copies ×3 (px@analysis) | D: s2: ฿9.60 → ฿9.58 | D: s2: ฿9.60 → ฿9.58 | D: s3: ฿10.10 → ฿10.08 | D: s3: ฿12.13 ฿9.60 → ฿12.10 ฿9.58 | D: s3: ฿9.60 → ฿9.58 | D: s4: ฿9.60 ฿6.72 ฿7.68 ฿9.60 → ฿9.58 ฿6.71 ฿7.66 ฿9.58 | D: s4: ฿12.13 → ฿12.10 | D: s4: ฿9.60 → ฿9.58 | D: s4: (฿6.72) → (฿6.71) | D: s6: ฿6.72 +2.4% ปี → ฿6.73 +4% | D: s6: +24.1% ปี → +84% | D: s6: ฿17.70 +38.0% ปี → ฿17.72 +161% | D: s8: ฿9.60 → ฿9.58 | D: s8: ฿9.60 (฿6.56–฿12.13) → ฿9.58 (฿6.56–฿12.10) | D: s8: ฿6.72–฿7.00 → ฿6.71–฿7.00 | D: rd/sm fv: 9.6 → 9.58 | D: rd/sm values.fvHigh: 12.13 → 12.1 | D: rd/sm sm.mos: 25 → 24.8 | D: rd/sm sm.upside: 33.3 → 33.1",3,3,0,15,6,3,1,11,,0.25
MANH,US,VALUE-DRIFT,"scn.bear.tgt 133.7 → 133.48 | scn.base.tgt 223.2 → 222.97 | scn.bull.tgt 315.15 → 315.38 | prose stale copies ×3 (pe@analysis) | s1: ~58.4x → 57.91x | s6: $133.70 → $133.48 | s6: $3.82 → $3.81 | s6: $223.20 → $222.97 | s6: $315.15 → $315.38 | rd/sm values.scenarios[0].tgt: 133.7 → 133.48 | rd/sm values.scenarios[1].tgt: 223.2 → 222.97 | rd/sm values.scenarios[2].tgt: 315.15 → 315.38",2,2,0,5,4,3,2,7,mixed,0.16
MAR,US,VALUE-DRIFT,"scn.bear.tgt 299.6 → 299.62 | scn.base.tgt 389.5 → 389.47 | scn.bull.tgt 466.5 → 466.46 | s2: $308.00 → $308.12 | s2: $308.00 → $308.12 | s3: $341.52 $308.00 → $341.50 $308.12 | s3: $308.00 → $308.12 | s3: $275.00–$342.00 → $274.74–$341.50 | s4: $308.00 $215.60 $246.40 $308.00 $342.00 $381 → $308.12 $215.68 $246.50 $308.12 $341.50 $381.00 | s4: $308.00 → $308.12 | s4: $246.40 → $246.50 | s6: $299.60 → $299.62 | s6: $389.50 → $389.47 | s6: $466.50 → $466.46 | s8: $308.00 → $308.12 | s8: $308.00 → $308.12 | s8: $246.40 $308.00 ($275.00–$342.00) → $246.50 $308.12 ($274.74–$341.50) | s8: $308.00 → $308.12 | s8: $246.40 → $246.50 | rd/sm fv: 308 → 308.12 | rd/sm values.fvLow: 275 → 274.74 | rd/sm values.fvHigh: 342 → 341.5 | rd/sm values.scenarios[0].tgt: 299.6 → 299.62 | rd/sm values.scenarios[1].tgt: 389.5 → 389.47 | rd/sm values.scenarios[2].tgt: 466.5 → 466.46",2,2,0,16,6,0,3,6,multi-rounding,0.15
MAS,US,VALUE-DRIFT,"scn.base.tgt $88.18 → 88.22 | scn.bull.tgt $112.20 → 112.15 | prose stale copies ×1 (pe@analysis) | s2: $65.00 → $65.11 | s2: $65.00 → $65.11 | s3: $65.00 → $65.11 | s3: $65.00 → $65.11 | s3: (−4%) → (−3%) | s4: $65.00 $45.50 $52.00 $65.00 $76.00 $80 → $65.11 $45.58 $52.09 $65.11 $76.21 $80.00 | s4: $65.00 → $65.11 | s4: (−4%) → (−3%) | s4: $65.00 → $65.11 | s4: $52.00 → $52.09 | s5: −4% → −3% | s6: $88.18 +31.0% → $88.22 +31% | s6: $112.20 +66.7% → $112.15 +67% | s8: $65.00 → $65.11 | s8: (−4%) → (−3%) | s8: $65.00 → $65.11 | s8: $65.00 ($54.00–$76.00) → $65.11 ($54.02–$76.21) | s8: −4% → −3% | s8: $65.00 → $65.11 | s8: $52.00 → $52.09 | rd/sm fv: 65 → 65.11 | rd/sm values.fvLow: 54 → 54.02 | rd/sm values.fvHigh: 76 → 76.21 | rd/sm sm.mos: -3.6 → -3.4",2,2,0,20,6,1,2,8,mixed,0.28
MASTER,TH,HUMAN,"scenarios.cases[0] .ret annotation ""(~−10.7%/ปี)"" not carried — a per-year/number label would mislabel the v3 total return | scenarios.cases[1] .ret annotation ""(~+17.9%/ปี)"" not carried — a per-year/number label would mislabel the v3 total return | scenarios.cases[2] .ret annotation ""(~+37.3%/ปี)"" not carried — a per-year/number label would mislabel the v3 total return | D: scn.bear.tgt ฿6.10 → 6.09 | D: scn.base.tgt ฿14.00 → 13.96 | D: scn.bull.tgt ฿22.14 → 22.08 | D: s6: ฿6.10 −28.7% (~−10.7% ปี) → ฿6.09 −29% | D: s6: ฿14.00 +63.7% (~+17.9% ปี) → ฿13.96 +63% | D: s6: ฿22.14 +158.9% (~+37.3% ปี) → ฿22.08 +158%",2,2,0,3,2,0,1,10,,0
MBK,TH,HUMAN,"TEXT LOST ×4: มัธยฐานย้อนหลัง ปีของ MBK เอง | D: scn.base.tgt 29.49 → 29.48 | D: prose stale copies ×2 (px@analysis) | D: s2: ฿24.77 → ฿24.76 | D: s3: ฿24.77 → ฿24.76 | D: s4: ฿24.77 ฿17.34 ฿19.82 ฿24.77 → ฿24.76 ฿17.33 ฿19.81 ฿24.76 | D: s4: ฿24.77 → ฿24.76 | D: s4: (฿19.82) → (฿19.81) | D: s5: ฿24.77 → ฿24.76 | D: s6: ฿29.49 → ฿29.48 | D: s8: ฿24.77 → ฿24.76 | D: s8: (฿19.82) → (฿19.81) | D: s8: (฿17.34) → (฿17.33) | D: rd/sm fv: 24.77 → 24.76 | D: rd/sm values.scenarios[1].tgt: 29.49 → 29.48",2,2,4,10,4,2,2,4,,0.04
MBLY,US,HUMAN,"TEXT LOST ×1: ตระกูลเดียวกับข้อ | D: scn.bear.tgt 4.4 → 4.37 | D: scn.bull.tgt 24.6 → 24.59 | D: s1: −$4.98 → ~$-4.98 | D: s6: $4.40 → $4.37 | D: s6: $24.60 → $24.59 | D: rd/sm values.scenarios[0].tgt: 4.4 → 4.37 | D: rd/sm values.scenarios[2].tgt: 24.6 → 24.59",2,2,1,3,4,0,3,7,,0.68
MC,TH,VALUE-DRIFT,"scn.bear.tgt 7.6 → 7.63 | scn.base.tgt 13 → 13.01 | scn.bull.tgt 17.8 → 17.77 | s1: 2.52x → 2.43x | s6: ฿7.60 → ฿7.63 | s6: ฿13.00 → ฿13.01 | s6: ฿17.80 → ฿17.77 | rd/sm values.scenarios[0].tgt: 7.6 → 7.63 | rd/sm values.scenarios[1].tgt: 13 → 13.01 | rd/sm values.scenarios[2].tgt: 17.8 → 17.77",2,2,0,4,5,0,0,4,scn-tgt,0.39
MCD,US,VALUE-DRIFT,"scn.bear.tgt 299.27 → 299.26 | scn.base.tgt 346.84 → 346.85 | scn.bull.tgt 382.61 → 382.6 | s2: $271.00 → $271.04 | s3: $271.00 → $271.04 | s3: $271.00 → $271.04 | s4: $271.00 $189.70 $216.80 $271.00 $305.00 $312 → $271.04 $189.73 $216.83 $271.04 $305.29 $311.55 | s4: $271.00 → $271.04 | s4: ($216.80) → ($216.83) | s6: $299.27 → $299.26 | s6: $346.84 → $346.85 | s6: $382.61 → $382.60 | s8: $271.00 → $271.04 | s8: $271.00 ($237.00–$305.00) → $271.04 ($236.79–$305.29) | s8: ($216.80) → ($216.83) | rd/sm fv: 271 → 271.04 | rd/sm values.fvLow: 237 → 236.79 | rd/sm values.fvHigh: 305 → 305.29 | rd/sm values.scenarios[0].tgt: 299.27 → 299.26 | rd/sm values.scenarios[1].tgt: 346.84 → 346.85 | rd/sm values.scenarios[2].tgt: 382.61 → 382.6",2,2,0,12,8,0,1,4,multi-rounding,0.1
MCHP,US,VALUE-DRIFT,"scn.bear.tgt 56 → 56.33 | scn.base.tgt 101 → 101.15 | scn.bull.tgt 144 → 144.33 | s2: $68.50 → $68.77 | s3: $88 → $88.54 | s3: $49 $68.50 → $49.00 $68.77 | s3: $68.50 → $68.77 | s3: $49.00–$88.00 → $49.00–$88.54 | s4: $68.50 $47.95 $54.80 $68.50 $88.00 → $68.77 $48.14 $55.02 $68.77 $88.54 | s4: ($68.50) → ($68.77) | s4: ($49.00–$88.00) → ($49.00–$88.54) | s5: $68.50 → $68.77 | s5: ($54.80) → ($55.02) | s5: ($47.95) → ($48.14) | s6: $56.00 → $56.33 | s6: $101.00 → $101.15 | s6: $144.00 → $144.33 | s8: $68.50 ($49.00–$88.00) → $68.77 ($49.00–$88.54) | s8: ($54.80) → ($55.02) | s8: ($47.95) → ($48.14) | rd/sm fv: 68.5 → 68.77 | rd/sm values.fvHigh: 88 → 88.54 | rd/sm values.scenarios[0].tgt: 56 → 56.33 | rd/sm values.scenarios[1].tgt: 101 → 101.15 | rd/sm values.scenarios[2].tgt: 144 → 144.33 | rd/sm sm.mos: -9 → -8.6 | rd/sm sm.upside: -8.3 → -7.9",2,2,0,17,9,0,2,10,multi-rounding,0.61
MCK,US,VALUE-DRIFT,"scn.bear.tgt 803 → 802.64 | scn.base.tgt 1027 → 1027.52 | scn.bull.tgt 1261 → 1260.6 | prose stale copies ×1 (px@analysis) | s2: $808.00 → $807.53 | s3: $840 $808.00 → $839.23 $807.53 | s3: $808.00 → $807.53 | s4: $808.00 $565.60 $646.40 $808.00 $840.00 $981 → $807.53 $565.27 $646.02 $807.53 $839.23 $981.00 | s4: ($808.00) → ($807.53) | s6: $803.00 → $802.64 | s6: $1;027.00 → $1;027.52 | s6: $1;261.00 → $1;260.60 | s8: $808.00 → $807.53 | s8: $808.00 ($776.00–$840.00) → $807.53 ($775.84–$839.23) | s8: $808.00) → $807.53) | s8: ($646.40) → ($646.02) | rd/sm fv: 808 → 807.53 | rd/sm values.fvLow: 776 → 775.84 | rd/sm values.fvHigh: 840 → 839.23 | rd/sm values.scenarios[0].tgt: 803 → 802.64 | rd/sm values.scenarios[1].tgt: 1027 → 1027.52 | rd/sm values.scenarios[2].tgt: 1261 → 1260.6 | rd/sm sm.pe: 22.7 → 23.195304",2,2,0,12,9,1,2,8,mixed,2.18
MCO,US,VALUE-DRIFT,"scn.bear.tgt 477 → 477.22 | scn.base.tgt 720 → 719.47 | scn.bull.tgt 877 → 877.51 | s1: ~22.7x → 22.53x | s2: $585.00 → $584.16 | s3: $572 $585.00 → $571.78 $584.16 | s4: $585.00 $409.50 $468.00 → $584.16 $408.91 $467.33 | s4: $585.00 $597.00 → $584.16 $596.55 | s4: $585.00 → $584.16 | s4: ($468.00) → ($467.33) | s4: ($409.50) → ($408.91) | s5: ($468.00) → ($467.33) | s6: $477.00 → $477.22 | s6: $720.00 → $719.47 | s6: $877.00 → $877.51 | s8: $585.00 → $584.16 | s8: $585.00 ($572.00–$597.00) → $584.16 ($571.78–$596.55) | s8: ($468.00) → ($467.33) | rd/sm fv: 585 → 584.16 | rd/sm values.fvLow: 572 → 571.78 | rd/sm values.fvHigh: 597 → 596.55 | rd/sm values.scenarios[0].tgt: 477 → 477.22 | rd/sm values.scenarios[1].tgt: 720 → 719.47 | rd/sm values.scenarios[2].tgt: 877 → 877.51 | rd/sm sm.upside: 25.2 → 25",2,2,0,15,8,0,1,5,multi-rounding,0.2
MDLN,US,VALUE-DRIFT,"scn.bear.tgt 22.16 → 22.22 | scn.base.tgt 35.23 → 35.26 | scn.bull.tgt 42.67 → 42.78 | s1: ~39.5x → 43.3x | s6: $22.16 → $22.22 | s6: $1.70 → $1.71 | s6: $35.23 +1.6% → $35.26 +1.7% | s6: $42.67 → $42.78 | s6: $2.13 → $2.14 | rd/sm values.scenarios[0].tgt: 22.16 → 22.22 | rd/sm values.scenarios[1].tgt: 35.23 → 35.26 | rd/sm values.scenarios[2].tgt: 42.67 → 42.78 | rd/sm sm.pe: 39.5 → 43.325",2,2,0,6,6,0,3,10,mixed,9.68
MDLZ,US,VALUE-DRIFT,"scn.bear.tgt 44.5 → 44.54 | scn.base.tgt 71 → 70.62 | scn.bull.tgt 89 → 89.31 | s2: $59.00 → $58.91 | s3: $62 $59.00 → $62.40 $58.91 | s3: $59.00 → $58.91 | s4: $59.00 $41.30 $47.20 $59.00 → $58.91 $41.24 $47.13 $58.91 $62.40 | s4: $75 → | s4: $59.00 → $58.91 | s4: $59.00 → $58.91 | s4: $47.20 → $47.13 | s4: $41.30 → $41.24 | s6: $44.50 → $44.54 | s6: $2.77 → $2.78 | s6: $71.00 +28% $3.51 → $70.62 +27% $3.53 | s6: $89.00 → $89.31 | s6: $4.03 → $4.06 | s8: $59.00 → $58.91 | s8: $59.00 → $58.91 | s8: $47.20) → $47.13) | s8: $59.00 ($55.00–$62.00) → $58.91 ($55.42–$62.40) | s8: $59.00 → $58.91 | rd/sm fv: 59 → 58.91 | rd/sm values.fvLow: 55 → 55.42 | rd/sm values.fvHigh: 62 → 62.4 | rd/sm values.scenarios[0].tgt: 44.5 → 44.54 | rd/sm values.scenarios[1].tgt: 71 → 70.62 | rd/sm values.scenarios[2].tgt: 89 → 89.31 | rd/sm sm.pe: 20 → 22.29304",2,2,0,19,9,0,0,7,mixed,11.47
MDT,US,HUMAN,"TEXT LOST ×3: MDT Medtronic plc | D: scn.base.tgt 107.39 → 107.4 | D: prose stale copies ×1 (pe@analysis) | D: s2: $109.00 → $109.10 | D: s3: $109.00 → $109.10 | D: s4: $109.00 $76.30 $87.20 → $109.10 $76.37 $87.28 | D: s4: $109.00 $121.00 → $109.10 $121.39 | D: s4: $109.00 → $109.10 | D: s4: ($87.20) → ($87.28) | D: s6: $107.39 → $107.40 | D: s8: $109.00 → $109.10 | D: s8: $109.00 ($97.00–$121.00) → $109.10 ($96.81–$121.39) | D: s8: $109.00 → $109.10 | D: s8: ($87.20) → ($87.28) | D: rd/sm fv: 109 → 109.1 | D: rd/sm values.fvLow: 97 → 96.81 | D: rd/sm values.fvHigh: 121 → 121.39 | D: rd/sm values.scenarios[1].tgt: 107.39 → 107.4 | D: rd/sm sm.upside: 23.1 → 23.3",2,2,3,11,7,1,1,5,,0.32
MEB,TH,VALUE-DRIFT,"prose stale copies ×4 (pe@analysis) | s1: ~8.5x → 8.3x",2,2,0,1,2,4,2,7,prose-stale,0
MEDEZE,TH,VALUE-DRIFT,"s1: 196 ล้านบาท -42.2% → ฿196 ล้าน 42.2% | s1: 714 ล้านบาท -18.3% → ฿714 ล้าน 18.3%",2,2,0,2,2,0,2,6,mixed,0
MEGA,TH,VALUE-DRIFT,"FV 41 → 40.77 (family weights) | scn.bear.tgt 28.36 → 28.35 | prose stale copies ×2 (pe@analysis) | s1: ~14.24x → 13.7x | s1: 0.07 → · | s2: ฿41.00 → ฿40.77 | s2: ฿41.00 → ฿40.77 | s3: ฿41.00 → ฿40.77 | s4: ฿41.00 ฿28.70 ฿32.80 ฿41.00 → ฿40.77 ฿28.54 ฿32.62 ฿40.77 | s4: ฿46.00 → ฿46.18 | s4: (฿32.80) → (฿32.62) | s4: (฿41.00) → (฿40.77) | s4: +16% → +15% | s4: ฿32.80 → ฿32.62 | s4: ฿28.70 → ฿28.54 | s5: +16% → +15% | s5: +16% → +15% | s6: ฿28.36 → ฿28.35 | s6: ฿41.00 → ฿40.77 | s8: ฿41.00 (+16%) → ฿40.77 (+15%) | s8: ฿41.00 (฿35.00–฿46.00) → ฿40.77 (฿35.36–฿46.18) | s8: +16% → +15% | s8: +16%) → +15%) | s8: ฿32.80 → ฿32.62 | s8: ฿28.70 → ฿28.54 | rd/sm fv: 41 → 40.77 | rd/sm values.fvLow: 35 → 35.36 | rd/sm values.fvHigh: 46 → 46.18 | rd/sm values.scenarios[0].tgt: 28.36 → 28.35 | rd/sm sm.pe: 14.24 → 13.74502 | rd/sm sm.mos: 15.9 → 15.4 | rd/sm sm.upside: 18.8 → 18.2 | rd/sm sm.fairValue: 41 → 40.77",2,2,0,22,10,2,1,7,mixed,3.48
MELI,US,VALUE-DRIFT,"scn.bear.tgt 1677 → 1676.76 | scn.base.tgt 3391 → 3391.07 | scn.bull.tgt 5042 → 5042.1 | s2: $2;100.00 → $2;100.26 | s2: $2;100.00 → $2;100.26 | s3: $2;289 $2;100.00 → $2;289.53 $2;100.26 | s4: $2;100.00 $1;470.00 $1;680.00 $2;100.00 $2;265 $2;289.00 → $2;100.26 $1;470.18 $1;680.21 $2;100.26 $2;265.00 $2;289.53 | s4: $2;100.00 → $2;100.26 | s4: ($1;680.00) → ($1;680.21) | s5: $2;100.00 → $2;100.26 | s6: $1;677.00 → $1;676.76 | s6: $3;391.00 → $3;391.07 | s6: $5;042.00 → $5;042.10 | s8: $2;100.00 → $2;100.26 | s8: $2;100.00 ($1;911.00–$2;289.00) → $2;100.26 ($1;911.00–$2;289.53) | s8: ($1;680.00) → ($1;680.21) | s8: ($1;470.00) → ($1;470.18) | rd/sm fv: 2100 → 2100.26 | rd/sm values.fvHigh: 2289 → 2289.53 | rd/sm values.scenarios[0].tgt: 1677 → 1676.76 | rd/sm values.scenarios[1].tgt: 3391 → 3391.07 | rd/sm values.scenarios[2].tgt: 5042 → 5042.1",2,2,0,14,7,0,2,8,multi-rounding,0.02
MET,US,HUMAN,"TEXT LOST ×1: ราคาจาก | D: scn.bear.tgt 86.98 → 79.46 | D: scn.base.tgt 117.19 → 109.66 | D: scn.bull.tgt 146.21 → 138.67 | D: s2: $85.40 → $85.39 | D: s3: $85.40 → $85.39 | D: s3: $85.40 → $85.39 | D: s4: $85.40 $59.78 $68.32 $85.40 $87.00 $105 → $85.39 $59.77 $68.31 $85.39 $87.05 $105.00 | D: s4: $85.40 → $85.39 | D: s4: <$85.40 → <$85.39 | D: s4: $68.32 → $68.31 | D: s4: $59.78 → $59.77 | D: s6: $86.98 −11% → $79.46 −18% | D: s6: $117.19 +21% → $109.66 +13% | D: s6: $146.21 +50% → $138.67 +43% | D: s8: $85.40 ($84.00–$87.00) → $85.39 ($83.74–$87.05) | D: s8: $85.40 → $85.39 | D: s8: $68.32 → $68.31 | D: rd/sm fv: 85.4 → 85.39 | D: rd/sm values.fvLow: 84 → 83.74 | D: rd/sm values.fvHigh: 87 → 87.05 | D: rd/sm values.scenarios[0].tgt: 86.98 → 79.46 | D: rd/sm values.scenarios[1].tgt: 117.19 → 109.66 | D: rd/sm values.scenarios[2].tgt: 146.21 → 138.67",2,2,1,14,8,0,2,6,,8.65
META,US,HUMAN,"custom cards 6 > 4 — dropped ""Capex ปี 2026 (guidance)""; ""Reality Labs (Q1/26)"" | TEXT LOST ×6: Capex guidance จาก Reality Labs ขาดทุนสะสม | D: scn.bear.tgt 406 → 406.01 | D: scn.base.tgt 706 → 706.49 | D: scn.bull.tgt 865 → 865.04 | D: s2: $501.00 → $500.82 | D: s3: $439 $501.00 → $439.00 $500.82 | D: s4: $501.00 $350.70 $400.80 $501.00 → $500.82 $350.57 $400.66 $500.82 $562.65 | D: s4: $791 → | D: s4: ($501.00) → ($500.82) | D: s5: $501.00 → $500.82 | D: s6: $406.00 → $406.01 | D: s6: $706.00 → $706.49 | D: s6: $865.00 → $865.04 | D: s8: $501.00 → $500.82 | D: s8: $501.00 ($439.00–$563.00) → $500.82 ($439.00–$562.65) | D: s8: ($400.80) → ($400.66) | D: s8: ($350.70) → ($350.57) | D: rd/sm fv: 501 → 500.82 | D: rd/sm values.fvHigh: 563 → 562.65 | D: rd/sm values.scenarios[0].tgt: 406 → 406.01 | D: rd/sm values.scenarios[1].tgt: 706 → 706.49 | D: rd/sm values.scenarios[2].tgt: 865 → 865.04 | D: rd/sm sm.pe: 24.9 → 29.298794",2,2,6,13,8,0,6,14,,17.67
MFC,US,VALUE-DRIFT,"scn.base.tgt 37.66 → 37.67 | scn.bull.tgt 61.6 → 61.63 | prose stale copies ×1 (pe@analysis) | s1: ~17.1x → 16.7x | s1: ~2.26x → 2.22x | s2: $32.60 → $32.64 | s3: $35.30 $32.60 → $35.37 $32.64 | s3: ($32.60) → ($32.64) | s4: $32.60 $22.82 $26.08 $32.60 $35.30 → $32.64 $22.85 $26.11 $32.64 $35.37 | s4: ($35.30) → ($35.37) | s6: $37.66 → $37.67 | s6: $61.60 → $61.63 | s8: $32.60 → $32.64 | s8: $32.60 ($29.90–$35.30) → $32.64 ($29.90–$35.37) | s8: ($26.08) → ($26.11) | rd/sm fv: 32.6 → 32.64 | rd/sm values.fvHigh: 35.3 → 35.37 | rd/sm values.scenarios[1].tgt: 37.66 → 37.67 | rd/sm values.scenarios[2].tgt: 61.6 → 61.63 | rd/sm sm.mos: -33.4 → -33.2",2,2,0,12,6,1,3,6,mixed,0.2
MFEC,TH,VALUE-DRIFT,"s1: 0.93x → 1.02x | s6: ฿0.86 → ฿0.85",2,2,0,2,2,0,0,3,mixed,0
MICRO,TH,HUMAN,"fv legs 1 < 2 (E17) | TEXT LOST ×6: บริบท ตระกูล บริบท ตระกูล เดียวกับ DDM | D: s8: (฿0.46–฿1.70) → (฿1.70–฿1.70) | D: rd/sm values.fvLow: 0.46 → 1.7",3,1,6,1,3,0,1,7,,269.57
MINT,TH,VALUE-DRIFT,"s2: ฿22.38 → ฿22.37 | s3: ฿22.38 → ฿22.37 | s3: ฿22.38 → ฿22.37 | s4: ฿22.38 ฿15.67 → ฿22.37 ฿15.66 | s4: ฿22.38 → ฿22.37 | s4: (฿22.38) → (฿22.37) | s4: ฿15.67 → ฿15.66 | s8: ฿22.38 → ฿22.37 | s8: ฿22.38 → ฿22.37 | s8: ฿15.67 → ฿15.66 | rd/sm fv: 22.38 → 22.37",2,2,0,10,3,0,2,9,fv-rounding,0.04
MKC,US,HUMAN,"fy periods conflict across FY cards | D: scn.bear.tgt 62.57 → 62.56 | D: s6: $62.57 → $62.56 | D: rd/sm values.scenarios[0].tgt: 62.57 → 62.56",2,2,0,1,3,0,0,7,,0.02
MKL,US,HUMAN,"custom cards 5 > 4 — dropped ""Markel Ventures Adj. OI (FY68)"" | TEXT LOST ×8: Markel Ventures Adj OI FY68 IndustrialFinancialConsumer segments รวมกัน | D: prose stale copies ×1 (pe@analysis) | D: s1: ~1.23x → 1.20x | D: s1: ~9.79x → 9.6x | D: s1: Markel Ventures Adj. OI (FY68) $844M Industrial+Financial+Consumer segments รวมกัน ~$21.50B → $21.5B | D: rd/sm sm.pe: 9.79 → 9.559442",2,2,8,3,3,1,5,6,,2.36
MKSI,US,VALUE-DRIFT,"scn.bear.tgt 122 → 121.79 | scn.base.tgt 218 → 217.5 | scn.bull.tgt 308 → 307.62 | s2: $147.00 → $146.51 | s3: $150 $147.00 → $150.00 $146.51 | s3: (−75%) → (−76%) | s4: $147.00 $102.90 $117.60 $147.00 → $146.51 $102.56 $117.21 $146.51 $150.00 | s4: $147.00 → $146.51 | s5: −75% → −76% | s5: $147.00 → $146.51 | s5: −75%) → −76%) | s6: $122.00 → $121.79 | s6: $218.00 −15% → $217.50 −16% | s6: $308.00 → $307.62 | s7: $147.00 → $146.51 | s7: −75%) → −76%) | s8: $147.00 → $146.51 | s8: $147.00 ($143.00–$150.00) → $146.51 ($143.01–$150.00) | s8: −75% → −76% | s8: $117.60 → $117.21 | rd/sm fv: 147 → 146.51 | rd/sm values.fvLow: 143 → 143.01 | rd/sm values.scenarios[0].tgt: 122 → 121.79 | rd/sm values.scenarios[1].tgt: 218 → 217.5 | rd/sm values.scenarios[2].tgt: 308 → 307.62 | rd/sm sm.mos: -75.5 → -76.1 | rd/sm sm.upside: -43 → -43.2",2,2,0,17,9,0,1,10,mixed,0.6
MKTX,US,HUMAN,"TEXT LOST ×1: ปีนาน | D: scn.bear.tgt 88 → 87.59 | D: scn.base.tgt 213 → 213.14 | D: scn.bull.tgt 360 → 360.26 | D: s2: $218.00 → $217.60 | D: s3: $185 $218.00 → $184.78 $217.60 | D: s4: $218.00 $152.60 $158 $174.40 $218.00 $250.00 → $217.60 $152.32 $158.00 $174.08 $217.60 $250.42 | D: s4: ($152.60) → ($152.32) | D: s4: ($174.40) → ($174.08) | D: s4: $218.00 → $217.60 | D: s4: ($152.60) → ($152.32) | D: s6: $88.00 → $87.59 | D: s6: $213.00 → $213.14 | D: s6: $10.65 → $10.66 | D: s6: $360.00 → $360.26 | D: s8: $218.00 → $217.60 | D: s8: $218.00 ($185.00–$250.00) → $217.60 ($184.78–$250.42) | D: s8: $218.00 → $217.60 | D: s8: ($152.60) → ($152.32) | D: rd/sm fv: 218 → 217.6 | D: rd/sm values.fvLow: 185 → 184.78 | D: rd/sm values.fvHigh: 250 → 250.42 | D: rd/sm values.scenarios[0].tgt: 88 → 87.59 | D: rd/sm values.scenarios[1].tgt: 213 → 213.14 | D: rd/sm values.scenarios[2].tgt: 360 → 360.26 | D: rd/sm sm.mos: 24.9 → 24.7 | D: rd/sm sm.upside: 33.1 → 32.9",2,2,1,15,10,0,1,8,,0.47
MLI,US,HUMAN,"TEXT LOST ×1: midcycle | D: scn.bear.tgt 23 → 23.24 | D: scn.base.tgt 44 → 44.04 | D: scn.bull.tgt 59 → 58.58 | D: s1: ~15.6x → 19.4x | D: s2: $44.00 → $44.19 | D: s3: $49 $44.00 → $49.00 $44.19 | D: s4: $44.00 $30.80 $35.20 $44.00 → $44.19 $30.93 $35.35 $44.19 | D: s4: ($44.00) → ($44.19) | D: s4: ($35.20 → ($35.35 | D: s5: $44.00 → $44.19 | D: s6: $23.00 → $23.24 | D: s6: $44.00 → $44.04 | D: s6: $59.00 +2% → $58.58 +1.6% | D: s8: $44.00 → $44.19 | D: s8: $44.00 ($39.00–$49.00) → $44.19 ($39.37–$49.00) | D: s8: $44.00 → $44.19 | D: rd/sm fv: 44 → 44.19 | D: rd/sm values.fvLow: 39 → 39.37 | D: rd/sm values.scenarios[0].tgt: 23 → 23.24 | D: rd/sm values.scenarios[1].tgt: 44 → 44.04 | D: rd/sm values.scenarios[2].tgt: 59 → 58.58 | D: rd/sm sm.mos: -36.4 → -35.8 | D: rd/sm sm.upside: -26.7 → -26.4",2,2,1,13,9,0,3,13,,1.04
MLM,US,HUMAN,"scenarios.cases[0] .ret annotation ""(−12.0%/ปี)"" not carried — a per-year/number label would mislabel the v3 total return | scenarios.cases[1] .ret annotation ""(+2.7%/ปี)"" not carried — a per-year/number label would mislabel the v3 total return | scenarios.cases[2] .ret annotation ""(+15.4%/ปี)"" not carried — a per-year/number label would mislabel the v3 total return | TEXT LOST ×3: ไม่นับใน ไม่นับใน ไม่นับใน | D: prose stale copies ×1 (px@analysis) | D: s1: ~37.5% → 34.4% | D: s2: $362.00 → $361.98 | D: s3: $249 $362.00 → $249.07 $361.98 | D: s3: $362.00 → $361.98 | D: s4: $362.00 $253.40 $289.60 $362.00 $475.00 $658 → $361.98 $253.39 $289.58 $361.98 $474.88 $658.00 | D: s4: $362.00 → $361.98 | D: s4: $289.60 → $289.58 | D: s4: $253.40 → $253.39 | D: s6: $327 −31.9% (−12.0% ปี) → $326.60 −32% | D: s6: $738 +53.7% (+15.4% ปี) → $738.37 +54% | D: s8: $362.00 → $361.98 | D: s8: $289.60 → $289.58 | D: s8: $362.00 ($249.00–$475.00) → $361.98 ($249.07–$474.88) | D: s8: $362.00 → $361.98 | D: s6: $520 +8.3% (+2.7% ปี) $23.65 22x ปันผลรวม 3 ปี (ไม่นับใน %) → $520.19 +8% $23.64 22.0x | D: s6: 28x ปันผลรวม 3 ปี (ไม่นับใน %) → 28.0x | D: rd/sm fv: 362 → 361.98 | D: rd/sm values.fvLow: 249 → 249.07 | D: rd/sm values.fvHigh: 475 → 474.88",2,2,3,16,4,1,4,8,,0.03
MMM,US,VALUE-DRIFT,"s2: $128.00 → $127.44 | s3: $120 $128.00 → $119.89 $127.44 | s3: $128.00 → $127.44 | s4: $128.00 $89.60 $102.40 $128.00 $135.00 → $127.44 $89.21 $101.95 $127.44 $134.99 | s4: $128.00 → $127.44 | s4: $128.00; → $127.44; | s4: $102.40 → $101.95 | s5: $128.00 → $127.44 | s6: $94 -38.3% $8.41 → $94.26 −38% $8.42 | s6: $161 +1.7% → $160.82 +1.6% | s7: $128.00 → $127.44 | s8: $128.00 → $127.44 | s8: $128.00 ($120.00–$135.00) → $127.44 ($119.89–$134.99) | s8: $128.00 → $127.44 | s8: $102.40 → $101.95 | rd/sm fv: 128 → 127.44 | rd/sm values.fvLow: 120 → 119.89 | rd/sm values.fvHigh: 135 → 134.99 | rd/sm sm.mos: -30.9 → -31.5 | rd/sm sm.upside: -23.6 → -23.9",2,2,0,15,7,0,1,7,mixed,0.6
MMS,US,VALUE-DRIFT,"scn.bear.tgt 73.7 → 73.65 | scn.base.tgt 110.4 → 110.38 | scn.bull.tgt 142 → 142.04 | prose:prose.gauge ""+65%"" → {{analyst.pct}} | prose stale copies ×2 (pe@analysis) | s2: $108.00 → $108.06 | s3: $108.00 → $108.06 | s3: $108.00 → $108.06 | s4: $108.00 $75.60 $86.40 → $108.06 $75.64 $86.45 | s4: $108.00 $119.00 → $108.06 $119.30 | s4: ($75.60) → ($75.64) | s4: (+65%) → (+76%) | s6: $73.70 +48% $7.37 → $73.65 +47% $7.36 | s6: $110.40 → $110.38 | s6: $142.00 → $142.04 | s8: $108.00 → $108.06 | s8: $108.00 ($97.00–$119.00) → $108.06 ($96.83–$119.30) | s8: ($75.60) → ($75.64) | rd/sm fv: 108 → 108.06 | rd/sm values.fvLow: 97 → 96.83 | rd/sm values.fvHigh: 119 → 119.3 | rd/sm values.scenarios[0].tgt: 73.7 → 73.65 | rd/sm values.scenarios[1].tgt: 110.4 → 110.38 | rd/sm values.scenarios[2].tgt: 142 → 142.04 | rd/sm sm.upside: 105.2 → 105.4",2,2,0,13,9,2,1,9,mixed,0.25
MNST,US,VALUE-DRIFT,"scn.bear.tgt 35 → 35.01 | scn.base.tgt 53 → 53.11 | scn.bull.tgt 74 → 74.53 | prose stale copies ×1 (pe@analysis) | s1: 41.4x → 39.5x | s2: $38.90 → $38.89 | s2: $38.90 → $38.89 | s3: $39.12 $38.90 → $39.13 $38.89 | s3: $38.90 → $38.89 | s3: $37.00–$41.00) → $38.66–$39.13) | s4: $38.90 $27.23 $31.12 $38.90 $41.00 → $38.89 $27.22 $31.11 $38.89 $39.13 | s4: $38.90 → $38.89 | s4: $27.23–$31.12 → $27.22–$31.11 | s5: $27.23–$31.12 → $27.22–$31.11 | s6: $35.00 → $35.01 | s6: $53.00 → $53.11 | s6: $74.00 +73% → $74.53 +75% | s6: $27.23–$31.12 → $27.22–$31.11 | s8: $38.90 → $38.89 | s8: $37.00–$41.00) → $38.66–$39.13) | s8: $27.23–$31.12 $38.90 ($37.00–$41.00) → $27.22–$31.11 $38.89 ($38.66–$39.13) | s8: $27.23–$31.12 → $27.22–$31.11 | rd/sm fv: 38.9 → 38.89 | rd/sm values.fvLow: 37 → 38.66 | rd/sm values.fvHigh: 41 → 39.13 | rd/sm values.scenarios[0].tgt: 35 → 35.01 | rd/sm values.scenarios[1].tgt: 53 → 53.11 | rd/sm values.scenarios[2].tgt: 74 → 74.53 | rd/sm sm.pe: 41.4 → 39.509259",2,2,0,18,9,1,0,6,mixed,4.57
MO,US,VALUE-DRIFT,"s1: ~78% → 93.5%",2,2,0,1,2,0,3,5,mixed,0
MOG-A,US,VALUE-DRIFT,"scn.bear.tgt 280.2 → 280.13 | scn.base.tgt 446.04 → 446.09 | scn.bull.tgt 637.56 → 637.63 | s1: ~31.0x → 32.5x | s2: $222.73 → $222.50 | s3: $203.55 $222.73 → $203.10 $222.50 | s3: $222.73 → $222.50 | s4: $222.73 $155.91 $178.18 $222.73 → $222.50 $155.75 $178.00 $222.50 | s4: ($222.73) → ($222.50) | s6: $280.20 → $280.13 | s6: $446.04 → $446.09 | s6: $637.56 → $637.63 | s8: $222.73 ($203.55–$241.90) → $222.50 ($203.10–$241.90) | s8: ($155.91–$178.18) → ($155.75–$178.00) | s8: ($222.73) → ($222.50) | rd/sm fv: 222.73 → 222.5 | rd/sm values.fvLow: 203.55 → 203.1 | rd/sm values.scenarios[0].tgt: 280.2 → 280.13 | rd/sm values.scenarios[1].tgt: 446.04 → 446.09 | rd/sm values.scenarios[2].tgt: 637.56 → 637.63 | rd/sm sm.pe: 31 → 32.546769 | rd/sm sm.mos: -71.8 → -72",2,2,0,12,7,0,0,3,mixed,4.99
MOH,US,HUMAN,"TEXT LOST ×5: midcycle ต่ำสุดของ ประวัติ มัธยฐาน ประวัติ | D: scn.bear.tgt 63 → 62.99 | D: scn.base.tgt 151 → 150.56 | D: scn.bull.tgt 267 → 267.54 | D: prose stale copies ×1 (px@analysis) | D: s1: -$0.14 → ~$-0.14 | D: s2: $175.00 → $174.63 | D: s3: $160 $175.00 → $160.42 $174.63 | D: s3: $175.00 → $174.63 | D: s4: $175.00 $122.50 $140.00 $175.00 $189.00 $209 → $174.63 $122.24 $139.70 $174.63 $188.85 $209.00 | D: s4: $175.00 → $174.63 | D: s4: ($140.00) → ($139.70) | D: s4: ($122.50) → ($122.24) | D: s5: −10% → −11% | D: s6: $63.00 → $62.99 | D: s6: $151.00 → $150.56 | D: s6: $267.00 → $267.54 | D: s8: $175.00 ($160.00–$189.00) → $174.63 ($160.42–$188.85) | D: s8: −10% → −11% | D: s8: $175.00 → $174.63 | D: s8: $175.00 → $174.63 | D: s8: $140.00 $122.50 → $139.70 $122.24 | D: rd/sm fv: 175 → 174.63 | D: rd/sm values.fvLow: 160 → 160.42 | D: rd/sm values.fvHigh: 189 → 188.85 | D: rd/sm values.scenarios[0].tgt: 63 → 62.99 | D: rd/sm values.scenarios[1].tgt: 151 → 150.56 | D: rd/sm values.scenarios[2].tgt: 267 → 267.54 | D: rd/sm sm.mos: -10.5 → -10.7 | D: rd/sm sm.upside: -9.5 → -9.7",2,2,5,17,9,1,3,9,,0.29
MOSHI,TH,HUMAN,"scenarios.cases[0] .ret annotation ""/ปี"" not carried — a per-year/number label would mislabel the v3 total return | scenarios.cases[1] .ret annotation ""/ปี"" not carried — a per-year/number label would mislabel the v3 total return | scenarios.cases[2] .ret annotation ""/ปี"" not carried — a per-year/number label would mislabel the v3 total return | D: scn.bear.tgt ฿36.21 → 36.15 | D: scn.base.tgt ฿56.16 → 56.14 | D: scn.bull.tgt ฿80.30 → 80.25 | D: prose stale copies ×3 (pe@analysis) | D: s2: ฿43.46 → ฿43.44 | D: s2: ฿43.46 → ฿43.44 | D: s3: ฿45.62 ฿43.46 → ฿45.54 ฿43.44 | D: s3: ฿43.46 → ฿43.44 | D: s3: ฿41.74–฿45.62 → ฿41.74–฿45.54 | D: s4: ฿43.46 ฿30.42 ฿34.77 ฿43.46 ฿45.62 → ฿43.44 ฿30.41 ฿34.75 ฿43.44 ฿45.54 | D: s4: ฿43.46 → ฿43.44 | D: s4: ฿34.77 → ฿34.75 | D: s4: ฿30.42 → ฿30.41 | D: s6: ฿36.21 +4.8% ปี → ฿36.15 +15% | D: s6: ฿56.16 +20.2% ปี → ฿56.14 +74% | D: s6: ฿80.30 +34.9% ปี → ฿80.25 +145% | D: s8: ฿43.46 → ฿43.44 | D: s8: ฿43.46 (฿41.74–฿45.62) → ฿43.44 (฿41.74–฿45.54) | D: s8: ฿43.46 → ฿43.44 | D: s8: ฿30.42–฿34.77 → ฿30.41–฿34.75 | D: rd/sm fv: 43.46 → 43.44 | D: rd/sm values.fvHigh: 45.62 → 45.54",3,3,0,16,4,3,1,7,,0.18
MPC,US,HUMAN,"TEXT LOST ×3: normalized norm ทรงตัว | D: scn.bear.tgt 53 → 52.5 | D: scn.base.tgt 164 → 163.88 | D: scn.bull.tgt 347 → 347.07 | D: s3: $315 $240.00 → $315.27 $239.57 | D: s3: $240.00 → $239.57 | D: s4: $240.00 → $239.57 | D: s4: $240.00 → $239.57 | D: s4: $192.00 → $191.66 | D: s6: $53.00 −86% $13.22 4x → $52.50 −87% $13.13 4.0x | D: s6: $164.00 → $163.88 | D: s6: $347.00 → $347.07 | D: s6: $43.39 8x → $43.38 8.0x | D: s6: $240.00 → $239.57 | D: s7: $240.00 → $239.57 | D: s8: $240.00 → $239.57 | D: s8: $240.00 → $239.57 | D: s8: $240.00 ($164.00–$315.00) → $239.57 ($163.88–$315.27) | D: s8: $240.00 → $239.57 | D: s8: $192.00 → $191.66 | D: s2: (normalized) $240.00 → $239.57 | D: s4: (norm.) $240.00 $168.00 $192.00 $240.00 $285 $320 → $239.57 $167.70 $191.66 $239.57 $285.00 $315.27 | D: rd/sm fv: 240 → 239.57 | D: rd/sm values.fvLow: 164 → 163.88 | D: rd/sm values.fvHigh: 315 → 315.27 | D: rd/sm values.scenarios[0].tgt: 53 → 52.5 | D: rd/sm values.scenarios[1].tgt: 164 → 163.88 | D: rd/sm values.scenarios[2].tgt: 347 → 347.07 | D: rd/sm sm.mos: -62.9 → -63.2",2,2,3,18,9,0,2,9,,0.94
MPLX,US,HUMAN,"custom cards 6 > 4 — dropped ""Distributable Cash Flow (DCF) TTM""; ""Distribution Coverage Ratio"" | TEXT LOST ×14: Distributable Cash Flow DCF TTM รวม ไตรมาสล่าสุด Distribution | D: FV 57.21 → 56.85 (family weights) | D: scn.base.tgt 50.73 → 50.74 | D: scn.bull.tgt 68.35 → 68.36 | D: prose stale copies ×2 (pe@analysis) | D: s1: ~12.8x → 12.5x | D: s2: $57.21 → $56.85 | D: s2: $57.21 → $56.85 | D: s3: $57.21 → $56.85 | D: s3: −1.3% → −2.0% | D: s4: $57.21 $40.05 $45.77 $57.21 → $56.85 $39.80 $45.48 $56.85 | D: s4: $57.21 → $56.85 | D: s4: −1.3%) → −2.0%) | D: s5: −1.3% → −2.0% | D: s5: $57.21 → $56.85 | D: s5: ($40.05–$45.77) → ($39.80–$45.48) | D: s6: $50.73 → $50.74 | D: s6: $68.35 → $68.36 | D: s8: ($57.21 → ($56.85 | D: s8: −1.3%) → −2.0%) | D: s8: $57.21 ($45.11–$69.31) → $56.85 ($44.38–$69.31) | D: s8: −1.3% → −2.0% | D: s8: ($40.05–$45.77) → ($39.80–$45.48) | D: s1: Distributable Cash Flow (DCF) TTM $5.75B รวม 4 ไตรมาสล่าสุด Q3 68–Q2 69 Distribution Coverage Ratio 1.3x DCF ครอบคลุมเงินจ่ายแจกจ่าย 1.3 เท่า ~7.2% → 7.24% | D: rd/sm fv: 57.21 → 56.85 | D: rd/sm values.fvLow: 45.11 → 44.38 | D: rd/sm values.scenarios[1].tgt: 50.73 → 50.74 | D: rd/sm values.scenarios[2].tgt: 68.35 → 68.36 | D: rd/sm sm.pe: 12.79 → 12.468817 | D: rd/sm sm.mos: -1.3 → -2 | D: rd/sm sm.upside: -1.3 → -1.9 | D: rd/sm sm.fairValue: 57.21 → 56.85",2,2,14,19,10,2,6,14,,2.51
MPWR,US,VALUE-DRIFT,"scn.bear.tgt 691 → 690.8 | scn.base.tgt 1441 → 1440.53 | scn.bull.tgt 2175 → 2175.09 | s2: $757.00 → $756.56 | s3: $567 $757.00 → $567.42 $756.56 | s3: (−76%) → (−77%) | s4: $757.00 $529.90 $605.60 $757.00 $1;714 → $756.56 $529.59 $605.25 $756.56 $945.70 | s4: −76%) → −77%) | s5: −76% → −77% | s5: $757.00 → $756.56 | s5: −76%) → −77%) | s6: $691.00 → $690.80 | s6: $1;441.00 → $1;440.53 | s6: $2;175.00 → $2;175.09 | s8: $757.00 → $756.56 | s8: −76%) → −77%) | s8: $757.00 ($567.00–$946.00) → $756.56 ($567.42–$945.70) | s8: −76% → −77% | s8: ($605.60) → ($605.25) | rd/sm fv: 757 → 756.56 | rd/sm values.fvLow: 567 → 567.42 | rd/sm values.fvHigh: 946 → 945.7 | rd/sm values.scenarios[0].tgt: 691 → 690.8 | rd/sm values.scenarios[1].tgt: 1441 → 1440.53 | rd/sm values.scenarios[2].tgt: 2175 → 2175.09",2,2,0,16,7,0,0,6,multi-rounding,0.07
MRDIYT,TH,VALUE-DRIFT,"scn.bear.tgt 7.98 → 7.94 | scn.base.tgt 14.25 → 14.16 | scn.bull.tgt 20.47 → 20.46 | s1: ~20.1x → 17.8x | s1: ~6.08x → 5.37x | s6: ฿7.98 −0.2% → ฿7.94 −0.7% | s6: ฿14.25 +74% → ฿14.16 +73% | s6: ฿20.47 → ฿20.46 | rd/sm values.scenarios[0].tgt: 7.98 → 7.94 | rd/sm values.scenarios[1].tgt: 14.25 → 14.16 | rd/sm values.scenarios[2].tgt: 20.47 → 20.46 | rd/sm sm.pe: 20.1 → 17.755102",2,2,0,5,6,0,2,8,mixed,11.67
MRK,US,HUMAN,"fy periods conflict across FY cards | scenarios.cases[0] .ret annotation ""(capital) / −35.4% total"" not carried — a per-year/number label would mislabel the v3 total return | scenarios.cases[1] .ret annotation ""(capital) / −2.0% total"" not carried — a per-year/number label would mislabel the v3 total return | scenarios.cases[2] .ret annotation ""(capital) / +28.8% total"" not carried — a per-year/number label would mislabel the v3 total return | price-bound custom card ""P/E (EPS FY2025 ปีงบเต็ม)"" | TEXT LOST ×6: capital total capital total capital total | D: scn.base.tgt $132.65 → 132.66 | D: s1: ~115x → 20.3x | D: s6: −43.1% (capital) −35.4% total → −36% | D: s6: $132.65 −9.7% (capital) −2.0% total → $132.66 −3% | D: s6: +21.2% (capital) +28.8% total → +28%",2,2,6,4,1,0,2,9,,0
MRNA,US,HUMAN,"failed before compare — compute: scenarios.exitMetric: evsales (EV/Sales ออก) คูณรายได้ต่อหุ้น — ต้องใช้ scenarios.driver = ""revenuePerShare"" (พบ ""eps"") | fv legs 1 < 2 (E17) | leg 2 declared sotp has no extras table (E52) | scenarios.driver ""เฉพาะมะเร็งผิวหนัง"" not in [""eps"";""ffo"";""revenuePerShare"";""bvps"";""fcfPerShare"";""de"";""fre""] | scenarios.cases[0].growth unreadable (""เฉพาะมะเร็งผิวหนัง"") | scenarios.cases[1].growth unreadable (""มะเร็งผิวหนัง + NSCLC บางส่วน"") | scenarios.cases[2].growth unreadable (""สำเร็จข้ามมะเร็งหลายชนิด"") | scenarios: no base for driver eps (fundamentals and printed end value both missing) | schema scenarios.exitMetric: evsales (EV/Sales ออก) คูณรายได้ต่อหุ้น — ต้องใช้ scenarios.driver = ""revenuePerShare"" (พบ ""eps"") | schema scenarios.cases[0].growth: ต้องมี (ตัวเลข) | schema scenarios.cases[1].growth: ต้องมี (ตัวเลข) | schema scenarios.cases[2].growth: ต้องมี (ตัวเลข)",2,1,0,0,0,0,4,3,,0
MRSH,US,HUMAN,"TEXT LOST ×5: Insurance Brokerage NYSE MRSH Financials | D: scn.bear.tgt 161 → 160.7 | D: scn.base.tgt 220 → 220.19 | D: scn.bull.tgt 290 → 290.51 | D: prose stale copies ×3 (pe@analysis) | D: s1: ~21.4x → 20.8x | D: s2: $211.00 → $210.97 | D: s2: $211.00 → $210.97 | D: s3: $211.00 → $210.97 | D: s3: $211.00 → $210.97 | D: s4: $211.00 $147.70 $168.80 → $210.97 $147.68 $168.78 | D: s4: $211.00 $218.00 → $210.97 $217.68 | D: s4: ($168.80) → ($168.78) | D: s4: ($211.00) → ($210.97) | D: s6: $161.00 → $160.70 | D: s6: $220.00 +29% → $220.19 +30% | D: s6: $290.00 → $290.51 | D: s8: $211.00 → $210.97 | D: s8: $211.00 ($204.00–$218.00) → $210.97 ($204.25–$217.68) | D: s8: $211.00 → $210.97 | D: s8: ($168.80) → ($168.78) | D: rd/sm fv: 211 → 210.97 | D: rd/sm values.fvLow: 204 → 204.25 | D: rd/sm values.fvHigh: 218 → 217.68 | D: rd/sm values.scenarios[0].tgt: 161 → 160.7 | D: rd/sm values.scenarios[1].tgt: 220 → 220.19 | D: rd/sm values.scenarios[2].tgt: 290 → 290.51 | D: rd/sm sm.pe: 21.4 → 20.799266",2,2,5,16,9,3,1,9,,2.81
MRVL,US,VALUE-DRIFT,"scn.bear.tgt 163 → 162.66 | scn.base.tgt 277 → 276.82 | s2: $128.00 → $128.19 | s3: $157 $128.00 → $157.32 $128.19 | s4: $128.00 $89.60 $102.40 $128.00 → $128.19 $89.73 $102.55 $128.19 $157.32 | s4: $330 → | s4: $128.00 → $128.19 | s5: $128.00 → $128.19 | s6: $163.00 → $162.66 | s6: $277.00 → $276.82 | s8: $128.00 → $128.19 | s8: $128.00 ($99.00–$157.00) → $128.19 ($99.06–$157.32) | s8: ($102.40) → ($102.55) | s8: $89.60) → $89.73) | header: 24 ก.ย. 2569 → · | rd/sm fv: 128 → 128.19 | rd/sm values.fvLow: 99 → 99.06 | rd/sm values.fvHigh: 157 → 157.32 | rd/sm values.scenarios[0].tgt: 163 → 162.66 | rd/sm values.scenarios[1].tgt: 277 → 276.82 | rd/sm sm.mos: -102.3 → -102",2,2,0,13,7,0,4,10,multi-rounding,0.3
MS,US,VALUE-DRIFT,"scn.bear.tgt 149 → 148.81 | scn.base.tgt 231 → 230.69 | scn.bull.tgt 346 → 345.79 | prose stale copies ×1 (pe@analysis) | s2: $179.00 → $179.31 | s2: $179.00 → $179.31 | s3: $185 $179.00 → $185.30 $179.31 | s3: $179.00 → $179.31 | s3: (−10%) → (−9%) | s4: $179.00 $125.30 $143.20 $179.00 $185.00 $237 → $179.31 $125.52 $143.45 $179.31 $185.30 $237.00 | s4: $179.00 (−10%) → $179.31 (−9%) | s4: $143.20 → $143.45 | s4: $125.30 → $125.52 | s5: −10% → −9% | s6: $149.00 → $148.81 | s6: $231.00 → $230.69 | s6: $346.00 → $345.79 | s8: $179.00 (−10%) → $179.31 (−9%) | s8: $143.20–$179.00 $179.00 ($173.00–$185.00) → $143.45–$179.31 $179.31 ($173.32–$185.30) | s8: −10% → −9% | s8: $143.20–$179.00 → $143.45–$179.31 | rd/sm fv: 179 → 179.31 | rd/sm values.fvLow: 173 → 173.32 | rd/sm values.fvHigh: 185 → 185.3 | rd/sm values.scenarios[0].tgt: 149 → 148.81 | rd/sm values.scenarios[1].tgt: 231 → 230.69 | rd/sm values.scenarios[2].tgt: 346 → 345.79 | rd/sm sm.mos: -9.7 → -9.5",2,2,0,17,7,1,3,7,mixed,0.2
MSA,US,VALUE-DRIFT,"scn.bear.tgt 170.6 → 170.64 | scn.base.tgt 226.5 → 226.53 | scn.bull.tgt 282.5 → 282.39 | s2: $184.00 → $183.74 | s2: $184.00 → $183.74 | s3: $168 $184.00 → $168.08 $183.74 | s4: $184.00 $128.80 $147.20 $184.00 $199.00 → $183.74 $128.62 $146.99 $183.74 $199.39 | s4: ($147.20) → ($146.99) | s4: ($184.00) → ($183.74) | s4: (+1.0%) → (+0.9%) | s4: $147.20 → $146.99 | s5: +1.0% → +0.9% | s6: $170.60 → $170.64 | s6: $226.50 → $226.53 | s6: $282.50 → $282.39 | s8: $184.00 → $183.74 | s8: +1.0%) → +0.9%) | s8: $184.00 ($168.00–$199.00) → $183.74 ($168.08–$199.39) | s8: +1.0% → +0.9% | s8: +1.0% → +0.9% | s8: ($147.20) → ($146.99) | rd/sm fv: 184 → 183.74 | rd/sm values.fvLow: 168 → 168.08 | rd/sm values.fvHigh: 199 → 199.39 | rd/sm values.scenarios[0].tgt: 170.6 → 170.64 | rd/sm values.scenarios[1].tgt: 226.5 → 226.53 | rd/sm values.scenarios[2].tgt: 282.5 → 282.39",2,2,0,18,8,0,0,6,multi-rounding,0.2
MSCI,US,VALUE-DRIFT,"scn.bear.tgt 486 → 486.18 | scn.base.tgt 744 → 743.97 | scn.bull.tgt 941 → 940.56 | s1: −$38.05 → ~$-38.05 | s2: $689.00 → $688.30 | s3: $658 $689.00 → $657.16 $688.30 | s3: $689.00 → $688.30 | s4: $689.00 $482.30 $551.20 $689.00 $692 $719.00 → $688.30 $481.81 $550.64 $688.30 $692.00 $719.44 | s4: $689.00 → $688.30 | s4: $551.20 → $550.64 | s4: $482.30 → $481.81 | s6: $486.00 → $486.18 | s6: $744.00 → $743.97 | s6: $25.66 → $25.65 | s6: $941.00 → $940.56 | s8: $689.00 → $688.30 | s8: $689.00 ($658.00–$719.00) → $688.30 ($657.16–$719.44) | s8: $551.20 → $550.64 | s8: $482.30 → $481.81 | rd/sm fv: 689 → 688.3 | rd/sm values.fvLow: 658 → 657.16 | rd/sm values.fvHigh: 719 → 719.44 | rd/sm values.scenarios[0].tgt: 486 → 486.18 | rd/sm values.scenarios[1].tgt: 744 → 743.97 | rd/sm values.scenarios[2].tgt: 941 → 940.56",2,2,0,16,8,0,2,6,multi-rounding,0.13
MSFT,US,VALUE-DRIFT,"scn.bear.tgt 406 → 406.2 | scn.base.tgt 635 → 634.55 | scn.bull.tgt 849 → 849.38 | s2: $457.00 → $456.82 | s3: $359 $457.00 → $358.99 $456.82 | s4: $457.00 $319.90 $365.60 $457.00 → $456.82 $319.77 $365.46 $456.82 $554.66 | s5: $457.00 → $456.82 | s5: ($365.60–$319.90) → ($365.46–$319.77) | s6: $406.00 → $406.20 | s6: $635.00 +28% (+9% → $634.55 +27% (+8% | s6: $849.00 → $849.38 | s8: $457.00 ($359.00–$555.00) → $456.82 ($358.99–$554.66) | s8: $365.60; → $365.46; | s8: $319.90) → $319.77) | rd/sm fv: 457 → 456.82 | rd/sm values.fvLow: 359 → 358.99 | rd/sm values.fvHigh: 555 → 554.66 | rd/sm values.scenarios[0].tgt: 406 → 406.2 | rd/sm values.scenarios[1].tgt: 635 → 634.55 | rd/sm values.scenarios[2].tgt: 849 → 849.38",2,2,0,11,8,0,1,6,multi-rounding,0.07
MSI,US,HUMAN,"TEXT LOST ×4: MSI Motorola Solutions Inc | D: s3: $353.20 → $353.22 | D: s3: $353.20–$386.08 → $353.22–$386.08 | D: s8: ($353.20–$386.08) → ($353.22–$386.08) | D: s8: $353.20–$386.08) → $353.22–$386.08) | D: rd/sm values.fvLow: 353.2 → 353.22",2,2,4,4,3,0,0,5,,0.01
MTB,US,HUMAN,"custom cards 5 > 4 — dropped ""NPL / Nonaccrual"" | TEXT LOST ×5: NPL Nonaccrual Nonaccrual Net chargeoff | D: scn.bear.tgt 186 → 186.27 | D: scn.base.tgt 262 → 262.45 | D: scn.bull.tgt 346 → 345.92 | D: s1: 1.29x → 1.86x | D: s2: $256.00 → $256.08 | D: s3: $256.00 → $256.08 | D: s3: $256.00 → $256.08 | D: s4: $256.00 $179.20 $204.80 $256.00 → $256.08 $179.26 $204.86 $256.08 | D: s4: $300.00 → $300.04 | D: s4: $256.00 → $256.08 | D: s4: $204.80 → $204.86 | D: s5: $256.00 → $256.08 | D: s6: $186.00 → $186.27 | D: s6: $262.00 → $262.45 | D: s6: $346.00 → $345.92 | D: s8: $256.00 → $256.08 | D: s8: $256.00 ($212.00–$300.00) → $256.08 ($212.13–$300.04) | D: s8: $204.80 → $204.86 | D: rd/sm fv: 256 → 256.08 | D: rd/sm values.fvLow: 212 → 212.13 | D: rd/sm values.fvHigh: 300 → 300.04 | D: rd/sm values.scenarios[0].tgt: 186 → 186.27 | D: rd/sm values.scenarios[1].tgt: 262 → 262.45 | D: rd/sm values.scenarios[2].tgt: 346 → 345.92",2,2,5,15,7,0,5,9,,0.17
MTC,TH,VALUE-DRIFT,"FV 41 → 40.52 (equal weights) | scn.bear.tgt 36 → 35.53 | scn.base.tgt 55 → 55.09 | scn.bull.tgt 76 → 76.46 | prose stale copies ×2 (pe@analysis) | s1: ~฿62.0 พันล้าน ~8.7x → ฿6.20 หมื่นล้าน 8.6x | s1: ~1.36x → 1.35x | s2: ฿41.00 → ฿40.52 | s3: ฿38 ฿41.00 → ฿38.10 ฿40.52 | s3: ฿41.00 → ฿40.52 | s4: ฿41.00 ฿28.70 ฿32.80 ฿41.00 → ฿40.52 ฿28.36 ฿32.42 ฿40.52 ฿42.63 | s4: ฿43 → | s4: ฿41.00 → ฿40.52 | s4: +29% → +28% | s4: (฿32.80) → (฿32.42) | s4: (฿28.70) → (฿28.36) | s5: +29% → +28% | s6: ฿36.00 +26% → ฿35.53 +25% | s6: ฿55.00 +92% → ฿55.09 +93% | s6: ฿76.00 +165% → ฿76.46 +167% | s8: ฿41.00 → ฿40.52 | s8: +29% → +28% | s8: ฿41.00 (฿38.00–฿43.00) → ฿40.52 (฿38.10–฿42.63) | s8: +29% → +28% | s8: ฿28.70–฿32.80 → ฿28.36–฿32.42 | rd/sm fv: 41 → 40.52 | rd/sm values.fvLow: 38 → 38.1 | rd/sm values.fvHigh: 43 → 42.63 | rd/sm values.scenarios[0].tgt: 36 → 35.53 | rd/sm values.scenarios[1].tgt: 55 → 55.09 | rd/sm values.scenarios[2].tgt: 76 → 76.46 | rd/sm sm.mos: 28.7 → 27.8 | rd/sm sm.upside: 40.2 → 38.5 | rd/sm sm.fairValue: 41 → 40.52",3,3,0,20,11,2,1,8,mixed,1.7
MTD,US,HUMAN,"TEXT LOST ×4: NYSE MTD Precision Instruments | D: s2: $1;270.00 → $1;269.36 | D: s2: $1;270.00 → $1;269.36 | D: s3: $1;014 $1;270.00 → $1;014.09 $1;269.36 | D: s4: $1;270.00 $889.00 $1;016.00 $1;270.00 → $1;269.36 $888.55 $1;015.49 $1;269.36 | D: s4: $1;525.00 → $1;524.64 | D: s4: $1;270.00 → $1;269.36 | D: s4: $1;016.00 → $1;015.49 | D: s4: $889.00 → $888.55 | D: s5: $1;016.00 → $1;015.49 | D: s6: $1;214 −12.8% → $1;214.29 −20% | D: s6: $1;727 +24.0% $57.57 → $1;726.92 +14% $57.56 | D: s6: $2;245 +61.2% → $2;244.79 +48% | D: s8: $1;270.00 → $1;269.36 | D: s8: $1;016.00 → $1;015.49 | D: s8: $1;270.00 ($1;014–$1;525) → $1;269.36 ($1;014.09–$1;524.64) | D: s8: $1;016.00 → $1;015.49 | D: s8: $889.00 → $888.55 | D: s8: $1;270.00 → $1;269.36 | D: rd/sm fv: 1270 → 1269.36 | D: rd/sm values.fvLow: 1014 → 1014.09 | D: rd/sm values.fvHigh: 1525 → 1524.64 | D: rd/sm sm.pe: 32.1 → 34.176603",2,2,4,18,4,0,2,6,,6.47
MTI,TH,VALUE-DRIFT,"scn.base.tgt 21 → 20.96 | scn.bull.tgt 24.57 → 24.6 | s1: -36.2% → 36.2% | s6: ฿21.00 → ฿20.96 | s6: ฿24.57 → ฿24.60 | rd/sm values.scenarios[1].tgt: 21 → 20.96 | rd/sm values.scenarios[2].tgt: 24.57 → 24.6",2,2,0,3,4,0,2,6,scn-tgt,0.19
MTSI,US,VALUE-DRIFT,"scn.bear.tgt 194 → 193.53 | scn.base.tgt 377 → 376.66 | scn.bull.tgt 652 → 651.63 | s1: ~88x → 51.7x | s2: $109.00 → $109.02 | s3: $87 $109.00 → $87.04 $109.02 | s4: $109.00 $76.30 $87.20 $109.00 → $109.02 $76.31 $87.22 $109.02 $131.00 | s4: $419 → | s5: $109.00 → $109.02 | s5: $87.20 → $87.22 | s5: $76.30 → $76.31 | s6: $194.00 → $193.53 | s6: $377.00 → $376.66 | s6: $652.00 → $651.63 | s7: $109.00) → $109.02) | s8: $109.00 → $109.02 | s8: $109.00 ($87.00–$131.00) → $109.02 ($87.04–$131.00) | s8: $87.20) → $87.22) | rd/sm fv: 109 → 109.02 | rd/sm values.fvLow: 87 → 87.04 | rd/sm values.scenarios[0].tgt: 194 → 193.53 | rd/sm values.scenarios[1].tgt: 377 → 376.66 | rd/sm values.scenarios[2].tgt: 652 → 651.63",2,2,0,15,7,0,4,12,multi-rounding,0.24
MTZ,US,VALUE-DRIFT,"scn.bear.tgt 119.55 → 119.6 | scn.base.tgt 336.2 → 336.16 | scn.bull.tgt 572 → 572.1 | s2: $186.80 → $186.79 | s3: $212.90 → $212.89 | s3: $160.70 $186.80 → $160.69 $186.79 | s4: $186.80 $130.76 $149.44 $186.80 $212.90 → $186.79 $130.75 $149.43 $186.79 $212.89 | s4: $186.80 → $186.79 | s6: $119.55 → $119.60 | s6: $336.20 → $336.16 | s6: $572.00 → $572.10 | s8: $186.80 ($160.70–$212.90) → $186.79 ($160.69–$212.89) | s8: ($149.44) → ($149.43) | s8: ($186.80) → ($186.79) | rd/sm fv: 186.8 → 186.79 | rd/sm values.fvLow: 160.7 → 160.69 | rd/sm values.fvHigh: 212.9 → 212.89 | rd/sm values.scenarios[0].tgt: 119.55 → 119.6 | rd/sm values.scenarios[1].tgt: 336.2 → 336.16 | rd/sm values.scenarios[2].tgt: 572 → 572.1 | rd/sm sm.pe: 22.8 → 33.75",2,2,0,11,7,0,1,3,mixed,48.03
MU,US,HUMAN,"scenarios.cases[0] .ret annotation ""(≈ −35%/ปี)"" not carried — a per-year/number label would mislabel the v3 total return | scenarios.cases[1] .ret annotation ""(≈ −14%/ปี)"" not carried — a per-year/number label would mislabel the v3 total return | scenarios.cases[2] .ret annotation ""(≈ +12%/ปี)"" not carried — a per-year/number label would mislabel the v3 total return | TEXT LOST ×4: midcycle รวม รวม รวม | D: s3: $502 $539.00 → $502.00 $539.02 | D: s4: $539.00 $377.30 $431.20 $539.00 $1;513 → $539.02 $377.31 $431.22 $539.02 $576.03 $1;513.00 | D: s5: $539.00 → $539.02 | D: s6: (ณ −35% ปี) $30.2 → $30.20 | D: s8: $539.00 → $539.02 | D: s8: $539.00 ($502.00–$576.00) → $539.02 ($502.00–$576.03) | D: s8: <$431.20) → <$431.22) | D: s2: (mid-cycle) $539.00 → $539.02 | D: s6: $667 รวม −36% (ณ −14% ปี) $51.3 13x → $666.83 −38% $51.29 13.0x | D: s6: $1;460 รวม +40% (ณ +12% ปี) $97.4 15x → $1;460.24 +35% $97.35 15.0x | D: rd/sm fv: 539 → 539.02 | D: rd/sm values.fvHigh: 576 → 576.03",2,2,4,10,4,0,2,14,,0.01
MXL,US,HUMAN,"custom cards 5 > 4 — dropped ""ผลประกอบการ Q2 2026"" | TEXT LOST ×5: ผลประกอบการ GAAP EPS พลิกกำไรครั้งแรก nonGAAP | D: FV 29 → 29.21 (family weights) | D: scn.bear.tgt 35 → 34.94 | D: scn.base.tgt 109 → 109.38 | D: scn.bull.tgt 213 → 213.4 | D: s2: $29.00 → $29.21 | D: s3: $34 $29.00 → $34.00 $29.21 | D: s3: $29.00 → $29.21 | D: s4: $29.00 $20.30 $23.20 $29.00 → $29.21 $20.45 $23.37 $29.21 $34.00 | D: s4: $125 → | D: s4: $29.00 → $29.21 | D: s5: −194% → −192% | D: s5: $29.00 → $29.21 | D: s6: $35.00 → $34.94 | D: s6: $109.00 → $109.38 | D: s6: $213.00 → $213.40 | D: s7: $29.00 → $29.21 | D: s8: $29.00 → $29.21 | D: s8: $29.00 ($24.00–$34.00) → $29.21 ($24.41–$34.00) | D: s8: −194% → −192% | D: s8: $23.20 → $23.37 | D: disc: ($24.00–$34.00) → ($24.41–$34.00) | D: s1: ผลประกอบการ Q2 2026 +$1.76M GAAP EPS +$0.02 (พลิกกำไรครั้งแรก) • non-GAAP +$0.35 0% → 0.00% | D: rd/sm fv: 29 → 29.21 | D: rd/sm values.fvLow: 24 → 24.41 | D: rd/sm values.scenarios[0].tgt: 35 → 34.94 | D: rd/sm values.scenarios[1].tgt: 109 → 109.38 | D: rd/sm values.scenarios[2].tgt: 213 → 213.4 | D: rd/sm sm.mos: -194.2 → -192.1 | D: rd/sm sm.upside: -66 → -65.8 | D: rd/sm sm.fairValue: 29 → 29.21",2,2,5,18,10,0,5,14,,2.1
NBIS,US,HUMAN,"FV 82.34 outside the fv legs [9.05; 73.29] | leg 3 declared sotp has no extras table (E52) | TEXT LOST ×7: Avride บริบท floor เท่านั้น ไม่รวมเฉลี่ย รายได้เป้า กลาง | D: FV 82.34 → 41.17 (family weights) | D: scn.bear.tgt 42 → 42.02 | D: scn.bull.tgt 450.24 → 450.35 | D: s2: $82.34 → $41.17 | D: s3: $82.34 → $41.17 | D: s3: $82.34 → $41.17 | D: s3: $75.22 → $9.05 | D: s3: $88.76 → $73.29 | D: s4: $82.34 $57.64 $65.87 $82.34 $88.76 → $41.17 $28.82 $32.94 $41.17 $73.29 | D: s4: ($88.76) → ($73.29) | D: s4: ($82.34) → ($41.17) | D: s5: −196% → −491% | D: s6: $42.00 → $42.02 | D: s6: $450.24 → $450.35 | D: s8: $82.34 → $41.17 | D: s8: $82.34 ($75.22–$88.76) → $41.17 ($9.05–$73.29) | D: s8: −196% → −491% | D: s8: ($57.64–$65.87) → ($28.82–$32.94) | D: rd/sm fv: 82.34 → 41.17 | D: rd/sm values.fvLow: 75.22 → 9.05 | D: rd/sm values.fvHigh: 88.76 → 73.29 | D: rd/sm values.scenarios[0].tgt: 42 → 42.02 | D: rd/sm values.scenarios[2].tgt: 450.24 → 450.35 | D: rd/sm chart.min: 50 → 0 | D: rd/sm chart.grid: 100;150;200;250 → 100;200 | D: rd/sm sm.mos: -195.7 → -491.4 | D: rd/sm sm.upside: -66.2 → -83.1 | D: rd/sm sm.fairValue: 82.34 → 41.17",3,2,7,15,12,0,2,8,,295.7
NBIX,US,VALUE-DRIFT,"scn.bear.tgt 118 → 118.43 | scn.base.tgt 247 → 246.52 | scn.bull.tgt 386 → 386.17 | prose stale copies ×2 (mos@analysis;px@analysis) | s2: $186.00 → $186.11 | s3: $180 $186.00 → $179.90 $186.11 | s4: $186.00 $130.20 $148.80 $186.00 $192.00 → $186.11 $130.28 $148.89 $186.11 $192.32 | s4: $186.00 → $186.11 | s4: $148.80 → $148.89 | s4: $130.20 → $130.28 | s6: $118.00 → $118.43 | s6: $247.00 +78% → $246.52 +77% | s6: $386.00 → $386.17 | s8: $186.00 → $186.11 | s8: $186.00 → $186.11 | s8: $148.80 $186.00 ($180.00–$192.00) → $148.89 $186.11 ($179.90–$192.32) | s8: $130.20 → $130.28 | rd/sm fv: 186 → 186.11 | rd/sm values.fvLow: 180 → 179.9 | rd/sm values.fvHigh: 192 → 192.32 | rd/sm values.scenarios[0].tgt: 118 → 118.43 | rd/sm values.scenarios[1].tgt: 247 → 246.52 | rd/sm values.scenarios[2].tgt: 386 → 386.17",2,2,0,13,7,2,2,8,mixed,0.36
NCAP,TH,CLEAN,"leg 1: multipleSource author (negated median) | analyst.target 6 from gauge ""เป้า Analyst (Yahoo · 1 ราย)"" (no values.analystTgt) | prose literals → tokens ×10 | rd/sm gauge.max: 6.5 → 7",2,2,0,0,1,0,0,4,,0
NDAQ,US,VALUE-DRIFT,"scn.bull.tgt 114.8 → 114.77 | s2: $86.73 → $86.74 | s2: $86.73 → $86.74 | s3: $84.62 $86.73 → $84.65 $86.74 | s4: $86.73 $60.71 $69.38 $86.73 → $86.74 $60.72 $69.39 $86.74 | s4: $86.73 → $86.74 | s4: ($69.38) → ($69.39) | s4: ($60.71) → ($60.72) | s6: $114.80 → $114.77 | s8: $86.73 → $86.74 | s8: $86.73 ($84.62–$88.84) → $86.74 ($84.65–$88.84) | s8: $86.73 → $86.74 | s8: ($69.38) → ($69.39) | rd/sm fv: 86.73 → 86.74 | rd/sm values.fvLow: 84.62 → 84.65 | rd/sm values.scenarios[2].tgt: 114.8 → 114.77",2,2,0,12,5,0,1,5,multi-rounding,0.04
NDSN,US,VALUE-DRIFT,"prose:prose.gauge ""$350"" → {{analyst.target}} | prose:prose.gauge ""+12.2%"" → {{analyst.pct}} | s2: $245.00 → $244.75 | s2: $245.00 → $244.75 | s3: $245.00 → $244.75 | s3: $245.00 → $244.75 | s4: $245.00 $171.50 $196.00 $245.00 → $244.75 $171.33 $195.80 $244.75 | s4: $245.00 → $244.75 | s4: $245.00 → $244.75 | s4: $196.00 → $195.80 | s4: $171.50 → $171.33 | s4: $350 (+12.2%) → $350.00 (+8%) | s6: $13.90 → $13.89 | s8: $245.00 → $244.75 | s8: $245.00 → $244.75 | s8: $196.00 → $195.80 | s8: $245.00 ($220.00–$270.00) → $244.75 ($219.51–$270.00) | s8: $245.00 → $244.75 | s8: ($196.00) → ($195.80) | rd/sm fv: 245 → 244.75 | rd/sm values.fvLow: 220 → 219.51 | rd/sm sm.mos: -31.9 → -32.1",2,2,0,17,4,0,0,8,mixed,0.22
NEE,US,HUMAN,"leg 3 analyst target as fv (""3. Analyst Consensus"") | D: scn.base.tgt 112 → 112.24 | D: scn.bull.tgt 133 → 132.93 | D: s2: $95.00 → $94.57 | D: s3: $98 $95.00 → $98.00 $94.57 | D: s4: $95.00 $66.50 $76.00 $95.00 → $94.57 $66.20 $75.66 $94.57 $98.00 | D: s4: $114 → | D: s4: $95.00 → $94.57 | D: s5: $95.00 → $94.57 | D: s6: $112.00 → $112.24 | D: s6: $133.00 → $132.93 | D: s8: $95.00 → $94.57 | D: s8: $95.00 ($91.00–$98.00) → $94.57 ($90.72–$98.00) | D: rd/sm fv: 95 → 94.57 | D: rd/sm values.fvLow: 91 → 90.72 | D: rd/sm values.scenarios[1].tgt: 112 → 112.24 | D: rd/sm values.scenarios[2].tgt: 133 → 132.93 | D: rd/sm sm.mos: 20.4 → 20 | D: rd/sm sm.upside: 25.6 → 25.1",3,3,0,10,7,0,2,11,,0.5
NEM,US,HUMAN,"custom cards 5 > 4 — dropped ""Net Cash"" | TEXT LOST ×4: Net Cash เงินสด หนี้ | D: scn.bear.tgt 68.4 → 67.39 | D: scn.bull.tgt 165.2 → 163.63 | D: prose stale copies ×2 (pe@analysis) | D: s2: $82.00 → $82.13 | D: s3: $70 $82.00 → $70.00 $82.13 | D: s3: $82.00 → $82.13 | D: s4: $82.00 $57.40 $65.60 $82.00 $121.30 $135.8 → $82.13 $57.49 $65.70 $82.13 $94.25 $135.80 | D: s4: $82.00 → $82.13 | D: s4: ($65.60) → ($65.70) | D: s4: ($57.40) → ($57.49) | D: s4: $65.60–$82.00 → $65.70–$82.13 | D: s5: $82.00 → $82.13 | D: s6: $68.40 −42% $3.80 18x → $67.39 −43% $3.74 18.0x | D: s6: $165.20 +39% $11.80 14x → $163.63 +38% $11.69 14.0x | D: s8: $82.00 → $82.13 | D: s8: $82.00 ($70.00–$94.00) → $82.13 ($70.00–$94.25) | D: s8: <$82.00 → <$82.13 | D: s8: <$65.60 → <$65.70 | D: s8: <$57.40 → <$57.49 | D: s8: +39%) → +38%) | D: rd/sm fv: 82 → 82.13 | D: rd/sm values.fvHigh: 94 → 94.25 | D: rd/sm values.scenarios[0].tgt: 68.4 → 67.39 | D: rd/sm values.scenarios[2].tgt: 165.2 → 163.63 | D: rd/sm sm.mos: -47.9 → -47.7",2,2,4,17,7,2,5,12,,1.48
NEO,TH,VALUE-DRIFT,"scn.bear.tgt 15.1 → 15.09 | scn.base.tgt 34 → 33.99 | scn.bull.tgt 51.6 → 51.56 | prose stale copies ×1 (pe@analysis) | s3: ฿39.95 → ฿39.94 | s4: ฿39.95 → ฿39.94 | s6: ฿15.10 → ฿15.09 | s6: ฿34.00 → ฿33.99 | s6: ฿51.60 → ฿51.56 | s8: (฿22.35–฿39.95) → (฿22.35–฿39.94) | rd/sm values.fvHigh: 39.95 → 39.94 | rd/sm values.scenarios[0].tgt: 15.1 → 15.09 | rd/sm values.scenarios[1].tgt: 34 → 33.99 | rd/sm values.scenarios[2].tgt: 51.6 → 51.56",2,2,0,6,6,1,1,8,mixed,0.08
NET,US,HUMAN,"TEXT LOST ×4: โตปีละ รายได้ปี รายได้ปี รายได้ปี | D: scn.bear.tgt 151 → 53.7 | D: scn.base.tgt 248 → 88.38 | D: scn.bull.tgt 372 → 132.55 | D: s1: ~46x → 50.9x | D: s1: −$0.29 → ~$-0.29 | D: s2: $86.00 → $86.26 | D: s3: $109 $86.00 → $109.00 $86.26 | D: s4: $86.00 $60.20 $68.80 $86.00 → $86.26 $60.38 $69.01 $86.26 $109.00 | D: s4: $86.00 → $86.26 | D: s5: −317% → −316% | D: s5: $86.00 → $86.26 | D: s6: $151.00 −58% (−25% → $53.70 −85% (−47% | D: s6: $248.00 −31% (−12% → $88.38 −75% (−37% | D: s6: $372.00 +4% (+1.3% → $132.55 −63% (−28% | D: s8: $86.00 → $86.26 | D: s8: $86.00 ($64.00–$109.00) → $86.26 ($63.52–$109.00) | D: s8: −317% → −316% | D: s8: $68.80 → $69.01 | D: s8: $60.20) → $60.38) | D: s6: รายได้ปี 3 $4.13B → $4.13 | D: s6: รายได้ปี 3 $4.91B → $4.91 | D: s6: รายได้ปี 3 $5.52B → $5.52 | D: rd/sm fv: 86 → 86.26 | D: rd/sm values.fvLow: 64 → 63.52 | D: rd/sm values.scenarios[0].tgt: 151 → 53.7 | D: rd/sm values.scenarios[1].tgt: 248 → 88.38 | D: rd/sm values.scenarios[2].tgt: 372 → 132.55 | D: rd/sm sm.mos: -317.2 → -316",2,2,4,19,8,0,0,9,,64.44
NETBAY,TH,HUMAN,"TEXT LOST ×1: ยั่งยืน | D: scn.bear.tgt 8.3 → 8.32 | D: scn.base.tgt 16.8 → 16.84 | D: scn.bull.tgt 24.5 → 24.53 | D: prose stale copies ×2 (px@analysis;pe@analysis) | D: s2: ฿15.70 → ฿15.68 | D: s3: ฿17.2 ฿15.70 → ฿17.18 ฿15.68 | D: s3: ฿15.70 → ฿15.68 | D: s4: ฿15.70 ฿10.99 ฿12.56 ฿15.00 ฿15.70 ฿17.20 → ฿15.68 ฿8.20 ฿10.98 ฿12.54 ฿15.68 ฿17.18 | D: s4: (฿12.56) → (฿12.54) | D: s4: (฿10.99) → (฿10.98) | D: s4: ฿15.70 → ฿15.68 | D: s5: +24% → +23% | D: s6: ฿8.30 → ฿8.32 | D: s6: ฿16.80 → ฿16.84 | D: s6: ฿24.50 → ฿24.53 | D: s8: +24% → +23% | D: s8: ฿15.70 → ฿15.68 | D: s8: ฿15.70 (฿15.00–฿17.20) → ฿15.68 (฿14.99–฿17.18) | D: s8: +24% → +23% | D: s8: +24%) → +23%) | D: s8: ฿12.56 → ฿12.54 | D: s8: ฿10.99 → ฿10.98 | D: rd/sm fv: 15.7 → 15.68 | D: rd/sm values.fvLow: 15 → 14.99 | D: rd/sm values.fvHigh: 17.2 → 17.18 | D: rd/sm values.scenarios[0].tgt: 8.3 → 8.32 | D: rd/sm values.scenarios[1].tgt: 16.8 → 16.84 | D: rd/sm values.scenarios[2].tgt: 24.5 → 24.53",3,3,1,18,8,2,0,7,,0.24
NFG,US,CLEAN,"analyst.target 92 from gauge ""เป้าเฉลี่ย Analyst"" (no values.analystTgt) | prose literals → tokens ×6 | rd/sm gauge.min: 60 → 50 | rd/sm gauge.max: 110 → 100",2,2,0,0,2,0,1,4,,0
NFLX,US,VALUE-DRIFT,"scn.bear.tgt 59 → 58.71 | scn.base.tgt 116 → 115.79 | scn.bull.tgt 186 → 186.24 | prose:catalysts[4] ""$94"" → {{analyst.target}} | prose:catalysts[4] ""+30.8%"" → {{analyst.pct}} | s2: $90.00 → $90.34 | s3: $71 $90.00 → $71.00 $90.34 | s3: $71.00–$110.00 → $71.00–$109.68 | s4: $90.00 $63.00 $72.00 $90.00 $94 $110.00 → $90.34 $63.24 $72.27 $90.34 $94.00 $109.68 | s4: ($72.00) → ($72.27) | s4: ($63.00) → ($63.24) | s5: +20% → +21% | s5: $90.00 → $90.34 | s6: $59.00 → $58.71 | s6: $116.00 +62% → $115.79 +61% | s6: $186.00 +159% → $186.24 +160% | s6: +159% → +160% | s8: $90.00 → $90.34 | s8: +20% → +21% | s8: $71.00–$110.00 → $71.00–$109.68 | s8: $90.00 ($71–110) → $90.34 ($71.00–$109.68) | s8: +20% → +21% | s8: ($72.00) → ($72.27) | s8: $90.00 → $90.34 | rd/sm fv: 90 → 90.34 | rd/sm values.fvHigh: 110 → 109.68 | rd/sm values.scenarios[0].tgt: 59 → 58.71 | rd/sm values.scenarios[1].tgt: 116 → 115.79 | rd/sm values.scenarios[2].tgt: 186 → 186.24 | rd/sm sm.mos: 20.3 → 20.6 | rd/sm sm.upside: 25.5 → 26",2,2,0,19,8,0,0,10,mixed,0.5
NI,US,HUMAN,"scenarios.cases[0] .ret annotation ""รวม / ~−1.4%/ปี"" not carried — a per-year/number label would mislabel the v3 total return | scenarios.cases[1] .ret annotation ""รวม / ~6.3%/ปี"" not carried — a per-year/number label would mislabel the v3 total return | scenarios.cases[2] .ret annotation ""รวม / ~11.1%/ปี"" not carried — a per-year/number label would mislabel the v3 total return | TEXT LOST ×4: NI รวม รวม รวม | D: scn.bear.tgt $33.90 → 33.92 | D: scn.base.tgt $43.23 → 43.21 | D: scn.bull.tgt $49.77 → 49.73 | D: prose stale copies ×3 (px@analysis;pe@analysis) | D: s1: ~$18.76 → $18.8B | D: s1: ~13.2% → · | D: s2: $45.11 → $45.10 | D: s2: $45.11 → $45.10 | D: s3: $45.11 → $45.10 | D: s3: $45.11 → $45.10 | D: s4: $45.11 $31.58 $36.09 $45.11 → $45.10 $31.57 $36.08 $45.10 | D: s4: $45.11 → $45.10 | D: s4: ($36.09) → ($36.08) | D: s4: $31.58–$36.09 → $31.57–$36.08 | D: s8: $45.11 → $45.10 | D: s8: $31.58–$36.09 $45.11 → $31.57–$36.08 $45.10 | D: s8: $36.09 → $36.08 | D: s8: $31.58 → $31.57 | D: s6: $33.90 −4.0% รวม −1.4% ปี → $33.92 −4% | D: s6: $43.23 +20.2% รวม 6.3% ปี → $43.21 +20% | D: s6: $49.77 +37.2% รวม 11.1% ปี → $49.73 +37% | D: rd/sm fv: 45.11 → 45.1",2,2,4,17,2,3,0,4,,0.02
NKE,US,HUMAN,"scenarios.cases[0] .ret annotation ""(+4.92 ปันผล = ~+4%)"" not carried — a per-year/number label would mislabel the v3 total return | scenarios.cases[1] .ret annotation ""(+4.92 ปันผล = ~+71%)"" not carried — a per-year/number label would mislabel the v3 total return | scenarios.cases[2] .ret annotation ""(+4.92 ปันผล = ~+147%)"" not carried — a per-year/number label would mislabel the v3 total return | TEXT LOST ×8: Consumer Discretionary Footwear Apparel NYSE ปันผล ปันผล ปันผล | D: prose stale copies ×2 (px@analysis;pe@analysis) | D: s2: $56.00 → $55.85 | D: s3: $56.00 → $55.85 | D: s3: $56.00 → $55.85 | D: s4: $56.00 $39.20 $44.80 $48 $56.00 $72.00 → $55.85 $39.10 $44.68 $48.00 $55.85 $71.82 | D: s4: ($39.20) → ($39.10) | D: s4: $56.00 → $55.85 | D: s8: $56.00 → $55.85 | D: s8: $56.00 ($40.00–$72.00) → $55.85 ($39.87–$71.82) | D: s8: $44.80 → $44.68 | D: s8: $39.20 → $39.10 | D: s6: −9.5% (+4.92 ปันผล = +4%) → +3% | D: s6: +57.4% (+4.92 ปันผล = +71%) → +69% | D: s6: +133.2% (+4.92 ปันผล = +147%) → +144% | D: rd/sm fv: 56 → 55.85 | D: rd/sm values.fvLow: 40 → 39.87 | D: rd/sm values.fvHigh: 72 → 71.82 | D: rd/sm sm.upside: 55.6 → 55.2",2,2,8,13,6,2,0,9,,0.4
NNN,US,HUMAN,"custom cards 5 > 4 — dropped ""Occupancy / Lease Term"" | TEXT LOST ×7: Occupancy Lease Term properties states sq ft | D: prose stale copies ×1 (pe@analysis) | D: s2: $46.00 → $45.95 | D: s3: $51.08 $46.00 → $51.09 $45.95 | D: s4: $46.00 $32.20 $36.80 $46.00 → $45.95 $32.17 $36.76 $45.95 | D: s4: $51.00 → $51.09 | D: s4: $46.00 → $45.95 | D: s4: $36.80 → $36.76 | D: s5: ($36.80) → ($36.76) | D: s8: $46.00 → $45.95 | D: s8: $46.00 ($41.00–$51.00) → $45.95 ($40.80–$51.09) | D: s8: $36.80 → $36.76 | D: s1: Occupancy Lease Term ~99.4% 10.1 ปี 3;711 properties → 0.79 BBB | D: rd/sm fv: 46 → 45.95 | D: rd/sm values.fvLow: 41 → 40.8 | D: rd/sm values.fvHigh: 51 → 51.09",2,2,7,11,3,1,5,5,,0.49
NOC,US,VALUE-DRIFT,"scn.bear.tgt 431 → 431.24 | scn.base.tgt 638 → 637.79 | scn.bull.tgt 797 → 796.6 | prose:prose.gauge ""$646"" → {{analyst.target}} | prose:prose.gauge ""+22.6%"" → {{analyst.pct}} | prose:prose.verdictBody ""$646"" → {{analyst.target}} | prose:prose.verdictBody ""+22.6%"" → {{analyst.pct}} | prose stale copies ×1 (px@analysis) | s2: $497.00 → $497.30 | s3: $462 $497.00 → $462.25 $497.30 | s4: $497.00 $347.90 $397.60 $497.00 $532.00 $646 → $497.30 $348.11 $397.84 $497.30 $532.35 $646.00 | s4: ($497.00) → ($497.30) | s4: $646 (+22.6%) → $646.00 (+27%) | s4: ($397.60) → ($397.84) | s4: ($347.90) → ($348.11) | s6: $431.00 → $431.24 | s6: $638.00 → $637.79 | s6: $797.00 → $796.60 | s8: ($497.00) → ($497.30) | s8: $646 (+22.6%) → $646.00 (+27%) | s8: $497.00 ($462.00–$532.00) → $497.30 ($462.25–$532.35) | s8: ($397.60) → ($397.84) | rd/sm fv: 497 → 497.3 | rd/sm values.fvLow: 462 → 462.25 | rd/sm values.fvHigh: 532 → 532.35 | rd/sm values.scenarios[0].tgt: 431 → 431.24 | rd/sm values.scenarios[1].tgt: 638 → 637.79 | rd/sm values.scenarios[2].tgt: 797 → 796.6",2,2,0,14,8,1,1,7,mixed,0.07
NOK,US,HUMAN,"first header tag not ""<EXCH>: NOK"" (""NYSE: NOK (ADR)"") | custom cards 5 > 4 — dropped ""เงินสดสุทธิ (Net cash)"" | TEXT LOST ×10: ADR ADR เงินสดสุทธิ Net cash Cash Debt TTM | D: s1: ~74x → 26.7x",2,2,10,1,2,0,5,11,,0
NOVT,US,VALUE-DRIFT,"scn.base.tgt 145.9 → 145.94 | scn.bull.tgt 224.4 → 224.38 | prose stale copies ×1 (pe@analysis) | s1: ~84.27x → 89.6x | s6: $145.90 → $145.94 | s6: $224.40 → $224.38 | rd/sm values.scenarios[1].tgt: 145.9 → 145.94 | rd/sm values.scenarios[2].tgt: 224.4 → 224.38 | rd/sm sm.pe: 38.5 → 89.575949",2,2,0,3,4,1,0,7,mixed,132.66
NOW,US,VALUE-DRIFT,"scn.bear.tgt 92 → 92.29 | scn.base.tgt 160 → 160.49 | scn.bull.tgt 248 → 248.32 | s2: $160.00 → $160.74 | s3: $195 $160.00 → $195.00 $160.74 | s3: $160.00 → $160.74 | s4: $160.00 $112.00 $128.00 → $160.74 $112.52 $128.59 | s4: $160.00 $195 → $160.74 $195.00 | s4: $160.00 → $160.74 | s5: $160.00 → $160.74 | s6: $92.00 → $92.29 | s6: $160.00 → $160.49 | s6: $248.00 → $248.32 | s8: $160.00 → $160.74 | s8: $160.00 ($126.00–$195.00) → $160.74 ($126.47–$195.00) | s8: $128.00 → $128.59 | s8: $112.00) → $112.52) | header: 24 ก.ย. 2569 → · | rd/sm fv: 160 → 160.74 | rd/sm values.fvLow: 126 → 126.47 | rd/sm values.scenarios[0].tgt: 92 → 92.29 | rd/sm values.scenarios[1].tgt: 160 → 160.49 | rd/sm values.scenarios[2].tgt: 248 → 248.32 | rd/sm sm.mos: 13.9 → 14.3 | rd/sm sm.upside: 16.1 → 16.7",2,2,0,15,9,0,2,10,mixed,0.6
NRF,TH,HUMAN,"failed before compare — compute: scenarios.cases[0].growth: ต้องมี (ตัวเลข) | scenarios.driver ""ขาดทุนต่อเนื่อง"" not in [""eps"";""ffo"";""revenuePerShare"";""bvps"";""fcfPerShare"";""de"";""fre""] | scenarios.cases[0].growth unreadable (""ขาดทุนต่อเนื่อง"") | scenarios.cases[1].growth unreadable (""ทยอยฟื้นตัว"") | scenarios.cases[2].growth unreadable (""ฟื้นตัวเร็ว"") | scenarios: no base for driver eps (fundamentals and printed end value both missing) | schema scenarios.cases[0].growth: ต้องมี (ตัวเลข) | schema scenarios.cases[1].growth: ต้องมี (ตัวเลข) | schema scenarios.cases[2].growth: ต้องมี (ตัวเลข)",2,2,0,0,0,0,3,5,,0
NRG,US,HUMAN,"fy periods conflict across FY cards | D: scn.bear.tgt 90 → 90.1 | D: scn.base.tgt 144 → 144.07 | D: scn.bull.tgt 198 → 197.79 | D: s2: $129.00 → $128.80 | D: s3: $133 $129.00 → $133.00 $128.80 | D: s4: $129.00 $90.30 $103.20 $129.00 → $128.80 $90.16 $103.04 $128.80 $133.00 | D: s4: $270 → | D: s4: $129.00 → $128.80 | D: s5: $129.00 → $128.80 | D: s6: $90.00 → $90.10 | D: s6: $144.00 → $144.07 | D: s6: $198.00 → $197.79 | D: s8: $129.00 ($118.00–$140.00) → $128.80 ($124.60–$133.00) | D: s8: <$103.20; → <$103.04; | D: s8: <$90.30) → <$90.16) | D: rd/sm fv: 129 → 128.8 | D: rd/sm values.fvLow: 118 → 124.6 | D: rd/sm values.fvHigh: 140 → 133 | D: rd/sm values.scenarios[0].tgt: 90 → 90.1 | D: rd/sm values.scenarios[1].tgt: 144 → 144.07 | D: rd/sm values.scenarios[2].tgt: 198 → 197.79 | D: rd/sm sm.upside: 31.8 → 31.6",2,2,0,12,9,0,3,12,,5.59
NSC,US,VALUE-DRIFT,"scn.bear.tgt 199 → 198.55 | scn.base.tgt 303 → 302.94 | scn.bull.tgt 369 → 368.66 | prose stale copies ×1 (pe@analysis) | s2: $224.00 → $224.16 | s3: $201 $224.00 → $201.02 $224.16 | s3: $224.00 → $224.16 | s4: $224.00 $156.80 $179.20 $224.00 $247.00 $365 → $224.16 $156.91 $179.33 $224.16 $247.29 $365.00 | s4: $224.00 → $224.16 | s4: $224.00; → $224.16; | s4: $179.20 → $179.33 | s4: $156.80 → $156.91 | s6: $199.00 −36% → $198.55 −37% | s6: $303.00 → $302.94 | s6: $369.00 → $368.66 | s6: $303.00 → $302.94 | s8: $224.00 → $224.16 | s8: $224.00 ($201.00–$247.00) → $224.16 ($201.02–$247.29) | s8: $224.00 → $224.16 | s8: $179.20 → $179.33 | rd/sm fv: 224 → 224.16 | rd/sm values.fvLow: 201 → 201.02 | rd/sm values.fvHigh: 247 → 247.29 | rd/sm values.scenarios[0].tgt: 199 → 198.55 | rd/sm values.scenarios[1].tgt: 303 → 302.94 | rd/sm values.scenarios[2].tgt: 369 → 368.66",2,2,0,16,7,1,0,6,mixed,0.23
NSL,TH,VALUE-DRIFT,"s1: ~11.24x → 11.1x | s2: ฿35.60 → ฿35.61 | s3: ฿35.60 → ฿35.61 | s3: ฿35.60 → ฿35.61 | s4: ฿35.60 ฿24.92 ฿28.48 → ฿35.61 ฿24.93 ฿28.49 | s4: ฿35.60 → ฿35.61 | s4: (฿24.92) → (฿24.93) | s4: ฿35.60 → ฿35.61 | s8: ฿35.60 → ฿35.61 | s8: ฿35.60 → ฿35.61 | rd/sm fv: 35.6 → 35.61",3,3,0,10,3,0,0,4,fv-rounding,0.03
NTAP,US,VALUE-DRIFT,"scn.base.tgt 160.77 → 160.76 | prose stale copies ×1 (pe@analysis) | s1: ~27.9x → 27.8x | s6: $160.77 → $160.76 | rd/sm values.scenarios[1].tgt: 160.77 → 160.76",2,2,0,2,3,1,0,5,mixed,0.01
NTES,US,HUMAN,"leg 3 analyst target as fv (""3. Analyst Intrinsic"") | D: scn.bear.tgt 104 → 103.47 | D: scn.base.tgt 151 → 151.17 | D: scn.bull.tgt 195 → 194.79 | D: prose stale copies ×1 (upside@analysis) | D: s1: ~$74 พันล้าน → $377B | D: s2: $138.00 → $137.83 | D: s3: $148 $138.00 → $148.00 $137.83 | D: s4: $138.00 $96.60 $110.40 $138.00 → $137.83 $96.48 $110.26 $137.83 $148.00 | D: s4: $190 → | D: s5: $138.00 → $137.83 | D: s6: $104.00 → $103.47 | D: s6: $151.00 +28% → $151.17 +29% | D: s6: $195.00 → $194.79 | D: s8: $138.00 ($128.00–$148.00) → $137.83 ($127.50–$148.00) | D: rd/sm fv: 138 → 137.83 | D: rd/sm values.fvLow: 128 → 127.5 | D: rd/sm values.scenarios[0].tgt: 104 → 103.47 | D: rd/sm values.scenarios[1].tgt: 151 → 151.17 | D: rd/sm values.scenarios[2].tgt: 195 → 194.79 | D: rd/sm sm.upside: 17.4 → 17.2",3,3,0,10,8,1,3,15,,0.51
NTRA,US,HUMAN,"failed before compare — compute: scenarios.cases[0].exitMultiple: ต้องมี (ตัวเลข) | scenarios.cases[0].exitMultiple unreadable | scenarios.cases[1].exitMultiple unreadable | scenarios.cases[2].exitMultiple unreadable | schema scenarios.cases[0].exitMultiple: ต้องมี (ตัวเลข) | schema scenarios.cases[1].exitMultiple: ต้องมี (ตัวเลข) | schema scenarios.cases[2].exitMultiple: ต้องมี (ตัวเลข) | custom cards 6 > 4 — dropped ""เงินสด & รายการเทียบเท่า""; ""Guidance รายได้ FY69 (2026)""",2,2,0,0,0,0,6,7,,0
NTRS,US,VALUE-DRIFT,"scn.bear.tgt 127 → 126.88 | scn.base.tgt 209 → 209.01 | scn.bull.tgt 276 → 276.55 | s1: ~17.2x → 16.8x | s2: $168.00 → $167.83 | s3: $176 $168.00 → $176.00 $167.83 | s3: $168.00 → $167.83 | s4: $168.00 $117.60 $134.40 $168.00 $174.00 $184 → $167.83 $117.48 $134.26 $167.83 $176.00 $184.27 | s4: $168.00 → $167.83 | s4: $134.40 → $134.26 | s5: $134.40 → $134.26 | s6: $127.00 → $126.88 | s6: $209.00 → $209.01 | s6: $276.00 +65% → $276.55 +66% | s8: $168.00 → $167.83 | s8: $134.40 → $134.26 | s8: $168.00 ($162.00–$174.00) → $167.83 ($161.77–$176.00) | s8: $168.00 → $167.83 | s8: $134.40 → $134.26 | rd/sm fv: 168 → 167.83 | rd/sm values.fvLow: 162 → 161.77 | rd/sm values.fvHigh: 174 → 176 | rd/sm values.scenarios[0].tgt: 127 → 126.88 | rd/sm values.scenarios[1].tgt: 209 → 209.01 | rd/sm values.scenarios[2].tgt: 276 → 276.55 | rd/sm sm.pe: 17.2 → 16.827387",3,3,0,16,9,0,4,12,mixed,2.17
NTV,TH,HUMAN,"TEXT LOST ×4: Healthcare โรงพยาบาลเอกชน SET EPS | D: prose stale copies ×3 (pe@analysis) | D: s1: ~13.44x → 13.5x | D: s4: ฿18.85 → ",2,2,4,2,2,3,1,3,,0
NUE,US,HUMAN,"TEXT LOST ×1: ปกติวัฏจักร | D: scn.bear.tgt 126 → 126.08 | D: scn.base.tgt 176 → 175.91 | D: scn.bull.tgt 336 → 335.81 | D: s2: $154.00 → $153.41 | D: s2: $154.00 → $153.41 | D: s3: $169 $154.00 → $168.88 $153.41 | D: s3: $154.00 → $153.41 | D: s3: $138.00–$169.00 → $137.95–$168.88 | D: s4: $154.00 $107.80 $123.20 $154.00 $169.00 → $153.41 $107.39 $122.73 $153.41 $168.88 | D: s4: $154.00 → $153.41 | D: s4: −61%) → −62%) | D: s4: $169.00 → $168.88 | D: s4: $123.20 → $122.73 | D: s4: $107.80 → $107.39 | D: s5: −61% → −62% | D: s6: $126.00 → $126.08 | D: s6: $9.00 → $9.01 | D: s6: $176.00 → $175.91 | D: s6: $16.00 → $15.99 | D: s6: $336.00 → $335.81 | D: s6: $24.00 → $23.99 | D: s6: ($138.00–$169.00) → ($137.95–$168.88) | D: s8: $154.00 → $153.41 | D: s8: −61%) → −62%) | D: s8: $154.00 ($138.00–$169.00) → $153.41 ($137.95–$168.88) | D: s8: −61% → −62% | D: s8: ($138.00–$169.00) → ($137.95–$168.88) | D: rd/sm fv: 154 → 153.41 | D: rd/sm values.fvLow: 138 → 137.95 | D: rd/sm values.fvHigh: 169 → 168.88 | D: rd/sm values.scenarios[0].tgt: 126 → 126.08 | D: rd/sm values.scenarios[1].tgt: 176 → 175.91 | D: rd/sm values.scenarios[2].tgt: 336 → 335.81 | D: rd/sm sm.mos: -61 → -61.6 | D: rd/sm sm.upside: -37.9 → -38.1",2,2,1,24,10,0,0,6,,0.6
NVDA,US,VALUE-DRIFT,"scn.bear.tgt 190 → 189.51 | scn.base.tgt 402 → 401.68 | scn.bull.tgt 623 → 622.77 | s2: $239.00 → $239.06 | s3: $225 $239.00 → $225.00 $239.06 | s4: $239.00 $167.30 $191.20 $239.00 → $239.06 $167.34 $191.25 $239.06 $253.12 | s4: $239.00 → $239.06 | s5: $239.00 → $239.06 | s5: $191.20 → $191.25 | s6: $190.00 −15% (−5% → $189.51 −16% (−6% | s6: $402.00 → $401.68 | s6: $623.00 → $622.77 | s8: $239.00 ($225.00–$253.00) → $239.06 ($225.00–$253.12) | s8: $191.20) → $191.25) | rd/sm fv: 239 → 239.06 | rd/sm values.fvHigh: 253 → 253.12 | rd/sm values.scenarios[0].tgt: 190 → 189.51 | rd/sm values.scenarios[1].tgt: 402 → 401.68 | rd/sm values.scenarios[2].tgt: 623 → 622.77",2,2,0,11,6,0,1,9,multi-rounding,0.26
NVMI,US,HUMAN,"TEXT LOST ×1: มัธยฐานเดียวกัน | D: scn.bear.tgt 223 → 222.82 | D: scn.base.tgt 412 → 411.63 | D: scn.bull.tgt 521 → 521.19 | D: s2: $307.00 → $306.84 | D: s3: $350 $307.00 → $349.98 $306.84 | D: s4: $307.00 $214.90 $245.60 $307.00 → $306.84 $214.79 $245.47 $306.84 $349.98 | D: s4: ($307.00) → ($306.84) | D: s5: −19% → −20% | D: s5: $307.00 (−19%) → $306.84 (−20%) | D: s5: ($350.00) → ($349.98) | D: s6: $223.00 → $222.82 | D: s6: $412.00 → $411.63 | D: s6: $521.00 → $521.19 | D: s8: $307.00 ($264.00–$350.00) → $306.84 ($263.71–$349.98) | D: s8: −19% → −20% | D: s8: $245.60 → $245.47 | D: s8: $214.90) → $214.79) | D: header: • ห่างจากจุดสูงสุด $615.99 → | D: rd/sm fv: 307 → 306.84 | D: rd/sm values.fvLow: 264 → 263.71 | D: rd/sm values.fvHigh: 350 → 349.98 | D: rd/sm values.scenarios[0].tgt: 223 → 222.82 | D: rd/sm values.scenarios[1].tgt: 412 → 411.63 | D: rd/sm values.scenarios[2].tgt: 521 → 521.19",2,2,1,15,7,0,0,6,,0.11
NVO,US,VALUE-DRIFT,"scn.bear.tgt 31 → 31.41 | scn.base.tgt 46 → 45.94 | scn.bull.tgt 63 → 62.92 | s1: 6.42 → 5.76x | s2: $46.00 → $46.02 | s3: $60.60 → $60.61 | s3: $46.00 → $46.02 | s3: $46.00 → $46.02 | s4: $46.00 $32.20 $36.80 $46.00 → $46.02 $32.21 $36.82 $46.02 | s4: $55.00 → $60.61 | s4: $46.00 → $46.02 | s4: $36.80 → $36.82 | s5: $46.00 → $46.02 | s6: $31.00 −10% → $31.41 −9% | s6: $46.00 → $45.94 | s6: $63.00 → $62.92 | s8: $46.00 → $46.02 | s8: $46.00 ($37.00–$55.00) → $46.02 ($31.43–$60.61) | s8: <$46.00; → <$46.02; | s8: $36.80) → $36.82) | rd/sm fv: 46 → 46.02 | rd/sm values.fvLow: 37 → 31.43 | rd/sm values.fvHigh: 55 → 60.61 | rd/sm values.scenarios[0].tgt: 31 → 31.41 | rd/sm values.scenarios[1].tgt: 46 → 45.94 | rd/sm values.scenarios[2].tgt: 63 → 62.92",2,2,0,17,8,0,0,7,mixed,15.05
NVR,US,HUMAN,"TEXT LOST ×2: NYSE NVR | D: scn.bear.tgt 4317 → 4316.69 | D: scn.base.tgt 6753 → 6752.55 | D: scn.bull.tgt 8763 → 8763.21 | D: s2: $6;671.00 → $6;670.50 | D: s3: $6;459 $6;671.00 → $6;459.00 $6;670.50 | D: s4: $6;671.00 $4;669.70 $5;336.80 $6;671.00 $6;782 $8;200 → $6;670.50 $4;669.35 $5;336.40 $6;670.50 $6;782.00 $6;882.00 | D: s4: $6;671.00 → $6;670.50 | D: s4: $6;671.00 → $6;670.50 | D: s4: $5;336.80 → $5;336.40 | D: s4: $4;669.70 → $4;669.35 | D: s5: ($5;336.80) → ($5;336.40) | D: s6: $4;317.00 → $4;316.69 | D: s6: $6;753.00 → $6;752.55 | D: s6: $8;763.00 → $8;763.21 | D: s8: $6;671.00 → $6;670.50 | D: s8: ($5;336.80) → ($5;336.40) | D: s8: $6;671.00 → $6;670.50 | D: s8: $6;671.00 → $6;670.50 | D: s8: $5;336.80 → $5;336.40 | D: rd/sm fv: 6671 → 6670.5 | D: rd/sm values.scenarios[0].tgt: 4317 → 4316.69 | D: rd/sm values.scenarios[1].tgt: 6753 → 6752.55 | D: rd/sm values.scenarios[2].tgt: 8763 → 8763.21",2,2,2,16,6,0,1,9,,0.01
NXPI,US,VALUE-DRIFT,"scn.bear.tgt 205 → 204.91 | scn.base.tgt 310 → 310.04 | scn.bull.tgt 423 → 422.77 | s2: $249.00 → $248.85 | s3: $202 $249.00 → $202.35 $248.85 | s4: $249.00 $174.30 $199.20 $249.00 → $248.85 $174.20 $199.08 $248.85 $295.34 | s4: $340 → | s5: $249.00 → $248.85 | s6: $205.00 → $204.91 | s6: $310.00 → $310.04 | s6: $423.00 → $422.77 | s8: $249.00 → $248.85 | s8: $249.00 ($202.00–$295.00) → $248.85 ($202.35–$295.34) | s8: <$199.20) → <$199.08) | rd/sm fv: 249 → 248.85 | rd/sm values.fvLow: 202 → 202.35 | rd/sm values.fvHigh: 295 → 295.34 | rd/sm values.scenarios[0].tgt: 205 → 204.91 | rd/sm values.scenarios[1].tgt: 310 → 310.04 | rd/sm values.scenarios[2].tgt: 423 → 422.77",2,2,0,11,7,0,1,7,multi-rounding,0.17
NYT,US,HUMAN,"TEXT LOST ×1: ตระกูลกระแสเงินสด | D: scn.bear.tgt 56 → 55.57 | D: scn.base.tgt 80 → 79.86 | D: scn.bull.tgt 106 → 105.85 | D: s2: $75.00 → $74.77 | D: s3: $75.00 → $74.77 | D: s3: $75.00 → $74.77 | D: s4: $75.00 $52.50 $60.00 $75.00 → $74.77 $52.34 $59.82 $74.77 | D: s4: $80.00 → $79.70 | D: s4: $75.00 → $74.77 | D: s4: $60.00 → $59.82 | D: s6: $56.00 −6% → $55.57 −7% | D: s6: $80.00 → $79.86 | D: s6: $106.00 → $105.85 | D: s8: $75.00 → $74.77 | D: s8: $75.00 ($70.00–$80.00) → $74.77 ($69.84–$79.70) | D: s8: $75.00 → $74.77 | D: s8: ($60.00) → ($59.82) | D: s8: $60.00 → $59.82 | D: rd/sm fv: 75 → 74.77 | D: rd/sm values.fvLow: 70 → 69.84 | D: rd/sm values.fvHigh: 80 → 79.7 | D: rd/sm values.scenarios[0].tgt: 56 → 55.57 | D: rd/sm values.scenarios[1].tgt: 80 → 79.86 | D: rd/sm values.scenarios[2].tgt: 106 → 105.85 | D: rd/sm sm.mos: 15.9 → 15.7 | D: rd/sm sm.upside: 19 → 18.6",2,2,1,15,10,0,0,4,,0.77
O,US,HUMAN,"custom cards 5 > 4 — dropped ""FY26 AFFO Guidance"" | price-bound custom card ""Dividend Yield"" | TEXT LOST ×19: REIT Net Lease NYSE FY26 AFFO Guidance growth | D: scn.bear.tgt 63.56 → 63.63 | D: scn.bull.tgt 79.2 → 79.33 | D: prose stale copies ×2 (pe@analysis) | D: s1: $3.25 → 5.74% | D: s2: $66.90 → $66.85 | D: s2: $66.90 → $66.85 | D: s3: $67.41 → $67.40 | D: s3: $66.90 → $66.85 | D: s3: $66.90 → $66.85 | D: s4: $66.90 $46.83 $53.52 $66.90 $67.41 → $66.85 $46.79 $53.48 $66.85 $67.40 | D: s4: $66.90 → $66.85 | D: s4: $53.52 → $53.48 | D: s6: $63.56 → $63.63 | D: s6: $79.20 → $79.33 | D: s8: $66.90 → $66.85 | D: s8: $66.90 ($66.30–$67.41) → $66.85 ($66.30–$67.40) | D: s8: $66.90 → $66.85 | D: s8: $53.52 → $53.48 | D: s6: AFFO ปี 3 $4.54 P AFFO ออก → $4.55 | D: s6: AFFO ปี 3 $4.95 P AFFO ออก → $4.96 | D: rd/sm fv: 66.9 → 66.85 | D: rd/sm values.fvHigh: 67.41 → 67.4 | D: rd/sm values.scenarios[0].tgt: 63.56 → 63.63 | D: rd/sm values.scenarios[2].tgt: 79.2 → 79.33 | D: rd/sm sm.pe: 13.2 → 40.445255",2,2,19,17,6,2,5,6,,206.4
ODFL,US,HUMAN,"TEXT LOST ×1: กลางวงจร | D: scn.bear.tgt 168.56 → 168.55 | D: scn.base.tgt 221.44 → 221.48 | D: scn.bull.tgt 277.2 → 277.35 | D: prose stale copies ×1 (pe@analysis) | D: s1: ~33.3x → 33.6x | D: s2: $170.00 → $169.90 | D: s2: $170.00 → $169.90 | D: s3: $170.00 → $169.90 | D: s3: $170.00 → $169.90 | D: s4: $170.00 $119.00 $136.00 $170.00 $172.00 → $169.90 $118.93 $135.92 $169.90 $171.84 | D: s4: $170.00 → $169.90 | D: s4: $136.00 → $135.92 | D: s4: $119.00 → $118.93 | D: s5: $119.00–$136.00 → $118.93–$135.92 | D: s6: $168.56 → $168.55 | D: s6: $221.44 → $221.48 | D: s6: $277.20 → $277.35 | D: s8: $170.00 → $169.90 | D: s8: $170.00 ($168.00–$172.00) → $169.90 ($167.96–$171.84) | D: s8: $119.00–$136.00 → $118.93–$135.92 | D: s8: ($136.00) → ($135.92) | D: s8: $277.20 → $277.35 | D: rd/sm fv: 170 → 169.9 | D: rd/sm values.fvLow: 168 → 167.96 | D: rd/sm values.fvHigh: 172 → 171.84 | D: rd/sm values.scenarios[0].tgt: 168.56 → 168.55 | D: rd/sm values.scenarios[1].tgt: 221.44 → 221.48 | D: rd/sm values.scenarios[2].tgt: 277.2 → 277.35",2,2,1,18,7,1,2,5,,0.09
OHTL,TH,HUMAN,"TEXT LOST ×2: ไม่มีนักวิเคราะห์ติดตาม ไม่มีข้อมูล | D: scn.bear.tgt 176.4 → 176.35 | D: scn.base.tgt 326.5 → 326.53 | D: scn.bull.tgt 515.2 → 515.15 | D: s1: -25.2% → 25.2% | D: s6: ฿176.40 → ฿176.35 | D: s6: ฿17.64 → ฿17.63 | D: s6: ฿326.50 → ฿326.53 | D: s6: ฿515.20 → ฿515.15 | D: rd/sm values.scenarios[0].tgt: 176.4 → 176.35 | D: rd/sm values.scenarios[1].tgt: 326.5 → 326.53 | D: rd/sm values.scenarios[2].tgt: 515.2 → 515.15",2,2,2,5,5,0,2,6,,0.03
OKE,US,VALUE-DRIFT,"scn.bull.tgt 146.18 → 146.17 | s3: $100.52 → $100.51 | s6: $146.18 → $146.17 | rd/sm values.scenarios[2].tgt: 146.18 → 146.17",3,3,0,2,3,0,2,5,scn-tgt,0.01
OKJ,TH,HUMAN,"custom cards 5 > 4 — dropped ""จำนวนสาขา"" | TEXT LOST ×23: จำนวนสาขา สาขา OKJ Juice Wings WR ราคาตั้งแต่ IPO | D: scn.bear.tgt 1.09 → 0.03 | D: scn.bull.tgt 6 → 5.72 | D: s1: ~2.13% → 2.10% | D: s6: ฿1.09 −66% (−30% → ฿0.03 −98% (−73% | D: s6: ฿6.00 +86% (+23% → ฿5.72 +77% (+21% | D: s6: ฿0.33 18x → ฿0.32 18.00x | D: s8: (฿2.12–฿4.35) → (฿3.98–฿4.35) | D: s2: ราคาตั้งแต่ IPO (ต.ค. 2567 – ก.ย. 2569) → ราคาย้อนหลัง ~1 ปี | D: s6: Revenue ปี 3 ฿1;540M → ฿0.07 | D: rd/sm values.fvLow: 2.12 → 3.98 | D: rd/sm values.baseEps: 0.12 → null | D: rd/sm values.scenarios[0].tgt: 1.09 → 0.03 | D: rd/sm values.scenarios[2].tgt: 6 → 5.72",3,2,23,7,6,0,5,9,,97.25
OMCL,US,HUMAN,"TEXT LOST ×4: หุ้นปกติ FY2567 กึ่งกลาง FY2568 | D: scn.bear.tgt 29.41 → 29.36 | D: s2: $46.93 → $46.95 | D: s3: $51.11 → $51.13 | D: s3: $42.75 $46.93 → $42.77 $46.95 | D: s4: $46.93 $32.85 $37.54 $46.93 $51.11 → $46.95 $32.87 $37.56 $46.95 $51.13 | D: s4: ($37.54) → ($37.56) | D: s4: ($32.85) → ($32.87) | D: s4: $46.93 → $46.95 | D: s6: $29.41 → $29.36 | D: s8: ($46.93) → ($46.95) | D: s8: $46.93 ($42.75–$51.11) → $46.95 ($42.77–$51.13) | D: s8: ($37.54) → ($37.56) | D: s6: 11.0x (FY2567) → 11.00x | D: rd/sm fv: 46.93 → 46.95 | D: rd/sm values.fvLow: 42.75 → 42.77 | D: rd/sm values.fvHigh: 51.11 → 51.13 | D: rd/sm values.baseEps: 2.67 → null | D: rd/sm values.scenarios[0].tgt: 29.41 → 29.36",2,2,4,12,6,0,1,7,,0.17
ON,US,VALUE-DRIFT,"scn.bear.tgt 56 → 55.57 | scn.base.tgt 83 → 82.72 | scn.bull.tgt 138 → 137.5 | s2: $62.00 → $62.24 | s3: $68 $62.00 → $68.00 $62.24 | s4: $62.00 $43.40 $49.60 $62.00 → $62.24 $43.57 $49.79 $62.24 $68.00 | s4: $62.00 → $62.24 | s5: $62.00 → $62.24 | s6: $56.00 −23% (−8% → $55.57 −24% (−9% | s6: $83.00 → $82.72 | s6: $138.00 +89% (+24% → $137.50 +88% (+23% | s8: $62.00 → $62.24 | s8: $62.00 ($56.00–$68.00) → $62.24 ($56.49–$68.00) | s8: $62.00 → $62.24 | s8: $49.60 → $49.79 | rd/sm fv: 62 → 62.24 | rd/sm values.fvLow: 56 → 56.49 | rd/sm values.scenarios[0].tgt: 56 → 55.57 | rd/sm values.scenarios[1].tgt: 83 → 82.72 | rd/sm values.scenarios[2].tgt: 138 → 137.5 | rd/sm sm.mos: -18 → -17.5 | rd/sm sm.upside: -15.2 → -14.9",2,2,0,12,8,0,2,9,multi-rounding,0.88
ONEE,TH,CLEAN,"theme.badge/chg dropped (template decoration) | leg 1: multipleSource author (no median/peer/sector wording) | analyst.target 3.13 from gauge ""เป้าเฉลี่ย Analyst"" (no values.analystTgt) | card ""FCF/หุ้น"" → custom (fcf: fundamentals.fcf missing) | prose literals → tokens ×13 | rd/sm gauge.min: 1.8 → 1.5 | rd/sm gauge.max: 3.8 → 4",3,3,0,0,2,0,1,7,,0
ONON,US,VALUE-DRIFT,"scn.bear.tgt 23.2 → 23.18 | scn.base.tgt 38.1 → 38.13 | scn.bull.tgt 57.1 → 57.13 | prose stale copies ×1 (px@analysis) | s6: $23.20 → $23.18 | s6: $38.10 → $38.13 | s6: $57.10 +87% → $57.13 +88% | rd/sm values.scenarios[0].tgt: 23.2 → 23.18 | rd/sm values.scenarios[1].tgt: 38.1 → 38.13 | rd/sm values.scenarios[2].tgt: 57.1 → 57.13",2,2,0,3,5,1,4,14,mixed,0.09
ONTO,US,VALUE-DRIFT,"scn.bear.tgt 164 → 164.21 | scn.base.tgt 346 → 346.45 | scn.bull.tgt 465 → 463.88 | s1: ~104x → 34.5x | s2: $204.00 → $203.80 | s3: $198 $204.00 → $198.37 $203.80 | s4: $204.00 $142.80 $163.20 $204.00 $386 → $203.80 $142.66 $163.04 $203.80 $209.24 | s5: $204.00 → $203.80 | s5: ($142.80–$163.20) → ($142.66–$163.04) | s6: $164.00 → $164.21 | s6: ปี* $346.00 → ปี $346.45 | s6: $465.00 → $463.88 | s8: $204.00 ($198.00–$209.00) → $203.80 ($198.37–$209.24) | s8: ($163.20) → ($163.04) | rd/sm fv: 204 → 203.8 | rd/sm values.fvLow: 198 → 198.37 | rd/sm values.fvHigh: 209 → 209.24 | rd/sm values.scenarios[0].tgt: 164 → 164.21 | rd/sm values.scenarios[1].tgt: 346 → 346.45 | rd/sm values.scenarios[2].tgt: 465 → 463.88 | rd/sm sm.mos: -37.1 → -37.3",2,2,0,11,9,0,3,9,multi-rounding,0.24
OR,TH,HUMAN,"TEXT LOST ×7: OR PTT Oil Retail Business FY2568 จากฐาน | D: scn.bear.tgt 7.93 → 7.97 | D: scn.bull.tgt 20.2 → 20.14 | D: prose stale copies ×2 (px@analysis;pe@analysis) | D: s1: ~฿1.512 แสนล. → ฿1.48 แสนล้าน แสนล · | D: s2: ฿16.20 → ฿16.16 | D: s2: ฿16.20 → ฿16.16 | D: s3: ฿16.20 → ฿16.16 | D: s3: ฿16.20 → ฿16.16 | D: s4: ฿16.20 ฿11.34 ฿12.96 → ฿16.16 ฿11.31 ฿12.93 | D: s4: ฿16.20 → ฿16.16 | D: s4: ฿11.34 → ฿11.31 | D: s6: ฿7.93 → ฿7.97 | D: s6: ฿20.20 +80% (+22% → ฿20.14 +79% (+21% | D: s8: ฿16.20 → ฿16.16 | D: s8: ฿16.20 → ฿16.16 | D: rd/sm fv: 16.2 → 16.16 | D: rd/sm values.scenarios[0].tgt: 7.93 → 7.97 | D: rd/sm values.scenarios[2].tgt: 20.2 → 20.14 | D: rd/sm sm.mos: 24.1 → 23.9 | D: rd/sm sm.upside: 31.7 → 31.4",3,3,7,12,7,2,1,6,,0.5
ORCL,US,VALUE-DRIFT,"scn.bear.tgt 145 → 144.67 | scn.base.tgt 219 → 219.09 | scn.bull.tgt 316 → 316.27 | s2: $212.00 → $211.23 | s3: $202 $212.00 → $201.72 $211.23 | s4: $212.00 $148.40 $169.60 $212.00 → $211.23 $147.86 $168.98 $211.23 $220.75 | s4: $212.00 → $211.23 | s5: $212.00 → $211.23 | s5: $148.40) → $147.86) | s6: $145.00 → $144.67 | s6: $219.00 → $219.09 | s6: $316.00 +126% → $316.27 +127% | s8: $212.00 → $211.23 | s8: $212.00 ($202.00–$221.00) → $211.23 ($201.72–$220.75) | s8: $169.60; → $168.98; | s8: $148.40) → $147.86) | header: ราคา $139.54 ปิด → | rd/sm fv: 212 → 211.23 | rd/sm values.fvLow: 202 → 201.72 | rd/sm values.fvHigh: 221 → 220.75 | rd/sm values.scenarios[0].tgt: 145 → 144.67 | rd/sm values.scenarios[1].tgt: 219 → 219.09 | rd/sm values.scenarios[2].tgt: 316 → 316.27 | rd/sm sm.mos: 34.2 → 33.9 | rd/sm sm.upside: 51.9 → 51.4",2,2,0,14,10,0,3,11,multi-rounding,0.5
ORI,US,HUMAN,"TEXT LOST ×32: หมายเหตุปันผล ORI จ่ายปันผล ส่วน ปันผลปกติ ไตรมาส yield และ | D: scn.bull.tgt $63.24 → 63.21 | D: s3: $44.53 → $44.52 | D: s6: $63.24 +66.7% → $63.21 +67%",3,3,32,2,1,0,1,5,,0
ORLY,US,VALUE-DRIFT,"FV 65 → 64.57 (family weights) | scn.bear.tgt 65.7 → 65.64 | scn.base.tgt 96.3 → 96.27 | scn.bull.tgt 119.6 → 119.49 | s1: ~26.9x → 27.4x | s2: $65.00 → $64.57 | s2: $65.00 → $64.57 | s3: $54.81 $65.00 → $54.80 $64.57 | s4: $65.00 $45.50 $52.00 $65.00 $74.00 → $64.57 $45.20 $51.66 $64.57 $74.34 | s4: $65.00 → $64.57 | s4: −33%) → −34%) | s4: $52.00 → $51.66 | s5: −33% → −34% | s6: $65.70 → $65.64 | s6: $96.30 → $96.27 | s6: $119.60 → $119.49 | s8: $65.00 → $64.57 | s8: −33%) → −34%) | s8: $52.00 $65.00 ($55.00–$74.00) → $51.66 $64.57 ($54.80–$74.34) | s8: −33% → −34% | s8: $52.00 → $51.66 | rd/sm fv: 65 → 64.57 | rd/sm values.fvLow: 55 → 54.8 | rd/sm values.fvHigh: 74 → 74.34 | rd/sm values.scenarios[0].tgt: 65.7 → 65.64 | rd/sm values.scenarios[1].tgt: 96.3 → 96.27 | rd/sm values.scenarios[2].tgt: 119.6 → 119.49 | rd/sm sm.mos: -32.7 → -33.6 | rd/sm sm.upside: -24.6 → -25.1 | rd/sm sm.fairValue: 65 → 64.57",2,2,0,17,10,0,4,7,mixed,0.9
OSP,TH,VALUE-DRIFT,"scn.bear.tgt 11 → 11.04 | scn.base.tgt 17.7 → 17.69 | prose stale copies ×2 (px@analysis;pe@analysis) | s4: ฿16.60 → ฿16.56 | s6: ฿11.00 −20% → ฿11.04 −19% | s6: ฿17.70 → ฿17.69 | s6: −20%; → −19%; | s8: (฿15.70–฿16.60) → (฿15.73–฿16.56) | rd/sm values.fvLow: 15.7 → 15.73 | rd/sm values.fvHigh: 16.6 → 16.56 | rd/sm values.scenarios[0].tgt: 11 → 11.04 | rd/sm values.scenarios[1].tgt: 17.7 → 17.69",2,2,0,5,5,2,0,4,mixed,0.36
OTIS,US,VALUE-DRIFT,"scn.bear.tgt $61.90 → 61.92 | scn.base.tgt $92.60 → 92.66 | scn.bull.tgt $124.30 → 124.26 | prose stale copies ×2 (pe@analysis) | s2: $89.70 → $89.67 | s2: $89.70 → $89.67 | s3: $98.40 → $98.42 | s3: $81.00 $89.70 → $80.92 $89.67 | s4: $89.70 $62.79 $71.76 → $89.67 $62.77 $71.74 | s4: $89.70 $98.40 → $89.67 $98.42 | s4: ($71.76) → ($71.74) | s4: ($62.79) → ($62.77) | s4: $89.70 → $89.67 | s6: $61.90 −7.2% → $61.92 −7% | s6: $92.60 +38.9% → $92.66 +39% | s6: $124.30 +86.4% → $124.26 +86% | s8: $89.70 → $89.67 | s8: $89.70 ($81.00–$98.40) → $89.67 ($80.92–$98.42) | s8: ($71.76) → ($71.74) | s8: ($62.79) → ($62.77) | s8: $89.70 → $89.67 | rd/sm fv: 89.7 → 89.67 | rd/sm values.fvLow: 81 → 80.92 | rd/sm values.fvHigh: 98.4 → 98.42",2,2,0,17,4,2,2,12,mixed,0.1
OUST,US,HUMAN,"TEXT LOST ×6: รายได้ปี โมเดล รายได้ปี โมเดล รายได้ปี โมเดล | D: scn.bear.tgt 7.09 → 719.87 | D: scn.base.tgt 27.1 → 2343.39 | D: scn.bull.tgt 57.11 → 4577.88 | D: s1: −$0.87 → ~$-0.87 | D: s2: $21.67 → $21.68 | D: s3: $18.16 → $18.17 | D: s3: $21.67 → $21.68 | D: s4: $21.67 $15.17 → $21.68 $15.18 | D: s4: $21.67 → $21.68 | D: s4: ($21.67) → ($21.68) | D: s6: $7.09 −83% (−45% → $719.87 +1640% (+159% | D: s6: $27.10 −34% (−13% → $2;343.39 +5564% (+284% | D: s6: $57.11 +38% (+11% → $4;577.88 +10966% (+380% | D: s8: ($21.67) → ($21.68) | D: s8: $21.67 ($18.16–$25.18) → $21.68 ($18.17–$25.18) | D: s8: ($17.34–$15.17) → ($17.34–$15.18) | D: s6: รายได้ปี 3 (โมเดล) $312M → $311.51 | D: s6: รายได้ปี 3 (โมเดล) $450M → $450.00 | D: s6: รายได้ปี 3 (โมเดล) $587M → $586.47 | D: rd/sm fv: 21.67 → 21.68 | D: rd/sm values.fvLow: 18.16 → 18.17 | D: rd/sm values.scenarios[0].tgt: 7.09 → 719.87 | D: rd/sm values.scenarios[1].tgt: 27.1 → 2343.39 | D: rd/sm values.scenarios[2].tgt: 57.11 → 4577.88",2,2,6,16,5,0,4,9,,10053.31
OWL,US,HUMAN,"scenarios.exitMetric ""P/DE ออก"" not in [""pe"";""ps"";""pbv"";""pffo"";""pfcf"";""evsales""] | custom cards 7 > 4 — dropped ""FRE ต่อหุ้น (FY25 → 2026E)""; ""Fee-Paying AUM (FPAUM)""; ""Permanent Capital"" | TEXT LOST ×24: FRE ต่อหุ้น FY25 FRE margin FeePaying AUM FPAUM | D: scn.bear.tgt 8.46 → 8.5 | D: s6: $8.46 +21% → $8.50 +22% | D: s1: Fee-Paying AUM (FPAUM) $190.6B AUM ยังไม่เก็บค่าธรรมเนียม $31.1B (~$380M fee ปีเมื่อ deploy ครบ) ~9.95% → 9.95% | D: rd/sm values.scenarios[0].tgt: 8.46 → 8.5 | D: rd/sm sm.pe: 82 → null",2,2,24,2,3,0,7,8,,0.47
OXY,US,VALUE-DRIFT,"scn.bear.tgt 27 → 26.96 | scn.base.tgt 50 → 50.49 | scn.bull.tgt 82 → 81.8 | s2: $49.50 → $49.74 | s3: $49 $49.50 → $49.00 $49.74 | s3: $49.50 → $49.74 | s4: $49.50 $34.65 $39.60 $49.50 $55.00 → $49.74 $34.82 $39.79 $49.74 $50.49 | s4: ($49.50) → ($49.74) | s4: ($39.60) → ($39.79) | s4: ($34.65) → ($34.82) | s6: $27.00 −53% → $26.96 −54% | s6: $50.00 −14% → $50.49 −13% | s6: $82.00 → $81.80 | s6: $50.00 (−14%) → $50.49 (−13%) | s8: $49.50 → $49.74 | s8: $49.50 ($45.00–$55.00) → $49.74 ($49.00–$50.49) | s8: ($39.60) → ($39.79) | s8: <$34.65 → <$34.82 | rd/sm fv: 49.5 → 49.74 | rd/sm values.fvLow: 45 → 49 | rd/sm values.fvHigh: 55 → 50.49 | rd/sm values.scenarios[0].tgt: 27 → 26.96 | rd/sm values.scenarios[1].tgt: 50 → 50.49 | rd/sm values.scenarios[2].tgt: 82 → 81.8 | rd/sm sm.mos: -17.3 → -16.7 | rd/sm sm.upside: -14.7 → -14.3",2,2,0,15,9,0,4,12,mixed,8.89
PAAS,US,HUMAN,"scenarios.exitMetric ""ตัวคูณขาออก (back out)"" not in [""pe"";""ps"";""pbv"";""pffo"";""pfcf"";""evsales""] | TEXT LOST ×11: Base Base ตัวคูณขาออก back out ตัวคูณขาออก back out | D: scn.bear.tgt 13.47 → 13.49 | D: scn.base.tgt 26.34 → 26.35 | D: scn.bull.tgt 49.53 → 49.36 | D: prose stale copies ×3 (pe@analysis;px@analysis) | D: s1: ~14.9x → 14.1x | D: s1: 2.61x → 4.6x | D: s2: $26.34 → $26.35 | D: s3: $33.43 → $33.45 | D: s3: $19.25 $26.34 → $19.24 $26.35 | D: s3: $26.34 → $26.35 | D: s3: $33.43 → $33.45 | D: s3: $19.25 → $19.24 | D: s4: $26.34 $18.44 $21.07 $26.34 $33.43 → $26.35 $18.45 $21.08 $26.35 $33.45 | D: s4: ($26.34) → ($26.35) | D: s5: $26.34 → $26.35 | D: s5: $18.44–$21.07 → $18.45–$21.08 | D: s6: $13.47 → $13.49 | D: s6: $26.34 → $26.35 | D: s6: $49.53 +10% → $49.36 +9% | D: s6: $26.34 → $26.35 | D: s8: $33.43 → $33.45 | D: s8: $19.25 → $19.24 | D: s8: $26.34 ($19.25–$33.43) → $26.35 ($19.24–$33.45) | D: s8: $21.07 → $21.08 | D: s8: $18.44 → $18.45 | D: s8: ($26.34) → ($26.35) | D: rd/sm fv: 26.34 → 26.35 | D: rd/sm values.fvLow: 19.25 → 19.24 | D: rd/sm values.fvHigh: 33.43 → 33.45 | D: rd/sm values.scenarios[0].tgt: 13.47 → 13.49 | D: rd/sm values.scenarios[1].tgt: 26.34 → 26.35 | D: rd/sm values.scenarios[2].tgt: 49.53 → 49.36 | D: rd/sm sm.pe: 14.88 → 14.139881",2,2,11,22,9,3,1,4,,4.97
PANW,US,VALUE-DRIFT,"scn.bear.tgt 147 → 147.17 | scn.base.tgt 241 → 240.95 | scn.bull.tgt 400 → 399.44 | s2: $161.00 → $161.23 | s3: $131 $161.00 → $131.48 $161.23 | s4: $161.00 $112.70 $128.80 $161.00 → $161.23 $112.86 $128.98 $161.23 $190.99 | s4: $475 → | s4: ($161.00) → ($161.23) | s5: $161.00 → $161.23 | s6: $147.00 → $147.17 | s6: $241.00 → $240.95 | s6: $400.00 +3% (+1.0% → $399.44 +2% (+0.7% | s8: $161.00 ($131.00–$191.00) → $161.23 ($131.48–$190.99) | s8: $128.80 → $128.98 | s8: $112.70) → $112.86) | rd/sm fv: 161 → 161.23 | rd/sm values.fvLow: 131 → 131.48 | rd/sm values.fvHigh: 191 → 190.99 | rd/sm values.scenarios[0].tgt: 147 → 147.17 | rd/sm values.scenarios[1].tgt: 241 → 240.95 | rd/sm values.scenarios[2].tgt: 400 → 399.44 | rd/sm sm.pe: 93.1 → 974.8 | rd/sm sm.mos: -142.2 → -141.8",2,2,0,12,9,0,4,10,mixed,947.05
PATH,US,VALUE-DRIFT,"prose stale copies ×1 (pe@analysis) | s1: ~20.0x → 18.8x | s1: 3.96x → 3.73x | rd/sm sm.pe: 19.99 → 18.80597",2,2,0,2,2,1,1,5,mixed,5.92
PAYX,US,HUMAN,"TEXT LOST ×2: ราคาปิด กย | D: prose stale copies ×2 (pe@analysis) | D: s1: ~23.75x → 20.8x | D: s2: $131.41 → $131.46 | D: s3: $130.79 $131.41 → $130.90 $131.46 | D: s3: $131.41 → $131.46 | D: s4: $131.41 $91.99 $105.13 $121 $131.41 → $131.46 $92.02 $105.17 $121.00 $131.46 | D: s4: ($105.13) → ($105.17) | D: s4: ($131.41) → ($131.46) | D: s8: $131.41 → $131.46 | D: s8: $131.41 ($130.79–$132.03) → $131.46 ($130.90–$132.03) | D: s8: ($105.13) → ($105.17) | D: rd/sm fv: 131.41 → 131.46 | D: rd/sm values.fvLow: 130.79 → 130.9 | D: rd/sm sm.pe: 23.75 → 20.775051",2,2,2,10,5,2,1,5,,12.53
PB,TH,VALUE-DRIFT,"scn.bear.tgt 34.5 → 34.52 | scn.base.tgt 48.7 → 48.67 | scn.bull.tgt 59.3 → 59.29 | s2: ฿42.50 → ฿42.53 | s3: ฿39.4 ฿42.50 → ฿39.38 ฿42.53 | s3: ฿42.50 → ฿42.53 | s4: ฿42.50 ฿29.75 ฿34.00 ฿42.50 ฿48.20 → ฿42.53 ฿29.77 ฿34.02 ฿42.53 ฿48.21 | s4: ฿42.50 → ฿42.53 | s4: ฿42.50 → ฿42.53 | s4: ฿34.00 → ฿34.02 | s6: ฿34.50 → ฿34.52 | s6: ฿48.70 → ฿48.67 | s6: ฿59.30 → ฿59.29 | s8: ฿42.50 → ฿42.53 | s8: ฿34.00–฿42.50 → ฿34.02–฿42.53 | s8: ฿42.50 (฿34.30–฿48.20) → ฿42.53 (฿34.33–฿48.21) | s8: ฿42.50 → ฿42.53 | s8: ฿34.00 → ฿34.02 | rd/sm fv: 42.5 → 42.53 | rd/sm values.fvLow: 34.3 → 34.33 | rd/sm values.fvHigh: 48.2 → 48.21 | rd/sm values.scenarios[0].tgt: 34.5 → 34.52 | rd/sm values.scenarios[1].tgt: 48.7 → 48.67 | rd/sm values.scenarios[2].tgt: 59.3 → 59.29",3,3,0,15,8,0,1,4,multi-rounding,0.09
PBA,US,VALUE-DRIFT,"scn.bear.tgt 27.75 → 27.79 | scn.bull.tgt 56.24 → 56.26 | prose stale copies ×3 (pe@analysis) | s1: ~2.47 → 2.37x | s6: $27.75 → $27.79 | s6: $56.24 → $56.26 | rd/sm values.scenarios[0].tgt: 27.75 → 27.79 | rd/sm values.scenarios[2].tgt: 56.24 → 56.26",2,2,0,3,4,3,3,9,mixed,0.14
PCAR,US,VALUE-DRIFT,"scn.bear.tgt 64 → 63.65 | scn.base.tgt 97 → 96.8 | scn.bull.tgt 163 → 163.37 | prose stale copies ×3 (pe@analysis) | s1: ~2.5% → 1.27% | s2: $86.00 → $85.82 | s3: $81.70 → $81.74 | s3: $86.00 → $85.82 | s4: $86.00 $60.20 $68.80 $86.00 $144.8 → $85.82 $60.07 $68.66 $85.82 $89.90 $144.80 | s4: $60.20–$68.80 → $60.07–$68.66 | s5: $86.00 → $85.82 | s6: $64.00 −38% → $63.65 −39% | s6: $97.00 → $96.80 | s6: $163.00 → $163.37 | s8: $86.00 → $85.82 | s8: $86.00 ($81.70–$89.90) → $85.82 ($81.74–$89.90) | s8: ($60.20–$68.80) → ($60.07–$68.66) | rd/sm fv: 86 → 85.82 | rd/sm values.fvLow: 81.7 → 81.74 | rd/sm values.scenarios[0].tgt: 64 → 63.65 | rd/sm values.scenarios[1].tgt: 97 → 96.8 | rd/sm values.scenarios[2].tgt: 163 → 163.37 | rd/sm sm.dividendYield: 2.5 → 1.265022 | rd/sm sm.mos: -28.7 → -29 | rd/sm sm.upside: -22.3 → -22.5",2,2,0,13,9,3,0,3,mixed,1.23
PDYN,US,HUMAN,"failed before compare — compute: scenarios.exitMetric: evsales (EV/Sales ออก) คูณรายได้ต่อหุ้น — ต้องใช้ scenarios.driver = ""revenuePerShare"" (พบ ""eps"") | schema scenarios.exitMetric: evsales (EV/Sales ออก) คูณรายได้ต่อหุ้น — ต้องใช้ scenarios.driver = ""revenuePerShare"" (พบ ""eps"")",2,2,0,0,0,0,3,5,,0
PEG,US,HUMAN,"TEXT LOST ×1: PEG | D: scn.bear.tgt 64 → 63.99 | D: scn.base.tgt 86.2 → 86.18 | D: scn.bull.tgt 109.3 → 109.33 | D: s1: ~17.4x → 16.6x | D: s6: $64.00 → $63.99 | D: s6: $86.20 → $86.18 | D: s6: $109.30 → $109.33 | D: rd/sm values.scenarios[0].tgt: 64 → 63.99 | D: rd/sm values.scenarios[1].tgt: 86.2 → 86.18 | D: rd/sm values.scenarios[2].tgt: 109.3 → 109.33 | D: rd/sm sm.pe: 17.4 → 16.557214",3,3,1,4,6,0,0,4,,4.84
PEN,US,HUMAN,"TEXT LOST ×2: มัธยฐานย้อนหลัง มัธยฐานย้อนหลัง | D: scn.bear.tgt 141.4 → 141.35 | D: scn.base.tgt 300.9 → 300.92 | D: scn.bull.tgt 469.4 → 469.45 | D: s2: $336.13 → $336.16 | D: s3: $339.09 $336.13 → $339.15 $336.16 | D: s4: $336.13 $235.29 $268.90 $336.13 $339.09 → $336.16 $235.31 $268.93 $336.16 $339.15 | D: s4: ($336.13) → ($336.16) | D: s5: $336.13 → $336.16 | D: s5: ($268.90) → ($268.93) | D: s6: $141.40 → $141.35 | D: s6: $300.90 → $300.92 | D: s6: $469.40 → $469.45 | D: s8: $336.13 ($333.18–$339.09) → $336.16 ($333.18–$339.15) | D: s8: ($268.90) → ($268.93) | D: rd/sm fv: 336.13 → 336.16 | D: rd/sm values.fvHigh: 339.09 → 339.15 | D: rd/sm values.scenarios[0].tgt: 141.4 → 141.35 | D: rd/sm values.scenarios[1].tgt: 300.9 → 300.92 | D: rd/sm values.scenarios[2].tgt: 469.4 → 469.45",2,2,2,11,6,0,2,6,,0.04
PEP,US,HUMAN,"scenarios.cases[0] .ret annotation ""รวม 3 ปี (~−0.6%/ปี รวมปันผล)"" not carried — a per-year/number label would mislabel the v3 total return | scenarios.cases[1] .ret annotation ""รวม 3 ปี (~+15.0%/ปี รวมปันผล)"" not carried — a per-year/number label would mislabel the v3 total return | scenarios.cases[2] .ret annotation ""รวม 3 ปี (~+24.7%/ปี รวมปันผล)"" not carried — a per-year/number label would mislabel the v3 total return | TEXT LOST ×6: รวม รวมปันผล รวม รวมปันผล รวม รวมปันผล | D: scn.base.tgt $176.6 → 158.99 | D: s2: $168.50 → $168.51 | D: s2: $168.50 → $168.51 | D: s3: $168.50 → $168.51 | D: s4: $168.50 $117.95 $134.80 $155 $168.50 → $168.51 $117.96 $134.81 $155.00 $168.51 | D: s4: $168.50 → $168.51 | D: s4: $134.80 → $134.81 | D: s4: $117.95 → $117.96 | D: s8: $168.50 → $168.51 | D: s8: $168.50 → $168.51 | D: s8: ($134.80) → ($134.81) | D: s8: $117.95 → $117.96 | D: s6: $176.6 +51.9% รวม 3 ปี (~+15.0% ปี รวมปันผล) → $158.99 +38% | D: s6: $230.7 +94.1% รวม 3 ปี (~+24.7% ปี รวมปันผล) → $230.68 +94% | D: rd/sm fv: 168.5 → 168.51",2,2,6,13,1,0,2,7,,0.01
PFE,US,HUMAN,"price-bound custom card ""P/E ปรับปรุง (adj. EPS)"" | D: scn.bear.tgt 15.82 → 15.81 | D: scn.bull.tgt 34.5 → 34.54 | D: prose stale copies ×2 (px@analysis;pe@analysis) | D: s1: $161.9B ~37.4x → $162B 9.8x | D: s6: $15.82 → $15.81 | D: s6: $34.50 → $34.54 | D: rd/sm values.scenarios[0].tgt: 15.82 → 15.81 | D: rd/sm values.scenarios[2].tgt: 34.5 → 34.54",3,3,0,3,3,2,3,5,,0.12
PFG,US,HUMAN,"TEXT LOST ×2: จุดสูงสุด สัปดาห์ | D: FV 100 → 99.5 (family weights) | D: scn.bear.tgt 73 → 72.78 | D: scn.base.tgt 106 → 105.8 | D: s2: $100.00 → $99.50 | D: s3: $101 $100.00 → $101.28 $99.50 | D: s3: $100.00 → $99.50 | D: s4: $100.00 $70.00 $80.00 $100.00 $101.00 → $99.50 $69.65 $79.60 $99.50 $101.28 | D: s4: $100.00 (−14%) → $99.50 (−15%) | D: s4: $80.00 → $79.60 | D: s4: $70.00 → $69.65 | D: s5: −14% → −15% | D: s6: $73.00 → $72.78 | D: s6: $106.00 +1.7% → $105.80 +1.5% | D: s6: +1.7% → +1.5% | D: s7: $100.00 (−14%) → $99.50 (−15%) | D: s8: $100.00 (−14%) → $99.50 (−15%) | D: s8: $100.00 ($98.00–$101.00) → $99.50 ($97.72–$101.28) | D: s8: −14% → −15% | D: s8: $100.00 → $99.50 | D: s8: $80.00 → $79.60 | D: s8: +1.7% → +1.5% | D: s2: $100.00 จุดสูงสุด 52 สัปดาห์ → $99.50 | D: rd/sm fv: 100 → 99.5 | D: rd/sm values.fvLow: 98 → 97.72 | D: rd/sm values.fvHigh: 101 → 101.28 | D: rd/sm values.scenarios[0].tgt: 73 → 72.78 | D: rd/sm values.scenarios[1].tgt: 106 → 105.8 | D: rd/sm sm.mos: -14.2 → -14.7 | D: rd/sm sm.upside: -12.4 → -12.8",2,2,2,19,8,0,0,5,,0.5
PFGC,US,VALUE-DRIFT,"scn.bull.tgt 136.74 → 136.73 | s1: ~3.11x → 3.05x | s6: $136.74 → $136.73 | rd/sm values.scenarios[2].tgt: 136.74 → 136.73",2,2,0,2,3,0,0,5,scn-tgt,0.01
PG,US,HUMAN,"TEXT LOST ×1: PG | D: scn.bear.tgt 133.38 → 133.48 | D: scn.base.tgt 183.77 → 183.92 | D: scn.bull.tgt 214.25 → 214.33 | D: prose stale copies ×1 (pe@analysis) | D: s1: ~22.1x → 22.0x | D: s2: $161.34 → $161.33 | D: s2: $161.34 → $161.33 | D: s3: $161.34 → $161.33 | D: s3: $161.34 → $161.33 | D: s4: $161.34 $112.94 $129.07 → $161.33 $112.93 $129.06 | D: s4: $161.34 $167.25 → $161.33 $170.80 | D: s4: $161.34 → $161.33 | D: s4: $129.07 → $129.06 | D: s4: $112.94 → $112.93 | D: s6: $133.38 +0.9% → $133.48 +1.0% | D: s6: $7.02 → $7.03 | D: s6: $183.77 → $183.92 | D: s6: $7.99 → $8.00 | D: s6: $214.25 → $214.33 | D: s6: +0.9% → +1.0% | D: s8: $161.34 → $161.33 | D: s8: $161.34 → $161.33 | D: s8: $161.34 → $161.33 | D: s8: $129.07 → $129.06 | D: rd/sm fv: 161.34 → 161.33 | D: rd/sm values.scenarios[0].tgt: 133.38 → 133.48 | D: rd/sm values.scenarios[1].tgt: 183.77 → 183.92 | D: rd/sm values.scenarios[2].tgt: 214.25 → 214.33",2,2,1,20,5,1,0,6,,0.08
PGR,US,VALUE-DRIFT,"prose stale copies ×2 (pe@analysis) | s1: ~10.71x → 10.1x | s1: 4.08 → 3.92x | s4: $282.00 → $281.75 | s8: ($223.00–$282.00) → ($223.43–$281.75) | rd/sm values.fvLow: 223 → 223.43 | rd/sm values.fvHigh: 282 → 281.75 | rd/sm sm.pe: 10.71 → 10.144004",2,2,0,4,5,2,1,6,mixed,5.28
PH,US,HUMAN,"TEXT LOST ×5: Industrial Machinery Dividend King NYSE | D: scn.base.tgt 874.14 → 874.11 | D: s2: $757.00 → $756.86 | D: s2: $757.00 → $756.86 | D: s3: $757.00 → $756.86 | D: s4: $757.00 $529.90 $605.60 $757.00 $839.00 $1;161 → $756.86 $529.80 $605.49 $756.86 $838.74 $1;161.00 | D: s4: $757.00 → $756.86 | D: s4: $605.60 → $605.49 | D: s4: $529.90 → $529.80 | D: s6: $874.14 → $874.11 | D: s8: $757.00 → $756.86 | D: s8: $605.60–$757.00 → $605.49–$756.86 | D: s8: $757.00 ($675.00–$839.00) → $756.86 ($674.98–$838.74) | D: s8: $757.00 → $756.86 | D: s8: $605.60) → $605.49) | D: rd/sm fv: 757 → 756.86 | D: rd/sm values.fvLow: 675 → 674.98 | D: rd/sm values.fvHigh: 839 → 838.74 | D: rd/sm values.scenarios[1].tgt: 874.14 → 874.11",2,2,5,13,6,0,2,6,,0.03
PHM,US,VALUE-DRIFT,"scn.bear.tgt 73.62 → 73.56 | scn.base.tgt 114.73 → 114.7 | scn.bull.tgt 177 → 176.97 | prose stale copies ×2 (px@analysis) | s2: $107.70 → $107.74 | s3: $107.70 → $107.74 | s4: $107.70 $75.39 $86.16 $107.70 → $107.74 $75.42 $86.19 $107.74 $108.38 | s4: $144.50 → | s4: $107.70 → $107.74 | s4: ($86.16) → ($86.19) | s6: $73.62 → $73.56 | s6: $8.18 → $8.17 | s6: $114.73 −0.1% → $114.70 −0.2% | s6: $177.00 → $176.97 | s6: $107.70 → $107.74 | s8: $107.70 → $107.74 | s8: $107.70 → $107.74 | s8: $86.16 → $86.19 | s8: $107.70 ($101.80–$115.80) → $107.74 ($107.10–$108.38) | s8: $107.70 → $107.74 | s8: $86.16 → $86.19 | rd/sm fv: 107.7 → 107.74 | rd/sm values.fvLow: 101.8 → 107.1 | rd/sm values.fvHigh: 115.8 → 108.38 | rd/sm values.scenarios[0].tgt: 73.62 → 73.56 | rd/sm values.scenarios[1].tgt: 114.73 → 114.7 | rd/sm values.scenarios[2].tgt: 177 → 176.97",2,2,0,17,8,2,1,12,mixed,6.41
PKG,US,HUMAN,"TEXT LOST ×1: ช่วงบนของประวัติ | D: scn.base.tgt 186.08 → 186.07 | D: s2: $141.00 → $141.22 | D: s2: $141.00 → $141.22 | D: s3: $150 $141.00 → $150.00 $141.22 | D: s4: $141.00 $98.70 $112.80 $141.00 → $141.22 $98.85 $112.98 $141.22 | D: s4: $141.00 → $141.22 | D: s4: $141.00 → $141.22 | D: s4: $112.80 → $112.98 | D: s4: $98.70 → $98.85 | D: s6: $186.08 → $186.07 | D: s8: $141.00 → $141.22 | D: s8: $141.00 ($132.00–$150.00) → $141.22 ($132.44–$150.00) | D: s8: $112.80–$141.00 → $112.98–$141.22 | D: s6: 21x (ช่วงบนของประวัติ 12.7–23.6x) → 21.0x | D: rd/sm fv: 141 → 141.22 | D: rd/sm values.fvLow: 132 → 132.44 | D: rd/sm values.scenarios[1].tgt: 186.08 → 186.07 | D: rd/sm sm.mos: -68.9 → -68.6",2,2,1,13,6,0,1,7,,0.33
PLANB,TH,VALUE-DRIFT,"prose stale copies ×1 (px@analysis) | s2: ฿5.48 → ฿5.47 | s3: ฿5.48 → ฿5.47 | s3: ฿5.48 → ฿5.47 | s4: ฿5.48 ฿3.84 → ฿5.47 ฿3.83 | s4: ฿5.48 → ฿5.47 ฿6.58 | s4: ฿5.48 → ฿5.47 | s4: ฿3.84 → ฿3.83 | s8: ฿5.48 → ฿5.47 | s8: ฿5.48 → ฿5.47 | s8: ฿4.38–฿5.48 → ฿4.38–฿5.47 | s8: ฿3.84 → ฿3.83 | rd/sm fv: 5.48 → 5.47 | rd/sm sm.mos: -4.9 → -5.1 | rd/sm sm.upside: -4.7 → -4.9",2,2,0,11,5,1,0,7,mixed,0.2
PLD,US,HUMAN,"custom cards 5 > 4 — dropped ""Core FFO Growth (H1)"" | TEXT LOST ×10: Core FFO Growth vs Core FFO Core FFO | D: scn.bear.tgt 130 → 130.04 | D: scn.base.tgt 160.3 → 160.39 | D: scn.bull.tgt 185.3 → 185.42 | D: prose stale copies ×2 (pe@analysis) | D: s1: ~$158 → $158.00 (+18%) | D: s2: $136.00 → $136.07 | D: s2: $136.00 → $136.07 | D: s3: $136.00 → $136.07 | D: s3: $136.00 → $136.07 | D: s4: $136.00 $95.20 $108.80 $136.00 $144.00 $158 → $136.07 $95.25 $108.86 $136.07 $143.68 $158.00 | D: s4: $136.00 → $136.07 | D: s4: +1.6%) → +1.7%) | D: s4: $108.80 → $108.86 | D: s4: $95.20 → $95.25 | D: s5: +1.6% → +1.7% | D: s5: $136.00 → $136.07 | D: s6: $130.00 → $130.04 | D: s6: $160.30 → $160.39 | D: s6: $185.30 +38% → $185.42 +39% | D: s8: $136.00 → $136.07 | D: s8: +1.6%) → +1.7%) | D: s8: $108.80 → $108.86 | D: s8: $136.00 ($128.00–$144.00) → $136.07 ($128.47–$143.68) | D: s8: +1.6% → +1.7% | D: s8: $108.80 → $108.86 | D: s8: $95.20 → $95.25 | D: rd/sm fv: 136 → 136.07 | D: rd/sm values.fvLow: 128 → 128.47 | D: rd/sm values.fvHigh: 144 → 143.68 | D: rd/sm values.scenarios[0].tgt: 130 → 130.04 | D: rd/sm values.scenarios[1].tgt: 160.3 → 160.39 | D: rd/sm values.scenarios[2].tgt: 185.3 → 185.42 | D: rd/sm sm.pe: 21.5 → 29.804009",2,2,10,22,9,2,5,12,,38.62
PLTR,US,HUMAN,"leg 3 analyst target as fv (""3. P/S + Analyst Intrinsic"") | scenarios.cases[0] .ret annotation ""(≈ −29%/ปี)"" not carried — a per-year/number label would mislabel the v3 total return | scenarios.cases[1] .ret annotation ""(≈ −7.9%/ปี)"" not carried — a per-year/number label would mislabel the v3 total return | scenarios.cases[2] .ret annotation ""(≈ +12.4%/ปี)"" not carried — a per-year/number label would mislabel the v3 total return | TEXT LOST ×4: fwd รวม รวม รวม | D: s1: ~72x → 80.4x | D: s2: $69.00 → $69.33 | D: s2: $69.00 → $69.33 | D: s3: $53 $69.00 → $53.00 $69.33 | D: s4: $69.00 $48 $55.20 $69.00 $192.59 → $69.33 $48.53 $55.46 $69.33 $79.00 | D: s5: −179% → −178% | D: s5: $69.00 → $69.33 | D: s8: $69.00 → $69.33 | D: s8: −179% → −178% | D: s8: ~$69.00 → ~$69.33 | D: s6: $61 รวม −64% (ณ −29% ปี) → $60.65 −69% | D: s6: $130 รวม −22% (ณ −7.9% ปี) → $129.54 −33% | D: s6: $237 รวม +42% (ณ +12.4% ปี) → $236.93 +23% | D: rd/sm fv: 69 → 69.33 | D: rd/sm sm.mos: -179.1 → -177.8 | D: rd/sm sm.upside: -64.2 → -64",3,3,4,13,5,0,2,14,,1.3
PLUS,TH,VALUE-DRIFT,"prose stale copies ×1 (px@analysis) | s1: ~5.1% → 5.22% | s4: ฿1.15 → | rd/sm sm.dividendYield: 5.13 → 5.217391",2,2,0,2,2,1,3,9,mixed,0.09
PLXS,US,VALUE-DRIFT,"scn.bear.tgt 186 → 186.3 | scn.base.tgt 244 → 244.18 | scn.bull.tgt 386 → 385.5 | s2: $144.00 → $144.19 | s3: $117 $144.00 → $117.18 $144.19 | s4: $144.00 $100.80 $115.20 $144.00 → $144.19 $100.93 $115.35 $144.19 $171.19 | s4: ($144.00) → ($144.19) | s5: −82% → −81% | s5: $144.00 → $144.19 | s6: $186.00 → $186.30 | s6: $244.00 → $244.18 | s6: $386.00 +48% → $385.50 +47% | s8: $144.00 → $144.19 | s8: $144.00 ($117.00–$171.00) → $144.19 ($117.18–$171.19) | s8: −82% → −81% | s8: $144.00 → $144.19 | s8: ≤$115.20) → ≤$115.35) | rd/sm fv: 144 → 144.19 | rd/sm values.fvLow: 117 → 117.18 | rd/sm values.fvHigh: 171 → 171.19 | rd/sm values.scenarios[0].tgt: 186 → 186.3 | rd/sm values.scenarios[1].tgt: 244 → 244.18 | rd/sm values.scenarios[2].tgt: 386 → 385.5 | rd/sm sm.mos: -81.7 → -81.4",2,2,0,14,9,0,3,6,multi-rounding,0.3
PM,US,VALUE-DRIFT,"s1: ~22.6x → 23.0x | s2: $176.13 → $176.12 | s3: $176.13 → $176.12 | s4: $176.13 $123.29 → $176.12 $123.28 | s4: $176.13 → $176.12 | s4: $176.13 → $176.12 | s4: $123.29 → $123.28 | s8: $176.13 → $176.12 | rd/sm fv: 176.13 → 176.12",2,2,0,8,3,0,4,7,fv-rounding,0.01
PNC,US,VALUE-DRIFT,"scn.bear.tgt 193 → 192.82 | scn.base.tgt 282 → 281.53 | scn.bull.tgt 367 → 367.04 | prose stale copies ×1 (pe@analysis) | s1: ~39% → 44.0% | s2: $205.00 → $204.66 | s3: $224 → $223.49 | s3: $160 $205.00 → $160.00 $204.66 | s4: $205.00 $143.50 $164.00 $205.00 $224.00 $278 → $204.66 $143.26 $163.73 $204.66 $223.49 $278.00 | s4: $205.00 → $204.66 | s6: $193.00 → $192.82 | s6: $282.00 → $281.53 | s6: $367.00 → $367.04 | s8: $205.00 → $204.66 | s8: $205.00 ($160.00–$224.00) → $204.66 ($160.00–$223.49) | rd/sm fv: 205 → 204.66 | rd/sm values.fvHigh: 224 → 223.49 | rd/sm values.scenarios[0].tgt: 193 → 192.82 | rd/sm values.scenarios[1].tgt: 282 → 281.53 | rd/sm values.scenarios[2].tgt: 367 → 367.04 | rd/sm sm.mos: -8.9 → -9.1 | rd/sm sm.upside: -8.2 → -8.4",3,3,0,11,9,1,4,8,mixed,0.23
PNFP,US,HUMAN,"TEXT LOST ×1: มัธยฐานย้อนหลัง | D: scn.bear.tgt 93.42 → 93.41 | D: scn.bull.tgt 183.43 → 183.45 | D: s2: $95.21 → $95.20 | D: s3: $95.21 → $95.20 | D: s4: $95.21 $66.65 $76.17 $95.21 → $95.20 $66.64 $76.16 $95.20 | D: s4: ($95.21) → ($95.20) | D: s5: ($76.17) → ($76.16) | D: s6: $93.42 → $93.41 | D: s6: $183.43 → $183.45 | D: s8: ($95.21) → ($95.20) | D: s8: $95.21 → $95.20 | D: s8: ($76.17) → ($76.16) | D: rd/sm fv: 95.21 → 95.2 | D: rd/sm values.scenarios[0].tgt: 93.42 → 93.41 | D: rd/sm values.scenarios[2].tgt: 183.43 → 183.45",2,2,1,10,4,0,2,8,,0.01
PNW,US,VALUE-DRIFT,"scn.bear.tgt 80.2 → 80.21 | scn.base.tgt 102.7 → 102.74 | s2: $94.43 → $94.42 | s3: $100.11 → $100.10 | s3: $94.43 → $94.42 | s3: $94.43 → $94.42 | s4: $94.43 $66.10 → $94.42 $66.09 | s4: $94.43 $100.11 → $94.42 $100.10 | s4: $94.43 → $94.42 | s5: ($94.43) → ($94.42) | s6: $80.20 → $80.21 | s6: $102.70 → $102.74 | s8: ($94.43) → ($94.42) | s8: $94.43 ($88.75–$100.11) → $94.42 ($88.75–$100.10) | rd/sm fv: 94.43 → 94.42 | rd/sm values.fvHigh: 100.11 → 100.1 | rd/sm values.scenarios[0].tgt: 80.2 → 80.21 | rd/sm values.scenarios[1].tgt: 102.7 → 102.74",2,2,0,12,6,0,0,4,multi-rounding,0.04
PODD,US,HUMAN,"scenarios.cases[1] .ret annotation ""รวม 3 ปี (~14.5% CAGR)"" not carried — a per-year/number label would mislabel the v3 total return | scenarios.cases[2] .ret annotation ""รวม 3 ปี (~31.1% CAGR)"" not carried — a per-year/number label would mislabel the v3 total return | TEXT LOST ×5: Fwd รวม CAGR รวม CAGR | D: prose:prose.gauge ""+22.3%"" → {{analyst.pct}} | D: prose:prose.verdictBody ""+16.1%"" → {{analyst.pct}} | D: prose:catalysts[5] ""+22.3%"" → {{analyst.pct}} | D: s2: $158.00 → $158.08 | D: s3: $176.85 → $176.64 | D: s3: $158.00 → $158.08 | D: s3: $158.00 → $158.08 | D: s4: $158.00 $110.60 $126.40 $158.00 → $158.08 $110.66 $126.46 $158.08 | D: s4: $178.00 → $177.79 | D: s4: $158.00 → $158.08 | D: s4: $126.40 → $126.46 | D: s4: (+22.3%) → (+27%) | D: s6: $121 −14.3% → $121.08 −11% | D: s7: (+22.3% → (+27% | D: s8: $158.00 → $158.08 | D: s8: (+16.1%) → (+27%) | D: s8: $158.00 ($120.00–$178.00) → $158.08 ($119.80–$177.79) | D: s8: ($126.40) → ($126.46) | D: s8: $126.40 → $126.46 | D: s8: $110.60 → $110.66 | D: s6: $212 +50.2% รวม 3 ปี (~14.5% CAGR) → $212.23 +56% | D: s6: $317 +124.5% รวม 3 ปี (~31.1% CAGR) → $316.76 +133% | D: rd/sm fv: 158 → 158.08 | D: rd/sm values.fvLow: 120 → 119.8 | D: rd/sm values.fvHigh: 178 → 177.79",3,3,5,19,4,0,0,11,,0.17
POET,US,HUMAN,"era mismatch footer BE ≠ values.dateEra CE | first header tag not ""<EXCH>: POET"" (""NASDAQ: POET • TSXV: PTK"") | fv legs 1 < 2 (E17) | custom cards 8 > 4 — dropped ""ROE""; ""เงินสด + ลงทุนระยะสั้น""; ""รายได้ Q2 2026""; ""Operating cash flow Q2"" | TEXT LOST ×22: TSXV PTK ROE ขาดทุน ROE ติดลบ เงินสด ลงทุนระยะสั้น | D: scn.bear.tgt 4.1 → 4.08 | D: scn.bull.tgt 25.6 → 25.78 | D: prose stale copies ×2 (px@analysis) | D: s4: $20.81 → | D: s6: $4.10 → $4.08 | D: s6: $25.60 +230% → $25.78 +233% | D: s6: $1.42 → $1.43 | D: s8: ($4.56–$7.00) → ($4.56–$4.56) | D: footer: 2569 → 2026 | D: s1: ROE N A ขาดทุน → ROE ติดลบ เงินสด + ลงทุนระยะสั้น ~$796M ~$4.60 หุ้น • หนี้แทบไม่มี ($7.8M) รายได้ Q2 2026 $570K ▲ +112% YoY (ฐานต่ำมาก) Operating cash flow Q2 −$12.2M FCF TTM −$40.6M • เผาเงินสดต่อเนื่อง 0% → 0.00% | D: rd/sm values.fvHigh: 7 → 4.56 | D: rd/sm values.scenarios[0].tgt: 4.1 → 4.08 | D: rd/sm values.scenarios[2].tgt: 25.6 → 25.78",2,1,22,7,5,2,8,19,,34.86
PONY,US,HUMAN,"custom cards 5 > 4 — dropped ""EV/Sales (TTM)"" | TEXT LOST ×11: EV Sales TTM เทียบ WeRide WRD peer WeRide | D: scn.bear.tgt 2.67 → 1.99 | D: scn.base.tgt 6.55 → 5.53 | D: scn.bull.tgt 15.71 → 14.22 | D: s1: -$0.36 → ~$-0.36 | D: s6: $2.67 −62% → $1.99 −72% | D: s6: $6.55 −8% → $5.53 −22% | D: s6: $15.71 +122% → $14.22 +101% | D: rd/sm values.scenarios[0].tgt: 2.67 → 1.99 | D: rd/sm values.scenarios[1].tgt: 6.55 → 5.53 | D: rd/sm values.scenarios[2].tgt: 15.71 → 14.22",2,2,11,4,5,0,5,5,,25.47
POOL,US,HUMAN,"scenarios.cases[0] .ret annotation ""รวม 3 ปี (ไม่รวมปันผล)"" not carried — dividend claim in the note contradicts divIncluded (says no dividend while divIncluded) | scenarios.cases[1] .ret annotation ""รวม 3 ปี (~29%/ปี)"" not carried — a per-year/number label would mislabel the v3 total return | scenarios.cases[2] .ret annotation ""รวม 3 ปี (~40%/ปี)"" not carried — a per-year/number label would mislabel the v3 total return | TEXT LOST ×4: รวม ไม่รวมปันผล รวม รวม | D: scn.base.tgt $344 → 328.63 | D: scn.bull.tgt $444 → 427.6 | D: prose stale copies ×2 (pe@analysis) | D: s1: ~19.7x → 14.9x | D: s2: $295.00 → $295.92 | D: s3: $301 $295.00 → $301.00 $295.92 | D: s3: $$295.00 → $$295.92 | D: s4: $295.00 $206.50 $236.00 $256 $295.00 → $295.92 $207.14 $236.74 $256.00 $295.92 | D: s4: $$295.00 → $$295.92 | D: s4: $$295.00 → $$295.92 | D: s8: $$295.00 → $$295.92 | D: s8: $295.00 ($272.00–$315.00) → $295.92 ($271.75–$315.00) | D: s6: $179 +10.7% รวม 3 ปี (ไม่รวมปันผล) → $178.57 +20% | D: s6: $344 +112.7% รวม 3 ปี (~29% ปี) → $328.63 +113% | D: s6: $444 +174.6% รวม 3 ปี (~40% ปี) → $427.60 +174% | D: rd/sm fv: 295 → 295.92 | D: rd/sm values.fvLow: 272 → 271.75 | D: rd/sm sm.pe: 19.72 → 14.876725 | D: rd/sm sm.mos: 45.2 → 45.4 | D: rd/sm sm.upside: 82.4 → 83",3,3,4,12,7,2,2,13,,24.56
PPG,US,HUMAN,"TEXT LOST ×1: บวกเพิ่ม | D: prose stale copies ×2 (pe@analysis) | D: s1: ~16.6% → 16.0% | D: s2: $115.00 → $114.93 | D: s2: $115.00 (+8%) → $114.93 (+7%) | D: s3: $111 $115.00 → $111.36 $114.93 | D: s3: $115.00 → $114.93 | D: s4: $115.00 $80.50 $92.00 $115.00 $119.00 → $114.93 $80.45 $91.94 $114.93 $118.50 | D: s4: ($92.00) → ($91.94) | D: s4: ($115.00) → ($114.93) | D: s4: +8% → +7% | D: s4: $92.00 → $91.94 | D: s4: $80.50 → $80.45 | D: s5: +8% → +7% | D: s8: $115.00 (+8%) → $114.93 (+7%) | D: s8: $115.00 ($111.00–$119.00) → $114.93 ($111.36–$118.50) | D: s8: +8% → +7% | D: s8: $92.00 → $91.94 | D: s8: $80.50 → $80.45 | D: rd/sm fv: 115 → 114.93 | D: rd/sm values.fvLow: 111 → 111.36 | D: rd/sm values.fvHigh: 119 → 118.5",2,2,1,17,4,2,2,4,,0.42
PR9,TH,VALUE-DRIFT,"scn.bear.tgt 17.25 → 17.21 | scn.bull.tgt 40 → 39.92 | s3: ฿17.42 → ฿17.43 | s6: ฿17.25 → ฿17.21 | s6: ฿40.00 +117% → ฿39.92 +116% | s8: (฿17.42–฿23.10) → (฿17.43–฿23.10) | rd/sm values.fvLow: 17.42 → 17.43 | rd/sm values.scenarios[0].tgt: 17.25 → 17.21 | rd/sm values.scenarios[2].tgt: 40 → 39.92",3,3,0,4,5,0,0,7,multi-rounding,0.23
PRCT,US,HUMAN,"TEXT LOST ×1: ตระกูลเดียวกับข้อ | D: scn.base.tgt 31.33 → 31.32 | D: scn.bull.tgt 56.1 → 56.09 | D: s1: 3.28x → 3.0x | D: s1: -$1.95 → ~$-1.95 | D: s2: $20.74 → $20.73 | D: s3: $20.60 → $20.59 | D: s3: $20.74 → $20.73 | D: s4: $20.74 $14.52 $16.59 $20.74 → $20.73 $14.51 $16.58 $20.73 | D: s4: $20.74 → $20.73 | D: s6: $31.33 → $31.32 | D: s6: $56.10 → $56.09 | D: s8: $20.74 → $20.73 | D: s8: $20.74 ($20.60–$20.87) → $20.73 ($20.59–$20.87) | D: s8: ($16.59) → ($16.58) | D: rd/sm fv: 20.74 → 20.73 | D: rd/sm values.fvLow: 20.6 → 20.59 | D: rd/sm values.scenarios[1].tgt: 31.33 → 31.32 | D: rd/sm values.scenarios[2].tgt: 56.1 → 56.09",2,2,1,12,6,0,2,8,,0.05
PRG,TH,VALUE-DRIFT,"scn.bull.tgt 17.22 → 17.23 | s6: ฿17.22 → ฿17.23 | rd/sm values.scenarios[2].tgt: 17.22 → 17.23",2,2,0,1,3,0,1,4,scn-tgt,0.06
PRINC,TH,HUMAN,"scenarios.driver ""EBITDA +5%/ปี"" not in [""eps"";""ffo"";""revenuePerShare"";""bvps"";""fcfPerShare"";""de"";""fre""] | scenarios.cases[0] .ret annotation ""/ ปี"" not carried — a per-year/number label would mislabel the v3 total return | scenarios.cases[1] .ret annotation ""/ ปี"" not carried — a per-year/number label would mislabel the v3 total return | scenarios.cases[2] .ret annotation ""/ ปี"" not carried — a per-year/number label would mislabel the v3 total return | TEXT LOST ×10: EBITDA BVPS EBITDA BVPS EBITDA BVPS BV ต่ำกว่า | D: scn.bear.tgt ฿1.57 → 1.16 | D: scn.base.tgt ฿2.18 → 2.12 | D: scn.bull.tgt ฿2.87 → 3.6 | D: prose stale copies ×1 (px@analysis) | D: s1: ~0.58% → 0.59% | D: s3: ฿2.04 → ฿2.03 | D: s4: ฿2.04 → ฿2.03 | D: s8: (฿1.86–฿2.04) → (฿1.86–฿2.03) | D: s6: ฿1.57 −3% ปี BVPS ปี 3 ฿2.05 → ฿1.16 −30% ฿1.54 | D: s6: ฿2.18 +8% ปี BVPS ปี 3 → ฿2.12 +28% | D: s6: ฿2.87 +19% ปี BVPS ปี 3 ฿2.50 → ฿3.60 +119% ฿3.27 | D: rd/sm values.fvHigh: 2.04 → 2.03",2,2,10,7,2,1,4,10,,0.49
PRM,TH,VALUE-DRIFT,"scn.bear.tgt 5.65 → 5.66 | scn.bull.tgt 12.6 → 12.56 | s1: ~9.9x → 9.7x | s6: ฿5.65 → ฿5.66 | s6: ฿12.60 +52% → ฿12.56 +51% | rd/sm values.scenarios[0].tgt: 5.65 → 5.66 | rd/sm values.scenarios[2].tgt: 12.6 → 12.56 | rd/sm sm.pe: 9.9 → 9.690722",2,2,0,3,4,0,2,5,mixed,2.11
PRU,US,VALUE-DRIFT,"scn.bear.tgt 94 → 93.9 | scn.base.tgt 132 → 131.73 | scn.bull.tgt 193 → 192.68 | prose:prose.verdictHeadline ""~5%"" → {{mos}} | prose stale copies ×1 (px@analysis) | s2: $125.00 → $125.12 | s3: $97 $125.00 → $96.60 $125.12 | s3: $125.00 → $125.12 | s4: $125.00 $87.50 $100.00 $125.00 $137.00 → $125.12 $87.58 $100.10 $113.40 $125.12 $137.14 | s4: $125.00 → $125.12 | s4: $100.00 → $100.10 | s4: $87.50 → $87.58 | s6: $94.00 → $93.90 | s6: $132.00 → $131.73 | s6: $193.00 +63% → $192.68 +62% | s8: $125.00 → $125.12 | s8: $125.00 ($97.00–$137.00) → $125.12 ($96.60–$137.14) | s8: ($100.00) → ($100.10) | s8: ($87.50) → ($87.58) | rd/sm fv: 125 → 125.12 | rd/sm values.fvLow: 97 → 96.6 | rd/sm values.fvHigh: 137 → 137.14 | rd/sm values.scenarios[0].tgt: 94 → 93.9 | rd/sm values.scenarios[1].tgt: 132 → 131.73 | rd/sm values.scenarios[2].tgt: 193 → 192.68",3,3,0,14,8,1,0,5,mixed,0.41
PSA,US,HUMAN,"TEXT LOST ×5: PSA Self Storage REIT NYSE | D: scn.base.tgt 297.76 → 297.75 | D: scn.bull.tgt 358.24 → 358.23 | D: prose stale copies ×2 (pe@analysis) | D: s2: $294.00 → $293.89 | D: s2: $294.00 → $293.89 | D: s3: $294.00 → $293.89 | D: s4: $294.00 $205.80 $235.20 $294.00 $301.00 $336 → $293.89 $205.72 $235.11 $293.89 $300.78 $336.33 | D: s4: $294.00 → $293.89 | D: s4: ($235.20) → ($235.11) | D: s6: $297.76 → $297.75 | D: s6: $358.24 → $358.23 | D: s8: $294.00 → $293.89 | D: s8: $294.00 ($287.00–$301.00) → $293.89 ($287.00–$300.78) | D: s8: $294.00 → $293.89 | D: rd/sm fv: 294 → 293.89 | D: rd/sm values.fvHigh: 301 → 300.78 | D: rd/sm values.scenarios[1].tgt: 297.76 → 297.75 | D: rd/sm values.scenarios[2].tgt: 358.24 → 358.23 | D: rd/sm sm.pe: 28.3 → 27.152672",2,2,5,11,7,2,4,3,,4.05
PSP,TH,VALUE-DRIFT,"scn.bear.tgt 3.48 → 3.47 | scn.base.tgt 5.96 → 5.97 | scn.bull.tgt 9.46 → 9.47 | prose stale copies ×4 (pe@analysis) | header: ฿4.22 – ฿8.70 • → · | s1: ~8.7x → 8.5x | s1: ฿13;135 ล้าน -1.3% → ฿1.31 หมื่นล้าน 1.3% | s6: ฿3.48 → ฿3.47 | s6: ฿5.96 −1.3% → ฿5.97 −1.2% | s6: ฿9.46 → ฿9.47 | s6: −1.3% → −1.2% | rd/sm values.scenarios[0].tgt: 3.48 → 3.47 | rd/sm values.scenarios[1].tgt: 5.96 → 5.97 | rd/sm values.scenarios[2].tgt: 9.46 → 9.47 | rd/sm sm.pe: 8.7 → 8.5",2,2,0,7,6,4,0,5,mixed,2.3
PSX,US,VALUE-DRIFT,"scn.bear.tgt 79 → 78.9 | scn.base.tgt 168 → 168.41 | scn.bull.tgt 258 → 258.39 | prose stale copies ×1 (px@analysis) | s2: $133.00 → $133.38 | s3: $133 $133.00 → $133.35 $133.38 | s4: $133.00 $93.10 $106.40 $133.00 $160 $249 → $133.38 $93.37 $106.70 $133.38 $133.40 $249.00 | s4: $133.00 → $133.38 | s4: $106.40–$133.00 → $106.70–$133.38 | s6: $79.00 → $78.90 | s6: $168.00 → $168.41 | s6: $258.00 → $258.39 | s6: $19.87 → $19.88 | s8: $133.00 → $133.38 | s8: $106.40–$133.00 $133.00 ($120.00–$146.00) → $106.70–$133.38 $133.38 ($133.35–$133.40) | s8: $106.40–$133.00 → $106.70–$133.38 | rd/sm fv: 133 → 133.38 | rd/sm values.fvLow: 120 → 133.35 | rd/sm values.fvHigh: 146 → 133.4 | rd/sm values.scenarios[0].tgt: 79 → 78.9 | rd/sm values.scenarios[1].tgt: 168 → 168.41 | rd/sm values.scenarios[2].tgt: 258 → 258.39 | rd/sm sm.mos: -92.4 → -91.8",2,2,0,12,9,1,2,8,mixed,11.12
PTC,US,HUMAN,"price-bound custom card ""GAAP P/E (TTM)"" | D: scn.bear.tgt 125 → 125.45 | D: scn.base.tgt 196 → 196.26 | D: scn.bull.tgt 308 → 307.63 | D: s2: $195.00 → $195.44 | D: s2: $195.00 → $195.44 | D: s3: $145 $195.00 → $144.88 $195.44 | D: s4: $195.00 $136.50 $156.00 → $195.44 $136.81 $156.35 | D: s4: $195.00 → $195.44 | D: s4: ($136.50) → ($136.81) | D: s4: $195.00 → $195.44 | D: s6: $125.00 → $125.45 | D: s6: $196.00 → $196.26 | D: s6: $308.00 → $307.63 | D: s8: $195.00 → $195.44 | D: s8: $195.00 ($145.00–$246.00) → $195.44 ($144.88–$246.00) | D: s8: ($136.50) → ($136.81) | D: rd/sm fv: 195 → 195.44 | D: rd/sm values.fvLow: 145 → 144.88 | D: rd/sm values.scenarios[0].tgt: 125 → 125.45 | D: rd/sm values.scenarios[1].tgt: 196 → 196.26 | D: rd/sm values.scenarios[2].tgt: 308 → 307.63 | D: rd/sm sm.mos: 29.5 → 29.7 | D: rd/sm sm.upside: 41.9 → 42.2",2,2,0,13,9,0,3,8,,0.36
PTG,TH,HUMAN,"scenarios.cases[0] .ret annotation ""(~ −9.9%/ปี)"" not carried — a per-year/number label would mislabel the v3 total return | scenarios.cases[1] .ret annotation ""(~ +2.9%/ปี)"" not carried — a per-year/number label would mislabel the v3 total return | scenarios.cases[2] .ret annotation ""(~ +21.6%/ปี)"" not carried — a per-year/number label would mislabel the v3 total return | TEXT LOST ×3: ไม่รวมในผลตอบแทน ไม่รวมในผลตอบแทน ไม่รวมในผลตอบแทน | D: s1: ~37.6x → 14.1x | D: s3: ฿6.26 → ฿6.27 | D: s6: −26.9% (~ −9.9% ปี) → −27% | D: s6: +8.8% (~ +2.9% ปี) → +9% | D: s6: +79.8% (~ +21.6% ปี) → +80% | D: rd/sm sm.pe: 37.6 → 14.067797",3,3,3,5,2,0,3,7,,62.59
PTT,TH,VALUE-DRIFT,"s1: ~9.7x → 10.0x | s2: ฿34.00 → ฿33.93 | s3: ฿34.00 → ฿33.93 | s4: ฿34.00 ฿23.80 ฿27.20 ฿34.00 ฿35.00 → ฿33.93 ฿23.75 ฿27.14 ฿33.93 ฿34.74 | s4: ฿34.00 → ฿33.93 | s4: ฿27.20 → ฿27.14 | s8: ฿34.00 → ฿33.93 | s8: ฿27.20 → ฿27.14 | s8: ฿34.00 (฿33.00–฿35.00) → ฿33.93 (฿33.12–฿34.74) | s8: ฿34.00 → ฿33.93 | s8: ฿27.20) → ฿27.14) | rd/sm fv: 34 → 33.93 | rd/sm values.fvLow: 33 → 33.12 | rd/sm values.fvHigh: 35 → 34.74 | rd/sm sm.pe: 9.7 → 9.965438 | rd/sm sm.mos: -27.2 → -27.5",2,2,0,11,6,0,0,6,mixed,2.74
PTTEP,TH,VALUE-DRIFT,"scn.bull.tgt ฿215.08 → 215.05 | s2: ฿148.00 → ฿147.77 | s3: ฿148.00 → ฿147.77 | s4: ฿148.00 ฿103.60 ฿118.40 ฿148.00 → ฿147.77 ฿103.44 ฿118.22 ฿147.77 | s4: ฿167.00 → ฿166.80 | s4: ฿148.00 → ฿147.77 | s4: (−1.7%) → (−1.8%) | s4: ฿118.40 → ฿118.22 | s5: −1.7% → −1.8% | s6: ฿215.08 +64% → ฿215.05 +63% | s8: ฿148.00 → ฿147.77 | s8: (−1.7%) → (−1.8%) | s8: ฿148.00 (฿129.00–฿167.00) → ฿147.77 (฿128.75–฿166.80) | s8: −1.7% → −1.8% | s8: ฿148.00 → ฿147.77 | s8: ฿118.40) → ฿118.22) | rd/sm fv: 148 → 147.77 | rd/sm values.fvLow: 129 → 128.75 | rd/sm values.fvHigh: 167 → 166.8",2,2,0,15,5,0,3,11,mixed,0.19
PWR,US,VALUE-DRIFT,"scn.bear.tgt 526 → 525.93 | scn.base.tgt 790 → 791.74 | scn.bull.tgt 1098 → 1096.59 | s2: $406.00 → $405.88 | s3: $473 $406.00 → $472.65 $405.88 | s4: $406.00 $284.20 $324.80 $406.00 → $405.88 $284.12 $324.70 $405.88 $472.65 | s4: $940 → | s4: $406.00 → $405.88 | s4: −58%) → −59%) | s5: −58% → −59% | s5: $406.00 → $405.88 | s6: $526.00 → $525.93 | s6: $790.00 → $791.74 | s6: $1;098.00 +71% (+20% → $1;096.59 +70% (+19% | s6: $406.00 → $405.88 | s8: $406.00 ($339.00–$473.00) → $405.88 ($339.11–$472.65) | s8: −58% → −59% | s8: $406.00 → $405.88 | s8: ≤$324.80) → ≤$324.70) | rd/sm fv: 406 → 405.88 | rd/sm values.fvLow: 339 → 339.11 | rd/sm values.fvHigh: 473 → 472.65 | rd/sm values.scenarios[0].tgt: 526 → 525.93 | rd/sm values.scenarios[1].tgt: 790 → 791.74 | rd/sm values.scenarios[2].tgt: 1098 → 1096.59 | rd/sm sm.pe: 49.1 → 73.627002",2,2,0,16,9,0,3,9,mixed,49.95
PYPL,US,HUMAN,"custom cards 7 > 4 — dropped ""EPS TTM (Non-GAAP / GAAP)""; ""FCF/หุ้น (TTM)""; ""Buyback (TTM)"" | TEXT LOST ×109: EPS TTM NonGAAP GAAP FY25 nonGAAP โต FCF | D: s2: $75.00 → $74.86 | D: s3: $75.00 → $74.86 | D: s3: ($75.00) → ($74.86) | D: s4: $75.00 $52.50 $60.00 $75.00 $80.00 → $74.86 $52.40 $57.07 $59.89 $74.86 $80.40 | D: s4: ($75.00) → ($74.86) | D: s4: ($60.00) → ($59.89) | D: s7: ($75.00) → ($74.86) | D: s8: Moat Assessment: หลักฐานชี้ไปสองทาง — ด้านบวก คือ Venmo TPV โต 14% ต่อเนื่อง 6 ไตรมาส; PayPal Ads ใช้ purchase-level data ที่คู่แข่งไม่มี; และ conversion rate ของ branded checkout ในอดีตเคยสูงกว่า generic card form มาก (แม้ premium นี้จะแคบลง) ด้านลบ คือ branded checkout growth เพียง +2% (currency-neutral) ช้ากว่า TPV รวมมาก; active account เกือบนิ่ง (+1%) และ transactions user ลดลง 5% — สะท้อนว่า ""ความถี่การใช้งาน"" ต่อบัญชีกำลังลดลง ขณะที่ Apple Pay ได้เปรียบเชิงโครงสร้างบน iOS (ระบบปฏิบัติการ + biometric ในตัวเครื่อง) และ Stripe Shopify Payments รุกตลาด SMB-to-enterprise ด้วยเทคโนโลยีที่ integrate ง่ายกว่า สรุป: moat ยังไม่หายไปทั้งหมด (เครือข่าย Venmo + ข้อมูล transaction ยังมีมูลค่า) แต่ premium ของ ""PayPal เป็นค่าเริ่มต้นของ online checkout"" กำลังเจือจางลงจริง — CEO Alex Chriss เดิมพันกับ reorganization (แยก Venmo เป็น segment อิสระ + PayPal Ads) เพื่อพลิกกลับ ยังต้องรอผลลัพธ์อีก 2-4 ไตรมาสจึงจะเห็นชัด $75.00 ($69.00–$80.00) → $74.86 ($69.29–$80.40) | D: rd/sm fv: 75 → 74.86 | D: rd/sm values.fvLow: 69 → 69.29 | D: rd/sm values.fvHigh: 80 → 80.4 | D: rd/sm sm.mos: 29.9 → 29.7 | D: rd/sm sm.upside: 42.6 → 42.3",3,3,109,8,6,0,7,11,,0.5
Q-CON,TH,VALUE-DRIFT,"scn.bull.tgt 7.75 → 7.76 | s6: ฿7.75 +50% → ฿7.76 +51% | rd/sm values.scenarios[2].tgt: 7.75 → 7.76",2,2,0,1,3,0,2,5,scn-tgt,0.13
QCOM,US,HUMAN,"TEXT LOST ×2: หลัก ทรงตัว | D: scn.base.tgt 171 → 170.17 | D: scn.bull.tgt 252 → 250.78 | D: s2: $154.00 → $153.51 | D: s3: $150 $154.00 → $149.51 $153.51 | D: s4: $154.00 $107.80 $123.20 $154.00 → $153.51 $107.46 $122.81 $153.51 $157.50 | D: s4: $300 → | D: s4: ($154.00) → ($153.51) | D: s5: −26% → −27% | D: s5: $154.00 → $153.51 | D: s5: $123.20 → $122.81 | D: s6: $171.00 → $170.17 | D: s6: $252.00 +30% → $250.78 +29% | D: s8: $154.00 → $153.51 | D: s8: $154.00 ($150.00–$158.00) → $153.51 ($149.51–$157.50) | D: s8: −26% → −27% | D: s8: ($123.20) → ($122.81) | D: rd/sm fv: 154 → 153.51 | D: rd/sm values.fvLow: 150 → 149.51 | D: rd/sm values.fvHigh: 158 → 157.5 | D: rd/sm values.scenarios[1].tgt: 171 → 170.17 | D: rd/sm values.scenarios[2].tgt: 252 → 250.78 | D: rd/sm sm.mos: -26.1 → -26.5 | D: rd/sm sm.upside: -20.7 → -21",2,2,2,14,9,0,3,9,,0.49
QH,TH,HUMAN,"scenarios.cases[0] .ret annotation ""/ −0.7%ต่อปี"" not carried — a per-year/number label would mislabel the v3 total return | scenarios.cases[1] .ret annotation ""/ +13.9%ต่อปี"" not carried — a per-year/number label would mislabel the v3 total return | scenarios.cases[2] .ret annotation ""/ +27.8%ต่อปี"" not carried — a per-year/number label would mislabel the v3 total return | TEXT LOST ×6: รวม 07ต่อปี รวม 139ต่อปี รวม 278ต่อปี | D: scn.bull.tgt ฿2.88 → 2.87 | D: prose stale copies ×1 (pe@analysis) | D: s1: ~7.61x → 7.7x | D: s1: ~6.57% → 6.52% | D: s6: รวม −2.2% −0.7%ต่อปี → −2% | D: s6: รวม +47.8% +13.9%ต่อปี ฿0.208 → +48% ฿0.21 | D: s6: ฿2.88 รวม +108.7% +27.8%ต่อปี ฿0.240 12x → ฿2.87 +108% ฿0.24 12.0x",3,3,6,5,1,1,0,7,,0
RACE,US,VALUE-DRIFT,"scn.bear.tgt 348.34 → 335.55 | scn.base.tgt 503.43 → 490.65 | scn.bull.tgt 679.13 → 666.36 | s2: $396.00 → $396.49 | s2: $396.00 → $396.49 | s3: $354 $396.00 → $353.46 $396.49 | s4: $396.00 $277.20 $316.80 $396.00 $462 $504 → $396.49 $277.54 $317.19 $396.49 $439.52 $462.00 | s4: $396.00 → $396.49 | s4: $316.80 → $317.19 | s4: $277.20 → $277.54 | s6: $348.34 −15% → $335.55 −19% | s6: $503.43 +22% → $490.65 +19% | s6: $679.13 +65% → $666.36 +62% | s6: (+22%) → (+19%) | s6: (−15%) → (−19%) | s6: (+65%) → (+62%) | s8: $396.00 → $396.49 | s8: $316.80 → $317.19 | s8: $396.00 ($354.00–$440.00) → $396.49 ($353.46–$439.52) | s8: $396.00; → $396.49; | s8: ($316.80); → ($317.19); | rd/sm fv: 396 → 396.49 | rd/sm values.fvLow: 354 → 353.46 | rd/sm values.fvHigh: 440 → 439.52 | rd/sm values.scenarios[0].tgt: 348.34 → 335.55 | rd/sm values.scenarios[1].tgt: 503.43 → 490.65 | rd/sm values.scenarios[2].tgt: 679.13 → 666.36",2,2,0,18,8,0,3,8,mixed,3.67
RAM,TH,HUMAN,"TEXT LOST ×1: ตระกูลเดียวกับวิธี | D: s2: ฿15.42–฿17.48) → ฿15.42–฿17.49) | D: s3: ฿17.48 → ฿17.49 | D: s4: ฿17.48 → ฿17.49 | D: s8: ฿15.42–฿17.48) → ฿15.42–฿17.49) | D: s8: (฿15.42–฿17.48) → (฿15.42–฿17.49) | D: rd/sm values.fvHigh: 17.48 → 17.49",2,2,1,5,2,0,1,9,,0.06
RATCH,TH,VALUE-DRIFT,"scn.bear.tgt 21 → 21.03 | scn.base.tgt 29.4 → 29.37 | scn.bull.tgt 36.6 → 36.59 | prose stale copies ×1 (px@analysis) | s1: ~0.82x → 0.83x | s2: ฿28.40 → ฿28.35 | s2: ฿28.40 → ฿28.35 | s3: ฿29.8 ฿28.40 → ฿29.82 ฿28.35 | s3: ฿28.40 → ฿28.35 | s4: ฿28.40 ฿19.88 ฿22.72 ฿28.40 ฿29.80 → ฿28.35 ฿19.85 ฿22.68 ฿28.35 ฿29.82 | s4: ฿28.40 → ฿28.35 | s6: ฿21.00 −33% → ฿21.03 −32% | s6: ฿29.40 → ฿29.37 | s6: ฿36.60 → ฿36.59 | s6: −33% → −32% | s8: ฿28.40 → ฿28.35 | s8: ฿28.40 (฿26.90–฿29.80) → ฿28.35 (฿26.88–฿29.82) | s8: ฿22.72–฿28.40 → ฿22.68–฿28.35 | rd/sm fv: 28.4 → 28.35 | rd/sm values.fvLow: 26.9 → 26.88 | rd/sm values.fvHigh: 29.8 → 29.82 | rd/sm values.scenarios[0].tgt: 21 → 21.03 | rd/sm values.scenarios[1].tgt: 29.4 → 29.37 | rd/sm values.scenarios[2].tgt: 36.6 → 36.59 | rd/sm sm.mos: -34.7 → -34.9",2,2,0,14,9,1,0,5,mixed,0.2
RBC,US,HUMAN,"TEXT LOST ×4: ประมาณ ไม่จ่ายปันผล ไม่จ่ายปันผล ไม่จ่ายปันผล | D: scn.bear.tgt 331.8 → 331.75 | D: scn.base.tgt 568.8 → 568.71 | D: scn.bull.tgt 874.5 → 874.37 | D: s1: ~56.0x → 49.8x | D: s1: ~5.32x → 4.73x | D: s2: $466.20 → $466.18 | D: s3: $476.99 $466.20 → $476.96 $466.18 | D: s4: $466.20 $326.34 $372.96 $466.20 $476.99 → $466.18 $326.33 $372.94 $466.18 $476.96 | D: s4: ($476.99) → ($476.96) | D: s6: $331.80 → $331.75 | D: s6: $568.80 → $568.71 | D: s6: $874.50 → $874.37 | D: s8: $466.20 ($455.40–$476.99) → $466.18 ($455.40–$476.96) | D: rd/sm fv: 466.2 → 466.18 | D: rd/sm values.fvHigh: 476.99 → 476.96 | D: rd/sm values.scenarios[0].tgt: 331.8 → 331.75 | D: rd/sm values.scenarios[1].tgt: 568.8 → 568.71 | D: rd/sm values.scenarios[2].tgt: 874.5 → 874.37 | D: rd/sm sm.pe: 55.98 → 49.787549",2,2,4,10,7,0,1,6,,11.06
RBF,TH,VALUE-DRIFT,"scn.bear.tgt 3.5 → 3.45 | scn.base.tgt 4.8 → 4.72 | s2: ฿4.50 → ฿4.49 | s3: ฿4.50 → ฿4.49 | s3: ฿4.50 → ฿4.49 | s4: ฿4.50 ฿3.15 ฿3.60 ฿4.50 → ฿4.49 ฿3.14 ฿3.59 ฿4.49 | s4: (฿3.60) → (฿3.59) | s6: ฿3.50 −21% → ฿3.45 −22% | s6: ฿4.80 +8% → ฿4.72 +6% | s8: ฿4.50 → ฿4.49 | s8: ฿4.50 → ฿4.49 | s8: (฿3.60–฿3.15) → (฿3.59–฿3.14) | rd/sm fv: 4.5 → 4.49 | rd/sm values.scenarios[0].tgt: 3.5 → 3.45 | rd/sm values.scenarios[1].tgt: 4.8 → 4.72 | rd/sm sm.mos: -11.1 → -11.4 | rd/sm sm.upside: -10 → -10.2",2,2,0,10,5,0,1,3,mixed,1.67
RCAT,US,HUMAN,"failed before compare — compute: scenarios.exitMetric: evsales (EV/Sales ออก) คูณรายได้ต่อหุ้น — ต้องใช้ scenarios.driver = ""revenuePerShare"" (พบ ""eps"") | leg 1 analyst target as fv (""1. EV/Sales (ตัวคูณ peer วัดจริง × รายได้ consensus FY2569E)"") | fv legs 1 < 2 (E17) | schema scenarios.exitMetric: evsales (EV/Sales ออก) คูณรายได้ต่อหุ้น — ต้องใช้ scenarios.driver = ""revenuePerShare"" (พบ ""eps"")",2,1,0,0,0,0,4,7,,0
RDDT,US,HUMAN,"TEXT LOST ×3: ตระกูล เดียวกับวิธี แต่ชะลอเร็วกว่า | D: scn.bear.tgt 109 → 108.49 | D: scn.base.tgt 235 → 234.61 | D: scn.bull.tgt 370 → 369.43 | D: s1: ~10.4x → 10.6x | D: s2: $168.00 → $168.26 | D: s3: $184.49 → $184.66 | D: s3: $168.00 → $168.26 | D: s4: $168.00 $117.60 $134.40 $168.00 $185.00 $215 → $168.26 $117.78 $134.61 $168.26 $184.66 $215.00 | D: s4: $168.00 → $168.26 | D: s4: $134.40 → $134.61 | D: s5: $134.40 → $134.61 | D: s6: $109.00 → $108.49 | D: s6: $235.00 → $234.61 | D: s6: $370.00 → $369.43 | D: s6: $10.55 → $10.56 | D: s8: $168.00 → $168.26 | D: s8: $134.40 → $134.61 | D: s8: $168.00 ($152.00–$185.00) → $168.26 ($151.85–$184.66) | D: s8: ($168.00) → ($168.26) | D: s8: $134.40 → $134.61 | D: s3: แต่ชะลอเร็วกว่า: $151.72 $168.00 → $151.85 $168.26 | D: rd/sm fv: 168 → 168.26 | D: rd/sm values.fvLow: 152 → 151.85 | D: rd/sm values.fvHigh: 185 → 184.66 | D: rd/sm values.scenarios[0].tgt: 109 → 108.49 | D: rd/sm values.scenarios[1].tgt: 235 → 234.61 | D: rd/sm values.scenarios[2].tgt: 370 → 369.43 | D: rd/sm sm.upside: 10 → 10.2",2,2,3,18,8,0,4,8,,0.47
REG,US,HUMAN,"custom cards 7 > 4 — dropped ""Leasing Spreads""; ""Net Debt / EBITDA""; ""ROE / Beta"" | TEXT LOST ×19: Leasing Spreads Cash straightline blended Net Debt EBITDA | D: scn.bear.tgt 68.3 → 68.31 | D: scn.base.tgt 85.2 → 85.19 | D: scn.bull.tgt 106.8 → 106.83 | D: s6: $68.30 → $68.31 | D: s6: $85.20 → $85.19 | D: s6: $106.80 → $106.83 | D: s1: Leasing Spreads +12.1% +24.3% Cash straight-line; blended Q1 2569 ~4.14% → 4.14% | D: s1: Net Debt EBITDA ~4.89x A3(Moody's) A-(S&P) — leverage ต่ำสุดในกลุ่ม ~2.00x → 2.00x | D: rd/sm values.scenarios[0].tgt: 68.3 → 68.31 | D: rd/sm values.scenarios[1].tgt: 85.2 → 85.19 | D: rd/sm values.scenarios[2].tgt: 106.8 → 106.83",2,2,19,5,5,0,7,10,,0.03
REGN,US,VALUE-DRIFT,"scn.bear.tgt 562 → 561.63 | scn.base.tgt 983 → 982.66 | scn.bull.tgt 1329 → 1328.56 | prose stale copies ×1 (pe@analysis) | s2: $730.00 → $729.76 | s3: $760 $730.00 → $760.08 $729.76 | s4: $730.00 $511.00 $584.00 $730.00 $849 $1;000 → $729.76 $510.83 $583.81 $729.76 $760.08 $849.00 | s4: $730.00 → $729.76 | s6: $562.00 → $561.63 | s6: $983.00 → $982.66 | s6: $1;329.00 → $1;328.56 | s8: $730.00 → $729.76 | s8: $730.00 ($699.00–$760.00) → $729.76 ($699.44–$760.08) | s8: $730.00 → $729.76 | s8: $584.00 → $583.81 | rd/sm fv: 730 → 729.76 | rd/sm values.fvLow: 699 → 699.44 | rd/sm values.fvHigh: 760 → 760.08 | rd/sm values.scenarios[0].tgt: 562 → 561.63 | rd/sm values.scenarios[1].tgt: 983 → 982.66 | rd/sm values.scenarios[2].tgt: 1329 → 1328.56",2,2,0,11,8,1,1,8,mixed,0.07
RELX,US,HUMAN,"TEXT LOST ×2: ADR ADR | D: scn.bear.tgt 36.2 → 36.28 | D: scn.base.tgt 48.07 → 48.1 | D: scn.bull.tgt 62.91 → 62.97 | D: prose:prose.strategy ""$33.41"" → {{px}} | D: prose stale copies ×3 (px@analysis) | D: s1: ~$58B → $58.6B | D: s1: ~20.1x → 20.2x | D: s1: ~$53.05 → $53.05 (+58%) | D: s3: $40.62 $44.00 → $40.63 $44.06 | D: s4: $44.00 $30.80 $35.20 $44.00 → $44.06 $30.84 $35.25 $44.06 | D: s4: ($35.20) → ($35.25) | D: s4: ($30.80) → ($30.84) | D: s4: $44.00 → $44.06 | D: s6: $36.20 → $36.28 | D: s6: $48.07 → $48.10 | D: s6: $62.91 +97% (+25% → $62.97 +98% (+26% | D: s8: $44.00 ($40.62–$47.48) → $44.06 ($40.63–$47.48) | D: s8: $33.41 → $33.51 | D: s2: ADR $44.00 → $44.06 | D: rd/sm fv: 44 → 44.06 | D: rd/sm values.fvLow: 40.62 → 40.63 | D: rd/sm values.scenarios[0].tgt: 36.2 → 36.28 | D: rd/sm values.scenarios[1].tgt: 48.07 → 48.1 | D: rd/sm values.scenarios[2].tgt: 62.91 → 62.97 | D: rd/sm sm.upside: 31.3 → 31.5",2,2,2,14,8,3,2,6,,0.22
RF,US,VALUE-DRIFT,"scn.bear.tgt 19.1 → 19.08 | scn.base.tgt 27.08 → 27.05 | scn.bull.tgt 36.95 → 37 | s1: 1.99x → | s6: $19.10 → $19.08 | s6: $27.08 +13% → $27.05 +12% | s6: $36.95 → $37.00 | rd/sm values.scenarios[0].tgt: 19.1 → 19.08 | rd/sm values.scenarios[1].tgt: 27.08 → 27.05 | rd/sm values.scenarios[2].tgt: 36.95 → 37",2,2,0,4,3,0,2,4,scn-tgt,0.14
RGA,US,HUMAN,"leg 3 analyst target as fv (""3. Forward P/E (FY2026 Consensus Est.)"") | D: FV 270 → 271.79 (equal weights) | D: scn.bear.tgt 234 → 223.44 | D: scn.base.tgt 326 → 314.83 | D: scn.bull.tgt 426 → 414.96 | D: prose stale copies ×1 (px@analysis) | D: s1: 1.06x → 1.23x | D: s2: $270.00 → $271.79 | D: s3: $246 → $244.74 | D: s3: $298 $270.00 → $298.00 $271.79 | D: s3: +9%) → +10%) | D: s4: $270.00 $189.00 $216.00 $270.00 $272 → $271.79 $190.25 $217.43 $271.79 $272.00 | D: s4: $270.00 → $271.79 | D: s4: +9%) → +10%) | D: s4: $216.00 → $217.43 | D: s4: $189.00 → $190.25 | D: s5: +9% → +10% | D: s6: $234.00 −5% → $223.44 −9% | D: s6: $326.00 +33% → $314.83 +28% | D: s6: $426.00 +74% → $414.96 +69% | D: s8: $270.00 → $271.79 | D: s8: +9%) → +10%) | D: s8: $270.00 ($246.00–$298.00) → $271.79 ($244.74–$298.00) | D: s8: +9% → +10% | D: s8: +9%) → +10%) | D: s8: ($216.00) → ($217.43) | D: s8: ($189.00) → ($190.25) | D: rd/sm fv: 270 → 271.79 | D: rd/sm values.fvLow: 246 → 244.74 | D: rd/sm values.scenarios[0].tgt: 234 → 223.44 | D: rd/sm values.scenarios[1].tgt: 326 → 314.83 | D: rd/sm values.scenarios[2].tgt: 426 → 414.96 | D: rd/sm sm.mos: 9.1 → 9.7 | D: rd/sm sm.upside: 10 → 10.7 | D: rd/sm sm.fairValue: 270 → 271.79",3,3,0,21,10,1,2,10,,4.51
RGLD,US,VALUE-DRIFT,"scn.bear.tgt 215 → 215.32 | scn.base.tgt 339 → 339.46 | scn.bull.tgt 450 → 449.97 | s2: $240.00 → $239.10 | s2: $240.00 → $239.10 | s2: −5%) → −6%) | s3: $234 $240.00 → $232.68 $239.10 | s4: $240.00 $168.00 $192.00 $240.00 $246.00 $305 → $239.10 $167.37 $191.28 $239.10 $245.52 $305.00 | s4: $240.00 → $239.10 | s4: −5%) → −6%) | s4: $192.00 → $191.28 | s5: −5% → −6% | s5: −5%) → −6%) | s6: $215.00 → $215.32 | s6: $339.00 → $339.46 | s6: $450.00 → $449.97 | s8: $240.00 → $239.10 | s8: $240.00 ($234.00–$246.00) → $239.10 ($232.68–$245.52) | s8: −5% → −6% | s8: −5%) → −6%) | s8: ($192.00) → ($191.28) | s8: ($168.00) → ($167.37) | rd/sm fv: 240 → 239.1 | rd/sm values.fvLow: 234 → 232.68 | rd/sm values.fvHigh: 246 → 245.52 | rd/sm values.scenarios[0].tgt: 215 → 215.32 | rd/sm values.scenarios[1].tgt: 339 → 339.46 | rd/sm values.scenarios[2].tgt: 450 → 449.97 | rd/sm sm.mos: -5.2 → -5.6 | rd/sm sm.upside: -4.9 → -5.3",2,2,0,19,10,0,0,4,multi-rounding,0.56
RJF,US,VALUE-DRIFT,"scn.bear.tgt 138 → 137.99 | scn.base.tgt 199 → 198.64 | scn.bull.tgt 262 → 261.89 | s2: $175.00 → $175.42 | s3: $200 $175.00 → $200.46 $175.42 | s3: $175.00 → $175.42 | s4: $175.00 $122.50 $140.00 $175.00 $186 $200.00 → $175.42 $122.79 $140.34 $175.42 $186.00 $200.46 | s4: $175.00 → $175.42 | s4: $140.00 → $140.34 | s4: $122.50 → $122.79 | s6: $138.00 → $137.99 | s6: $199.00 → $198.64 | s6: $262.00 → $261.89 | s8: $175.00 → $175.42 | s8: $140.00 → $140.34 | s8: $175.00 ($150.00–$200.00) → $175.42 ($150.39–$200.46) | s8: $175.00 → $175.42 | s8: $140.00 → $140.34 | s8: $122.50) → $122.79) | rd/sm fv: 175 → 175.42 | rd/sm values.fvLow: 150 → 150.39 | rd/sm values.fvHigh: 200 → 200.46 | rd/sm values.scenarios[0].tgt: 138 → 137.99 | rd/sm values.scenarios[1].tgt: 199 → 198.64 | rd/sm values.scenarios[2].tgt: 262 → 261.89 | rd/sm sm.mos: 9.3 → 9.5 | rd/sm sm.upside: 10.2 → 10.5",2,2,0,16,8,0,0,4,multi-rounding,0.3
RJH,TH,HUMAN,"scenarios.cases[0] .ret annotation ""/ปี"" not carried — a per-year/number label would mislabel the v3 total return | scenarios.cases[1] .ret annotation ""/ปี"" not carried — a per-year/number label would mislabel the v3 total return | scenarios.cases[2] .ret annotation ""/ปี"" not carried — a per-year/number label would mislabel the v3 total return | D: s3: ฿14.11 → ฿14.12 | D: s6: −7.0% ปี → −20% | D: s6: +1.9% ปี → +6% | D: s6: +12.3% ปี → +42%",3,3,0,4,2,0,0,8,,0
RKLB,US,HUMAN,"scenarios.cases[0] .ret annotation ""(≈ −41%/ปี)"" not carried — a per-year/number label would mislabel the v3 total return | scenarios.cases[1] .ret annotation ""(≈ −21%/ปี)"" not carried — a per-year/number label would mislabel the v3 total return | scenarios.cases[2] .ret annotation ""(≈ −1%/ปี)"" not carried — a per-year/number label would mislabel the v3 total return | TEXT LOST ×13: PL โตปีงบหน้า ตัวคูณเฉลี่ย peer รายได้ปี ระดับ KTOS รายได้ปี | D: scn.bear.tgt $13 → 5.85 | D: scn.base.tgt $32 → 16.73 | D: scn.bull.tgt $62 → 34.71 | D: s1: −$0.28 → ~$-0.28 | D: s2: $18.60 → $18.58 | D: s3: $19.52 $18.60 → $19.53 $18.58 | D: s3: $17.60–$19.50 → $17.63–$19.53 | D: s4: $18.60 $13.02 $14.88 $18.60 $19.50 → $18.58 $13.01 $14.86 $18.58 $19.53 | D: s4: ($18.60) → ($18.58) | D: s5: $18.60 → $18.58 | D: s6: $18.60 → $18.58 | D: s8: $18.60 ($17.60–$19.50) → $18.58 ($17.63–$19.53) | D: s8: $18.60 → $18.58 | D: s8: $14.88 → $14.86 | D: s6: $13 −80% (ณ −41% ปี) รายได้ปี 3 $1.17B → $5.85 −92% $1.17 | D: s6: $32 −50% (ณ −21% ปี) รายได้ปี 3 $1.69B → $16.73 −77% $1.69 | D: s6: $62 −4% (ณ −1% ปี) รายได้ปี 3 $2.34B → $34.71 −53% $2.35 | D: rd/sm fv: 18.6 → 18.58 | D: rd/sm values.fvLow: 17.6 → 17.63 | D: rd/sm values.fvHigh: 19.5 → 19.53 | D: rd/sm sm.mos: -295.8 → -296.2",2,2,13,14,5,0,4,7,,0.4
RL,US,VALUE-DRIFT,"scn.bear.tgt 228.9 → 228.91 | scn.base.tgt 349.4 → 349.39 | scn.bull.tgt 506.9 → 506.86 | s1: ~7.1x → 7.44x | s2: $250.68 → $250.67 | s3: $230.12 → $230.11 | s3: $250.68 → $250.67 | s3: $250.68 → $250.67 | s4: $250.68 $175.48 → $250.67 $175.47 | s4: $250.68 → $250.67 | s4: ($250.68) → ($250.67) | s4: $200.54–$175.48 → $200.54–$175.47 | s5: $250.68 → $250.67 | s6: $228.90 → $228.91 | s6: $349.40 → $349.39 | s6: $506.90 → $506.86 | s8: $250.68 ($230.12–$271.23) → $250.67 ($230.11–$271.23) | s8: $200.54–$175.48 → $200.54–$175.47 | rd/sm fv: 250.68 → 250.67 | rd/sm values.fvLow: 230.12 → 230.11 | rd/sm values.scenarios[0].tgt: 228.9 → 228.91 | rd/sm values.scenarios[1].tgt: 349.4 → 349.39 | rd/sm values.scenarios[2].tgt: 506.9 → 506.86",2,2,0,15,7,0,0,4,multi-rounding,0.01
RLI,US,HUMAN,"TEXT LOST ×1: คงที่ | D: scn.bull.tgt $116.64 → 116.62 | D: prose stale copies ×1 (px@analysis) | D: s2: $83.00 → $82.76 | D: s2: $83.00 → $82.76 | D: s3: $83 $83.00 → $82.71 $82.76 | D: s4: $83.00 $58.10 → $82.76 $57.93 | D: s4: $66.40 $83.00 $87.00 → $66.21 $82.76 $82.82 | D: s4: $83.00 → $82.76 | D: s6: $116.64 → $116.62 | D: s8: $83.00 → $82.76 | D: s8: $83.00 ($79.00–$87.00) → $82.76 ($82.71–$82.82) | D: s8: $58.10 → $57.93 | D: s8: $87.00 → $82.82 | D: rd/sm fv: 83 → 82.76 | D: rd/sm values.fvLow: 79 → 82.71 | D: rd/sm values.fvHigh: 87 → 82.82 | D: rd/sm sm.upside: 47.8 → 47.4",2,2,1,11,5,1,2,8,,4.8
RMD,US,VALUE-DRIFT,"scn.bear.tgt 241.49 → 241.37 | scn.base.tgt 303.6 → 303.65 | scn.bull.tgt 359.04 → 359.11 | s1: ~19.3x → 21.4x | s2: $245.00 → $245.17 | s2: $245.00 → $245.17 | s3: $245.00 → $245.17 | s4: $245.00 $171.50 $196.00 $245.00 $248 $251.00 → $245.17 $171.62 $196.14 $245.17 $248.00 $250.80 | s4: ($196.00) → ($196.14) | s4: $245.00 → $245.17 | s6: $241.49 → $241.37 | s6: $12.71 → $12.70 | s6: $303.60 → $303.65 | s6: $359.04 → $359.11 | s8: $245.00 → $245.17 | s8: $245.00 ($238.00–$251.00) → $245.17 ($238.51–$250.80) | s8: ($196.00) → ($196.14) | rd/sm fv: 245 → 245.17 | rd/sm values.fvLow: 238 → 238.51 | rd/sm values.fvHigh: 251 → 250.8 | rd/sm values.scenarios[0].tgt: 241.49 → 241.37 | rd/sm values.scenarios[1].tgt: 303.6 → 303.65 | rd/sm values.scenarios[2].tgt: 359.04 → 359.11 | rd/sm sm.pe: 19.31 → 21.3973",3,3,0,14,9,0,2,11,mixed,10.81
RNR,US,HUMAN,"failed before compare — compute: scenarios.cases[1].growth: ต้องมี (ตัวเลข) | scenarios.cases[1].growth unreadable (""EPS ทรงตัว"") | schema scenarios.cases[1].growth: ต้องมี (ตัวเลข)",2,2,0,0,0,0,3,1,,0
ROJNA,TH,HUMAN,"TEXT LOST ×1: ฉากปกติ | D: scn.bear.tgt 3.96 → 3.95 | D: scn.bull.tgt 11.22 → 11.26 | D: s1: ~7.4x → 3.2x | D: s2: ฿6.28 → ฿6.29 | D: s2: ฿6.28 → ฿6.29 | D: s3: ฿5.86 ฿6.28 → ฿5.89 ฿6.29 | D: s3: ฿6.28 → ฿6.29 | D: s4: ฿6.28 → ฿6.29 | D: s4: ฿5.02 ฿6.28 → ฿5.03 ฿6.29 | D: s4: (฿5.02) → (฿5.03) | D: s4: ฿6.28 → ฿6.29 | D: s5: ฿6.28 → ฿6.29 | D: s5: ฿5.02 → ฿5.03 | D: s6: ฿3.96 → ฿3.95 | D: s6: ฿11.22 +128% → ฿11.26 +129% | D: s8: ฿6.28 → ฿6.29 | D: s8: ฿6.28 (฿5.86–฿6.70) → ฿6.29 (฿5.89–฿6.70) | D: s8: (฿5.02) → (฿5.03) | D: s8: ฿5.02 → ฿5.03 | D: rd/sm fv: 6.28 → 6.29 | D: rd/sm values.fvLow: 5.86 → 5.89 | D: rd/sm values.scenarios[0].tgt: 3.96 → 3.95 | D: rd/sm values.scenarios[2].tgt: 11.22 → 11.26 | D: rd/sm sm.pe: 7.4 → 3.166667 | D: rd/sm sm.mos: 9.2 → 9.4 | D: rd/sm sm.upside: 10.2 → 10.4",2,2,1,17,8,0,1,7,,57.21
ROK,US,HUMAN,"TEXT LOST ×1: ROK | D: scn.bear.tgt 316.94 → 316.93 | D: scn.base.tgt 397.8 → 397.94 | D: scn.bull.tgt 475.2 → 475.24 | D: s2: $357.00 → $357.22 | D: s2: $357.00 → $357.22 | D: s3: $357.00 → $357.22 | D: s3: $357.00 → $357.22 | D: s4: $357.00 $249.90 $285.60 $357.00 $374.00 $464 → $357.22 $250.05 $285.78 $357.22 $374.40 $464.00 | D: s4: $357.00 → $357.22 | D: s4: $285.60 → $285.78 | D: s4: $249.90 → $250.05 | D: s6: $316.94 → $316.93 | D: s6: $397.80 → $397.94 | D: s6: $475.20 → $475.24 | D: s8: $357.00 → $357.22 | D: s8: $357.00 ($337.00–$374.00) → $357.22 ($336.96–$374.40) | D: s8: $285.60 → $285.78 | D: s8: $249.90 → $250.05 | D: rd/sm fv: 357 → 357.22 | D: rd/sm values.fvLow: 337 → 336.96 | D: rd/sm values.fvHigh: 374 → 374.4 | D: rd/sm values.scenarios[0].tgt: 316.94 → 316.93 | D: rd/sm values.scenarios[1].tgt: 397.8 → 397.94 | D: rd/sm values.scenarios[2].tgt: 475.2 → 475.24",3,3,1,15,8,0,1,9,,0.11
ROL,US,VALUE-DRIFT,"scn.bear.tgt 46.29 → 44.16 | scn.base.tgt 66.66 → 64.32 | scn.bull.tgt 86.15 → 83.8 | s2: $49.00 → $49.23 | s2: ($49.00) → ($49.23) | s3: $48.00 → $47.96 | s3: $52.00 → $52.07 | s3: $47.35 $49.00 → $47.66 $49.23 | s3: $49.00 → $49.23 | s4: $49.00 $34.30 $39.20 $49.00 $52.00 → $49.23 $34.46 $39.38 $49.23 $52.07 | s4: ($34.30) → ($34.46) | s4: ($39.20) → ($39.38) | s4: $49.00 → $49.23 | s6: $46.29 +52% → $44.16 +45% | s6: $66.66 +119% → $64.32 +112% | s6: $86.15 +183% $1.74 → $83.80 +176% $1.75 | s8: $49.00 → $49.23 | s8: $49.00 ($47.00–$52.00) → $49.23 ($47.66–$52.07) | s8: $49.00 → $49.23 | s8: ($39.20) → ($39.38) | rd/sm fv: 49 → 49.23 | rd/sm values.fvLow: 47 → 47.66 | rd/sm values.fvHigh: 52 → 52.07 | rd/sm values.scenarios[0].tgt: 46.29 → 44.16 | rd/sm values.scenarios[1].tgt: 66.66 → 64.32 | rd/sm values.scenarios[2].tgt: 86.15 → 83.8 | rd/sm sm.mos: 38 → 38.2 | rd/sm sm.upside: 61.2 → 61.9",3,3,0,17,10,0,1,9,mixed,4.6
ROP,US,HUMAN,"TEXT LOST ×5: ROP Roper Technologies Inc NASDAQ | D: scn.bear.tgt 346.18 → 346.16 | D: scn.bull.tgt 644.7 → 644.74 | D: prose:prose.valuation ""+19.4%"" → {{analyst.pct}} | D: prose stale copies ×1 (pe@analysis) | D: s1: ~24.4x → 15.3x | D: s3: (+19.4%) → (+22%) | D: s6: $346.18 → $346.16 | D: s6: $644.70 → $644.74 | D: rd/sm values.scenarios[0].tgt: 346.18 → 346.16 | D: rd/sm values.scenarios[2].tgt: 644.7 → 644.74 | D: rd/sm sm.pe: 24.4 → 15.314262",2,2,5,4,4,1,3,9,,37.24
ROST,US,VALUE-DRIFT,"prose stale copies ×1 (pe@analysis) | header: $143.71 $257.00 → | s1: ~27.4x → 28.5x | s1: ~11.7x → 12.13x | s2: $190.00 → $190.41 | s2: $190.00 → $190.41 | s3: $190.00 → $190.41 | s4: $190.00 $133.00 $152.00 $190.00 $199.00 → $190.41 $133.29 $152.33 $190.41 $191.44 | s4: $190.00 → $190.41 | s4: $190.00 → $190.41 | s4: $152.00 → $152.33 | s8: $190.00 → $190.41 | s8: $152.00–$190.00 → $152.33–$190.41 | s8: $190.00 ($179.00–$199.00) → $190.41 ($189.38–$191.44) | s8: $152.00 → $152.33 | s8: $190.00 → $190.41 | rd/sm fv: 190 → 190.41 | rd/sm values.fvLow: 179 → 189.38 | rd/sm values.fvHigh: 199 → 191.44 | rd/sm sm.pe: 27.4 → 28.464329 | rd/sm sm.mos: -23.9 → -23.6 | rd/sm sm.upside: -19.3 → -19.1",2,2,0,15,8,1,0,7,mixed,5.8
RPH,TH,VALUE-DRIFT,"scn.bull.tgt 7 → 6.99 | prose stale copies ×1 (px@analysis) | s1: ~16.3x → 16.2x | s4: ฿5.25 → | s6: ฿7.00 +64% → ฿6.99 +63% | s6: +64% → +63% | rd/sm values.scenarios[2].tgt: 7 → 6.99",3,3,0,4,3,1,1,5,mixed,0.14
RPM,US,HUMAN,"TEXT LOST ×8: Coatings Building Materials Dividend Aristocrat NYSE RPM Specialty | D: s2: $116.00 → $116.44 | D: s2: $116.00 → $116.44 | D: s3: $115 $116.00 → $114.48 $116.44 | D: s3: $110.00–$124.00 → $114.48–$118.39 | D: s3: $116.00 → $116.44 | D: s4: $116.00 $81.20 $92.80 $116.00 $124.00 → $116.44 $81.51 $93.15 $116.44 $118.39 | D: s4: $116.00 → $116.44 | D: s4: ($124.00) → ($118.39) | D: s4: $92.80 → $93.15 | D: s5: ($92.80) → ($93.15) | D: s7: $92.80 → $93.15 | D: s8: $116.00 → $116.44 | D: s8: $92.80 → $93.15 | D: s8: $116.00 ($110.00–$124.00) → $116.44 ($114.48–$118.39) | D: s8: $116.00 → $116.44 | D: s8: $92.80 → $93.15 | D: s8: $81.20 → $81.51 | D: rd/sm fv: 116 → 116.44 | D: rd/sm values.fvLow: 110 → 114.48 | D: rd/sm values.fvHigh: 124 → 118.39 | D: rd/sm sm.mos: 14.9 → 15.2 | D: rd/sm sm.upside: 17.5 → 18",2,2,8,17,7,0,0,7,,4.52
RPRX,US,VALUE-DRIFT,"scn.base.tgt 63.51 → 63.49 | scn.bull.tgt 87.13 → 87.11 | prose stale copies ×1 (pe@analysis) | s1: ~30.6x → 31.3x | s6: $5.18 8x → $5.17 8.0x | s6: $63.51 → $63.49 | s6: $87.13 → $87.11 | rd/sm values.scenarios[1].tgt: 63.51 → 63.49 | rd/sm values.scenarios[2].tgt: 87.13 → 87.11 | rd/sm sm.pe: 30.6 → 31.33871",2,2,0,4,3,1,4,9,mixed,2.41
RR,US,HUMAN,"failed before compare — compute: scenarios.cases[0].exitMultiple: ต้องมี (ตัวเลข) | scenarios.driver ""มูลค่า −10%/ปี"" not in [""eps"";""ffo"";""revenuePerShare"";""bvps"";""fcfPerShare"";""de"";""fre""] | scenarios.exitMetric ""null"" not in [""pe"";""ps"";""pbv"";""pffo"";""pfcf"";""evsales""] | scenarios.cases[0].exitMultiple unreadable | scenarios.cases[1].exitMultiple unreadable | scenarios.cases[2].exitMultiple unreadable | schema scenarios.cases[0].exitMultiple: ต้องมี (ตัวเลข) | schema scenarios.cases[1].exitMultiple: ต้องมี (ตัวเลข) | schema scenarios.cases[2].exitMultiple: ต้องมี (ตัวเลข)",2,2,0,0,0,0,4,8,,0
RS,TH,HUMAN,"failed before compare — compute: scenarios.cases[0].growth: ต้องมี (ตัวเลข) | scenarios.driver ""ไม่ฟื้น / ล้มละลาย"" not in [""eps"";""ffo"";""revenuePerShare"";""bvps"";""fcfPerShare"";""de"";""fre""] | scenarios.cases[0].growth unreadable (""ไม่ฟื้น / ล้มละลาย"") | scenarios.cases[1].growth unreadable (""ฟื้นตัวบางส่วน"") | scenarios.cases[2].growth unreadable (""พลิกฟื้นแรง"") | scenarios: no base for driver eps (fundamentals and printed end value both missing) | schema scenarios.cases[0].growth: ต้องมี (ตัวเลข) | schema scenarios.cases[1].growth: ต้องมี (ตัวเลข) | schema scenarios.cases[2].growth: ต้องมี (ตัวเลข) | custom cards 6 > 4 — dropped ""หนี้สินรวม""; ""สถานะ SET""",2,2,0,0,0,0,6,7,,0
RSG,US,VALUE-DRIFT,"scn.bear.tgt 183.92 → 183.94 | scn.base.tgt 227.25 → 227.28 | scn.bull.tgt 266.22 → 266.29 | prose:prose.gauge ""$244"" → {{analyst.target}} | prose:prose.gauge ""+12%"" → {{analyst.pct}} | prose:prose.verdictBody ""$244"" → {{analyst.target}} | prose:prose.verdictBody ""+12%"" → {{analyst.pct}} | prose stale copies ×1 (mos@analysis) | s2: $190.00 → $190.31 | s2: $190.00 → $190.31 | s3: $190.00 → $190.31 | s3: $190.00 → $190.31 | s4: $190.00 $133.00 $152.00 $190.00 → $190.31 $133.22 $152.25 $190.31 | s4: $190.00 → $190.31 | s4: $244 (+12%) → $244.00 (+15%) | s4: $152.00 → $152.25 | s4: $133.00 → $133.22 | s6: $183.92 → $183.94 | s6: $227.25 → $227.28 | s6: $266.22 → $266.29 | s8: $152.00 → $152.25 | s8: $190.00 → $190.31 | s8: $244 (+12%) → $244.00 (+15%) | s8: $190.00 → $190.31 | s8: $190.00 → $190.31 | s8: $152.00 → $152.25 | s8: $133.00 → $133.22 | rd/sm fv: 190 → 190.31 | rd/sm values.scenarios[0].tgt: 183.92 → 183.94 | rd/sm values.scenarios[1].tgt: 227.25 → 227.28 | rd/sm values.scenarios[2].tgt: 266.22 → 266.29 | rd/sm sm.mos: -12 → -11.8 | rd/sm sm.upside: -10.7 → -10.5",3,3,0,19,8,1,4,11,mixed,0.2
RTX,US,VALUE-DRIFT,"scn.bear.tgt 143 → 143.1 | scn.base.tgt 210 → 210.38 | scn.bull.tgt 275 → 274.82 | s2: $163.00 → $163.32 | s3: $152 $163.00 → $152.27 $163.32 | s3: $163.00 → $163.32 | s3: $152.00–$174.00) → $152.27–$174.38) | s3: −16% → −15% | s4: $163.00 $114.10 $130.40 $163.00 $174.00 → $163.32 $114.32 $130.66 $163.32 $174.38 | s4: $163.00 → $163.32 | s4: −16%) → −15%) | s4: $130.40 → $130.66 | s4: $114.10 → $114.32 | s5: −16% → −15% | s6: $143.00 → $143.10 | s6: $7.15 → $7.16 | s6: $210.00 +11% $8.41 → $210.38 +12% $8.42 | s6: $275.00 → $274.82 | s8: $163.00 → $163.32 | s8: −16%) → −15%) | s8: $130.40–$163.00 $163.00 ($152.00–$174.00) → $130.66–$163.32 $163.32 ($152.27–$174.38) | s8: −16% → −15% | s8: $163.00 → $163.32 | s8: $130.40 → $130.66 | rd/sm fv: 163 → 163.32 | rd/sm values.fvLow: 152 → 152.27 | rd/sm values.fvHigh: 174 → 174.38 | rd/sm values.scenarios[0].tgt: 143 → 143.1 | rd/sm values.scenarios[1].tgt: 210 → 210.38 | rd/sm values.scenarios[2].tgt: 275 → 274.82 | rd/sm chart.min: 140 → 160 | rd/sm chart.grid: 160;180;200 → 180;200 | rd/sm sm.mos: -15.7 → -15.5 | rd/sm sm.upside: -13.6 → -13.4",2,2,0,21,12,0,0,5,mixed,14.29
RY,US,VALUE-DRIFT,"scn.bear.tgt 107.08 → 107.07 | scn.base.tgt 165.67 → 165.69 | s6: $107.08 → $107.07 | s6: $165.67 → $165.69 | rd/sm values.scenarios[0].tgt: 107.08 → 107.07 | rd/sm values.scenarios[1].tgt: 165.67 → 165.69",2,2,0,2,3,0,3,6,scn-tgt,0.01
RYAN,US,HUMAN,"custom cards 5 > 4 — dropped ""Beta"" | TEXT LOST ×3: Beta ไม่มีในแหล่งข้อมูลที่ใช้ crossverify | D: scn.base.tgt 57.94 → 57.93 | D: scn.bull.tgt 76.5 → 76.47 | D: s1: ~10.6x → 9.64x | D: s1: -33.0% → 33.0% | D: s2: $34.01 → $34.00 | D: s3: $35.20 → $35.18 | D: s3: $34.01 → $34.00 | D: s4: $34.01 $23.81 $27.21 $34.01 $35.20 → $34.00 $23.80 $27.20 $34.00 $35.18 | D: s4: $34.01 → $34.00 | D: s4: ($27.21) → ($27.20) | D: s4: ($23.81) → ($23.80) | D: s5: ($27.21) → ($27.20) | D: s5: ($23.81) → ($23.80) | D: s6: $57.94 → $57.93 | D: s6: $76.50 → $76.47 | D: s6: $3.33 → $3.32 | D: s6: ($57.94) → ($57.93) | D: s6: ($34.01) → ($34.00) | D: s8: $34.01 ($32.81–$35.20) → $34.00 ($32.81–$35.18) | D: s8: ($27.21) → ($27.20) | D: rd/sm fv: 34.01 → 34 | D: rd/sm values.fvHigh: 35.2 → 35.18 | D: rd/sm values.scenarios[1].tgt: 57.94 → 57.93 | D: rd/sm values.scenarios[2].tgt: 76.5 → 76.47",2,2,3,18,4,0,5,9,,0.06
S,TH,HUMAN,"leg 1 declared sotp has no extras table (E52) | TEXT LOST ×1: ของหุ้นเอง | D: scn.bull.tgt ฿1.40 → 1.41 | D: prose:legs[0].note ""฿1.58"" → {{px}} | D: s1: −฿0.20 → ~฿-0.20 | D: s3: ฿1.58 → ฿0.55 | D: s4: ฿1.39 → | D: s6: ฿1.40 +169.1% ฿0.117 → ฿1.41 +171% ฿0.12",2,2,1,4,1,0,4,8,,0
SABINA,TH,HUMAN,"scenarios.cases[0] .ret annotation ""(3 ปี) / −3.8%/ปี"" not carried — a per-year/number label would mislabel the v3 total return | scenarios.cases[1] .ret annotation ""(3 ปี) / +13.6%/ปี"" not carried — a per-year/number label would mislabel the v3 total return | scenarios.cases[2] .ret annotation ""(3 ปี) / +21.3%/ปี"" not carried — a per-year/number label would mislabel the v3 total return | D: scn.bear.tgt ฿12.96 → 12.94 | D: prose stale copies ×4 (pe@analysis) | D: s1: ~13.2x → 13.0x | D: s2: ฿18.75 → ฿18.76 | D: s3: ฿20.25 → ฿20.26 | D: s3: ฿16.82 ฿18.75 → ฿16.80 ฿18.76 | D: s3: ฿18.75 → ฿18.76 | D: s4: ฿18.75 → ฿18.76 | D: s4: ฿15.00 → ฿15.01 | D: s4: ฿18.75 ฿20.25 → ฿18.76 ฿20.26 | D: s4: ฿18.75 → ฿18.76 | D: s4: (฿15.00) → (฿15.01) | D: s4: ฿15.00 → ฿15.01 | D: s6: ฿12.96 −10.9% (3 ปี) −3.8% ปี ฿1.15 → ฿12.94 +7% ฿1.14 | D: s6: +46.4% (3 ปี) +13.6% ปี → +49% | D: s6: +77.2% (3 ปี) +21.3% ปี → +81% | D: s8: ฿18.75 ฿18.75 (฿16.82–฿20.25) → ฿18.76 ฿18.76 (฿16.80–฿20.26) | D: s8: (฿15.00) → (฿15.01) | D: rd/sm fv: 18.75 → 18.76 | D: rd/sm values.fvLow: 16.82 → 16.8 | D: rd/sm values.fvHigh: 20.25 → 20.26",3,3,0,16,3,4,1,8,,0.12
SAIA,US,HUMAN,"custom cards 5 > 4 — dropped ""Analyst Consensus"" | TEXT LOST ×5: Analyst Consensus Buy เป้าเฉลี่ย analysts | D: scn.bear.tgt 259 → 258.5 | D: scn.base.tgt 459 → 458.54 | D: scn.bull.tgt 636 → 635.98 | D: s2: $311.00 → $311.26 | D: s2: $311.00 → $311.26 | D: s3: $271 $311.00 → $271.43 $311.26 | D: s3: $311.00 → $311.26 | D: s3: $311.00 → $311.26 | D: s4: $311.00 $217.70 $248.80 $311.00 $351.00 $433 → $311.26 $217.88 $249.01 $311.26 $351.08 $433.00 | D: s4: $311.00 → $311.26 | D: s4: $248.80 → $249.01 | D: s4: $217.70 → $217.88 | D: s6: $259.00 → $258.50 | D: s6: $11.50 → $11.49 | D: s6: $459.00 → $458.54 | D: s6: $20.40 → $20.38 | D: s6: $636.00 → $635.98 | D: s6: $26.20 → $26.17 | D: s8: $311.00 → $311.26 | D: s8: $248.80–$311.00 → $249.01–$311.26 | D: s8: $311.00 ($271.00–$351.00) → $311.26 ($271.43–$351.08) | D: s8: $248.80–$311.00 → $249.01–$311.26 | D: rd/sm fv: 311 → 311.26 | D: rd/sm values.fvLow: 271 → 271.43 | D: rd/sm values.fvHigh: 351 → 351.08 | D: rd/sm values.scenarios[0].tgt: 259 → 258.5 | D: rd/sm values.scenarios[1].tgt: 459 → 458.54 | D: rd/sm values.scenarios[2].tgt: 636 → 635.98",2,2,5,19,6,0,5,7,,0.19
SAK,TH,HUMAN,"scenarios.cases[0] .ret annotation ""ต่อปี"" not carried — a per-year/number label would mislabel the v3 total return | scenarios.cases[1] .ret annotation ""ต่อปี"" not carried — a per-year/number label would mislabel the v3 total return | scenarios.cases[2] .ret annotation ""ต่อปี"" not carried — a per-year/number label would mislabel the v3 total return | TEXT LOST ×3: ต่อปี ต่อปี ต่อปี | D: s4: ฿5.40 → ฿5.42 | D: s8: (฿3.50–฿5.40) → (฿3.43–฿5.42) | D: s6: −6.5% ต่อปี → −18% | D: s6: +18.6% ต่อปี → +67% | D: s6: +29.5% ต่อปี → +117% | D: rd/sm values.fvLow: 3.5 → 3.43 | D: rd/sm values.fvHigh: 5.4 → 5.42",3,3,3,5,4,0,1,8,,2
SANM,US,VALUE-DRIFT,"scn.bear.tgt 132 → 131.36 | scn.bull.tgt 301 → 300.22 | s2: $164.00 → $163.79 | s3: $193 $164.00 → $192.62 $163.79 | s4: $164.00 $114.80 $131.20 $164.00 → $163.79 $114.65 $131.03 $163.79 $192.62 | s4: $164.00 → $163.79 | s5: $164.00 → $163.79 | s5: $131.20) → $131.03) | s6: $132.00 → $131.36 | s6: $13.2 → $13.14 | s6: $301.00 +36% → $300.22 +35% | s6: $18.9 → $18.76 | s7: $164.00 → $163.79 | s8: $164.00 → $163.79 | s8: $164.00 ($135.00–$193.00) → $163.79 ($134.96–$192.62) | s8: (<$131.20) → (<$131.03) | s8: (<$114.80) → (<$114.65) | rd/sm fv: 164 → 163.79 | rd/sm values.fvLow: 135 → 134.96 | rd/sm values.fvHigh: 193 → 192.62 | rd/sm values.scenarios[0].tgt: 132 → 131.36 | rd/sm values.scenarios[2].tgt: 301 → 300.22 | rd/sm sm.mos: -35.3 → -35.5",2,2,0,15,6,0,2,8,multi-rounding,0.48
SAP,US,HUMAN,"first header tag not ""<EXCH>: SAP"" (""NYSE: SAP (ADR)"") | custom cards 7 > 4 — dropped ""non-IFRS EPS FY2025""; ""Free Cash Flow FY2025""; ""Current Cloud Backlog"" | TEXT LOST ×19: ADR nonIFRS EPS FY2025 YoY Free Cash Flow | D: scn.bear.tgt 150 → 150.16 | D: scn.base.tgt 213 → 213.27 | D: scn.bull.tgt 290 → 290.11 | D: s1: ~$242B → $241B | D: s3: $223 $210.00 → $223.00 $210.69 | D: s3: $210.00 → $210.69 | D: s4: $210.00 $147.00 $168.00 $210.00 → $210.69 $147.48 $168.55 $210.69 $223.00 | D: s4: $281 → | D: s4: $210.00 → $210.69 | D: s5: +0.4% → +0.7% | D: s5: $210.00 → $210.69 | D: s6: $150.00 → $150.16 | D: s6: $213.00 +1.9% (+0.6% → $213.27 +2.0% (+0.7% | D: s6: $290.00 → $290.11 | D: s8: $210.00 → $210.69 | D: s8: $210.00 ($198.00–$223.00) → $210.69 ($198.38–$223.00) | D: s8: +0.4% → +0.7% | D: s8: $168.00 → $168.55 | D: s8: $147.00) → $147.48) | D: s1: non-IFRS EPS FY2025 €6.15 ▲ +36% YoY Free Cash Flow FY2025 €8.2B ▲ เกือบ 2 เท่า (จาก €4.2B) Current Cloud Backlog €22.9B Q2 2026 +27% YoY (+26% cc) ~1.4% → 1.40% | D: s2: (ADR) $210.00 → $210.69 | D: rd/sm fv: 210 → 210.69 | D: rd/sm values.fvLow: 198 → 198.38 | D: rd/sm values.scenarios[0].tgt: 150 → 150.16 | D: rd/sm values.scenarios[1].tgt: 213 → 213.27 | D: rd/sm values.scenarios[2].tgt: 290 → 290.11 | D: rd/sm sm.mos: 0.4 → 0.7 | D: rd/sm sm.upside: 0.4 → 0.8",2,2,19,18,9,0,7,16,,0.4
SAPPE,TH,HUMAN,"TEXT LOST ×5: บริบท ไม่รวมในค่าเฉลี่ย ปันผลสะสม ปันผลสะสม ปันผลสะสม | D: scn.bear.tgt 26.65 → 26.64 | D: scn.base.tgt 39.6 → 39.66 | D: scn.bull.tgt 56.15 → 56.14 | D: prose stale copies ×1 (px@analysis) | D: s2: ฿34.20 → ฿34.24 | D: s3: ฿32.70 → ฿32.77 | D: s3: ฿36.00 ฿34.20 → ฿36.03 ฿34.24 | D: s4: ฿34.20 ฿23.94 ฿27.36 ฿34.20 → ฿34.24 ฿23.97 ฿27.39 ฿34.24 | D: s4: ฿34.20 → ฿34.24 | D: s4: ฿27.36 → ฿27.39 | D: s5: +6% → +7% | D: s6: ฿26.65 → ฿26.64 | D: s6: ฿39.60 → ฿39.66 | D: s6: ฿56.15 → ฿56.14 | D: s8: ฿34.20 → ฿34.24 | D: s8: +6%) → +7%) | D: s8: ฿34.20 (฿32.70–฿35.70) → ฿34.24 (฿32.77–฿35.70) | D: s8: +6% → +7% | D: rd/sm fv: 34.2 → 34.24 | D: rd/sm values.fvLow: 32.7 → 32.77 | D: rd/sm values.scenarios[0].tgt: 26.65 → 26.64 | D: rd/sm values.scenarios[1].tgt: 39.6 → 39.66 | D: rd/sm values.scenarios[2].tgt: 56.15 → 56.14",3,2,5,14,7,1,2,9,,0.21
SAUCE,TH,HUMAN,"scenarios.cases[1] .ret annotation ""(~7.5%/ปี)"" not carried — a per-year/number label would mislabel the v3 total return | scenarios.cases[2] .ret annotation ""(~14.1%/ปี)"" not carried — a per-year/number label would mislabel the v3 total return | D: scn.base.tgt ฿45.58 → 45.63 | D: scn.bull.tgt ฿55.20 → 55.18 | D: prose stale copies ×1 (pe@analysis) | D: s1: ~18.71x → 18.8x | D: s3: ฿50.01 → ฿50.04 | D: s6: ฿45.58 +24.3% (~7.5% ปี) ฿2.53 → ฿45.63 +24% ฿2.54 | D: s6: ฿55.20 +48.4% (~14.1% ปี) → ฿55.18 +48%",3,3,0,4,1,1,1,8,,0
SAV,TH,VALUE-DRIFT,"scn.bear.tgt 6.57 → 6.56 | scn.base.tgt 14.98 → 14.99 | scn.bull.tgt 21.93 → 21.98 | s1: ~4.57x → 4.29x | s6: ฿6.57 → ฿6.56 | s6: ฿14.98 → ฿14.99 | s6: ฿21.93 → ฿21.98 | rd/sm values.scenarios[0].tgt: 6.57 → 6.56 | rd/sm values.scenarios[1].tgt: 14.98 → 14.99 | rd/sm values.scenarios[2].tgt: 21.93 → 21.98",2,2,0,4,5,0,2,9,scn-tgt,0.23
SAWAD,TH,HUMAN,"TEXT LOST ×5: จุดสูงสุดปี บริบท ห่างจากขายึดตลาด ไม่รวมในกรอบ FV | D: prose stale copies ×3 (pe@analysis) | D: s1: ~7.28x → 6.9x | D: s1: 1.01x → 0.96x | D: rd/sm sm.pe: 7.28 → 6.91358",3,2,5,2,2,3,4,7,,5.03
SBAC,US,HUMAN,"failed before compare — compute: meta.themeLegacy.accentDark: ต้องมี (ข้อความ) | theme.accentDark missing (no seed to fall back on) | theme.darkGrad missing (no seed to fall back on) | theme.glow missing (no seed to fall back on) | theme.subColor missing (no seed to fall back on) | theme.headerMuted missing (no seed to fall back on) | theme.verdictText missing (no seed to fall back on) | theme.vcellLabel missing (no seed to fall back on) | schema meta.themeLegacy.accentDark: ต้องมี (ข้อความ) | schema meta.themeLegacy.darkGrad: ต้องมี (ข้อความ) | schema meta.themeLegacy.glow: ต้องมี (ข้อความ) | schema meta.themeLegacy.subColor: ต้องมี (ข้อความ) | schema meta.themeLegacy.headerMuted: ต้องมี (ข้อความ) | schema meta.themeLegacy.verdictText: ต้องมี (ข้อความ) | schema meta.themeLegacy.vcellLabel: ต้องมี (ข้อความ)",2,2,0,0,0,0,3,2,,0
SBUX,US,HUMAN,"custom cards 7 > 4 — dropped ""ROE""; ""EPS ประวัติ GAAP""; ""Comp. Sales Q2 FY26"" | TEXT LOST ×18: ROE ส่วนทุนติดลบ buyback EPS ประวัติ GAAP FY25 FY24 | D: scn.bear.tgt 40 → 39.97 | D: scn.base.tgt 91 → 90.97 | D: scn.bull.tgt 162 → 161.88 | D: s2: $69.00 → $69.02 | D: s2: $69.00 → $69.02 | D: s3: $58 $69.00 → $58.01 $69.02 | D: s3: $69.00 → $69.02 | D: s3: $58.00–$80.00 → $58.01–$80.03 | D: s4: $69.00 $48.30 $55.20 $69.00 $80.00 $112 → $69.02 $48.31 $55.22 $69.02 $80.03 $112.00 | D: s4: $69.00 → $69.02 | D: s4: $69.00 → $69.02 | D: s4: $55.20 → $55.22 | D: s4: $48.30 → $48.31 | D: s6: $40.00 → $39.97 | D: s6: $91.00 → $90.97 | D: s6: $162.00 → $161.88 | D: s8: $58.00–$80.00 → $58.01–$80.03 | D: s8: $69.00 → $69.02 | D: s8: $69.00 ($58.00–$80.00) → $69.02 ($58.01–$80.03) | D: s8: $69.00 → $69.02 | D: s8: $55.20 → $55.22 | D: s1: ROE N A ส่วนทุนติดลบ −$8.1B (buyback) EPS ประวัติ GAAP $1.63 $3.31 $3.58 FY25 FY24 FY23 — ปี 25 ต่ำสุดรอบ 5 ปี ~2.65% → 2.65% | D: rd/sm fv: 69 → 69.02 | D: rd/sm values.fvLow: 58 → 58.01 | D: rd/sm values.fvHigh: 80 → 80.03 | D: rd/sm values.scenarios[0].tgt: 40 → 39.97 | D: rd/sm values.scenarios[1].tgt: 91 → 90.97 | D: rd/sm values.scenarios[2].tgt: 162 → 161.88",2,2,18,19,7,0,7,10,,0.08
SC,TH,HUMAN,"scenarios.cases[0] .ret annotation ""รวม / ~−2.4%/ปี"" not carried — a per-year/number label would mislabel the v3 total return | scenarios.cases[1] .ret annotation ""รวม / ~+14%/ปี"" not carried — a per-year/number label would mislabel the v3 total return | scenarios.cases[2] .ret annotation ""รวม / ~+28%/ปี"" not carried — a per-year/number label would mislabel the v3 total return | TEXT LOST ×4: รวม ทรงตัว รวม รวม | D: scn.bull.tgt ฿3.71 → 3.7 | D: s2: ฿2.64 → ฿2.63 | D: s3: ฿2.64 → ฿2.63 | D: s4: ฿2.64 ฿1.85 ฿2.11 → ฿2.63 ฿1.84 ฿2.10 | D: s4: ฿2.64 → ฿2.63 | D: s4: (฿2.11) → (฿2.10) | D: s4: (฿1.85) → (฿1.84) | D: s4: ฿2.64 → ฿2.63 | D: s6: ฿3.71 → ฿3.70 | D: s8: ฿2.64 → ฿2.63 | D: rd/sm fv: 2.64 → 2.63 | D: rd/sm sm.mos: 23.5 → 23.2 | D: rd/sm sm.upside: 30.7 → 30.2",2,2,4,9,5,0,0,7,,0.5
SCAP,TH,VALUE-DRIFT,"s1: 0.93x → 0.94x | s1: ~4.27% → 4.24%",2,2,0,2,2,0,3,5,mixed,0
SCB,TH,HUMAN,"scenarios.cases[0] .ret annotation ""(≈ −6.0%/ปี)"" not carried — a per-year/number label would mislabel the v3 total return | scenarios.cases[1] .ret annotation ""(≈ +2.6%/ปี)"" not carried — a per-year/number label would mislabel the v3 total return | scenarios.cases[2] .ret annotation ""(≈ +9.4%/ปี)"" not carried — a per-year/number label would mislabel the v3 total return | TEXT LOST ×4: เฉลี่ย รวม รวม รวม | D: s2: ฿124.00 → ฿123.89 | D: s3: ฿127 ฿124.00 → ฿126.91 ฿123.89 | D: s3: ฿124.00 → ฿123.89 | D: s4: ฿124.00 ฿86.80 ฿99.20 ฿124.00 ฿159 ฿160 → ฿123.89 ฿86.72 ฿99.11 ฿123.89 ฿143.82 ฿159.00 | D: s5: ฿124.00 → ฿123.89 | D: s6: (ณ −6.0% ปี) ฿11.8 → ฿11.79 | D: s6: (ณ +2.6% ปี) ฿14.1 → ฿14.12 | D: s6: (ณ +9.4% ปี) ฿15.8 → ฿15.83 | D: s8: ฿124.00 (฿112.00–฿144.00) → ฿123.89 (฿112.40–฿143.82) | D: s8: ฿124.00 → ฿123.89 | D: s8: ฿99.20) → ฿99.11) | D: rd/sm fv: 124 → 123.89 | D: rd/sm values.fvLow: 112 → 112.4 | D: rd/sm values.fvHigh: 144 → 143.82",3,3,4,11,5,0,1,9,,0.36
SCC,TH,HUMAN,"TEXT LOST ×1: เหมาะสม | D: FV 212 → 213.87 (equal weights) | D: scn.bear.tgt ฿120.00 → 119.92 | D: scn.base.tgt ฿216.50 → 216.48 | D: scn.bull.tgt ฿293.60 → 293.63 | D: s1: ~15.1x → 24.3x | D: s1: ~0.80x → 0.91x | D: s2: ฿212.00 → ฿213.87 | D: s3: ฿224.84 ฿212.00 → ฿224.62 ฿213.87 | D: s3: ฿212.00 → ฿213.87 | D: s4: ฿212.00 ฿148.40 ฿169.60 ฿212.00 → ฿213.87 ฿149.71 ฿171.10 ฿213.87 | D: s4: ฿225.00 → ฿224.62 | D: s4: ฿212.00 → ฿213.87 | D: s4: ฿169.60 → ฿171.10 | D: s4: ฿148.40 → ฿149.71 | D: s5: −26% → −25% | D: s5: ฿212.00 → ฿213.87 | D: s6: ฿120.00 −44% → ฿119.92 −50% | D: s6: ฿216.50 −5% → ฿216.48 −13% | D: s6: ฿293.60 +29% → ฿293.63 +17% | D: s7: ฿212.00 → ฿213.87 | D: s8: ฿212.00 → ฿213.87 | D: s8: −26%) → −25%) | D: s8: ฿212.00 (฿198.00–฿225.00) → ฿213.87 (฿198.00–฿224.62) | D: s8: −26% → −25% | D: s8: ฿169.60) → ฿171.10) | D: s8: ฿148.40 → ฿149.71 | D: rd/sm fv: 212 → 213.87 | D: rd/sm values.fvHigh: 225 → 224.62 | D: rd/sm sm.mos: -25.9 → -24.8 | D: rd/sm sm.upside: -20.6 → -19.9 | D: rd/sm sm.fairValue: 212 → 213.87",3,3,1,22,7,0,2,14,,1.1
SCCC,TH,VALUE-DRIFT,"scn.bear.tgt 97.4 → 97.41 | scn.base.tgt 187.7 → 187.63 | scn.bull.tgt 259 → 259.01 | prose stale copies ×3 (pe@analysis) | s1: ~11.1x → 11.2x | s1: ฿3;493 ล้าน -35.2% → ฿3.49 พันล้าน 35.2% | s2: ฿175.28 → ฿175.39 | s2: ฿175.28 → ฿175.39 | s3: ฿181.86 → ฿181.94 | s3: ฿177.17 ฿175.28 → ฿177.44 ฿175.39 | s3: ฿175.28 → ฿175.39 | s3: (฿140.22) → (฿140.31) | s4: ฿175.28 ฿122.70 ฿140.22 ฿175.28 → ฿175.39 ฿122.77 ฿140.31 ฿175.39 | s4: ฿181.86 → ฿181.94 | s4: (฿140.22) → (฿140.31) | s4: (฿175.28) → (฿175.39) | s4: ฿140.22 → ฿140.31 | s6: ฿97.40 → ฿97.41 | s6: ฿187.70 → ฿187.63 | s6: ฿259.00 → ฿259.01 | s8: ฿166.80–฿181.86 → ฿166.80–฿181.94 | s8: ฿175.28 → ฿175.39 | s8: (฿140.22) ฿175.28 (฿166.80–฿181.86) → (฿140.31) ฿175.39 (฿166.80–฿181.94) | s8: ฿140.22 → ฿140.31 | rd/sm fv: 175.28 → 175.39 | rd/sm values.fvHigh: 181.86 → 181.94 | rd/sm values.scenarios[0].tgt: 97.4 → 97.41 | rd/sm values.scenarios[1].tgt: 187.7 → 187.63 | rd/sm values.scenarios[2].tgt: 259 → 259.01",3,3,0,20,7,3,1,7,mixed,0.06
SCGD,TH,VALUE-DRIFT,"scn.base.tgt 4.73 → 4.68 | s1: ~20.0x → 19.6x | s6: ฿4.73 +5% (+1.6% → ฿4.68 +4% (+1.3% | s6: +5% (+1.6% → +4% (+1.3% | s8: ฿4.73 → ฿4.68 | rd/sm values.scenarios[1].tgt: 4.73 → 4.68",2,2,0,4,2,0,1,6,mixed,1.06
SCGP,TH,VALUE-DRIFT,"scn.bear.tgt 18.6 → 18.58 | scn.base.tgt 32 → 31.97 | scn.bull.tgt 42.9 → 42.89 | s1: ~21.8x → 21.6x | s6: ฿18.60 −32% → ฿18.58 −33% | s6: ฿32.00 → ฿31.97 | s6: ฿42.90 +50% → ฿42.89 +49% | s6: (−32%) → (−33%) | rd/sm values.scenarios[0].tgt: 18.6 → 18.58 | rd/sm values.scenarios[1].tgt: 32 → 31.97 | rd/sm values.scenarios[2].tgt: 42.9 → 42.89",2,2,0,5,5,0,1,5,scn-tgt,0.11
SCHW,US,VALUE-DRIFT,"scn.bear.tgt 90 → 89.53 | scn.base.tgt 151 → 151.29 | scn.bull.tgt 202 → 201.92 | s2: $113.00 → $113.40 | s3: $97 $113.00 → $97.23 $113.40 | s3: $113.00 → $113.40 | s4: $113.00 $79.10 $90.40 $113.00 $125 $130.00 → $113.40 $79.38 $90.72 $113.40 $125.00 $129.56 | s4: ($90.40) → ($90.72) | s4: ($113.00) → ($113.40) | s4: $90.40 → $90.72 | s6: $90.00 → $89.53 | s6: $151.00 → $151.29 | s6: $202.00 +108% → $201.92 +107% | s8: $113.00 → $113.40 | s8: $113.00 ($97.00–$130.00) → $113.40 ($97.23–$129.56) | s8: ($90.40) → ($90.72) | rd/sm fv: 113 → 113.4 | rd/sm values.fvLow: 97 → 97.23 | rd/sm values.fvHigh: 130 → 129.56 | rd/sm values.scenarios[0].tgt: 90 → 89.53 | rd/sm values.scenarios[1].tgt: 151 → 151.29 | rd/sm values.scenarios[2].tgt: 202 → 201.92 | rd/sm sm.mos: 12 → 12.3 | rd/sm sm.upside: 13.6 → 14",2,2,0,13,9,0,2,6,multi-rounding,0.52
SCI,US,VALUE-DRIFT,"scn.bear.tgt 64.96 → 65.03 | scn.base.tgt 95.76 → 95.79 | scn.bull.tgt 122.4 → 122.35 | s1: ~19.0x → 18.5x | s6: $64.96 → $65.03 | s6: $95.76 → $95.79 | s6: $122.40 → $122.35 | rd/sm values.scenarios[0].tgt: 64.96 → 65.03 | rd/sm values.scenarios[1].tgt: 95.76 → 95.79 | rd/sm values.scenarios[2].tgt: 122.4 → 122.35",2,2,0,4,5,0,0,5,scn-tgt,0.11
SE,US,VALUE-DRIFT,"scn.bear.tgt 73 → 72.78 | scn.base.tgt 137 → 136.57 | scn.bull.tgt 205 → 204.2 | s1: ~$62.6B → $61.7B | s2: $125.00 → $124.50 | s3: $134 $125.00 → $134.00 $124.50 | s4: $125.00 $87.50 $100.00 $125.00 → $124.50 $87.15 $99.60 $124.50 $134.00 | s4: $195 → | s5: $125.00 → $124.50 | s6: $73.00 → $72.78 | s6: $137.00 → $136.57 | s6: $205.00 +104% → $204.20 +103% | s8: $125.00 → $124.50 | s8: $125.00 → $124.50 | s8: ($100.00) → ($99.60) | s8: $87.50 → $87.15 | rd/sm fv: 125 → 124.5 | rd/sm values.scenarios[0].tgt: 73 → 72.78 | rd/sm values.scenarios[1].tgt: 137 → 136.57 | rd/sm values.scenarios[2].tgt: 205 → 204.2 | rd/sm sm.mos: 19.4 → 19.1 | rd/sm sm.upside: 24.1 → 23.6",2,2,0,13,8,0,3,8,multi-rounding,0.5
SECURE,TH,VALUE-DRIFT,"scn.base.tgt 14.6 → 14.59 | scn.bull.tgt 20.7 → 20.65 | prose stale copies ×2 (pe@analysis) | s2: ฿13.90 → ฿13.92 | s2: ฿13.90 → ฿13.92 | s2: (+6%) → (+7%) | s3: ฿13.10 → ฿13.13 | s3: ฿14.70 ฿13.90 → ฿14.71 ฿13.92 | s3: ฿13.90 → ฿13.92 | s3: (+6%) → (+7%) | s4: ฿13.90 ฿9.73 ฿11.12 ฿13.90 ฿14.70 → ฿13.92 ฿9.74 ฿11.14 ฿13.92 ฿14.71 | s4: (฿11.12) → (฿11.14) | s4: ฿13.90 → ฿13.92 | s4: (+6%) → (+7%) | s5: +6% → +7% | s5: ฿13.90 → ฿13.92 | s6: ฿14.60 +37% → ฿14.59 +36% | s6: ฿20.70 +85% → ฿20.65 +84% | s8: (+6%) → (+7%) | s8: ฿13.90 → ฿13.92 | s8: ฿13.90 (฿13.10–฿14.70) → ฿13.92 (฿13.13–฿14.71) | s8: +6% → +7% | s8: (฿11.12) → (฿11.14) | s8: ฿13.90 → ฿13.92 | s8: ฿13.90 → ฿13.92 | rd/sm fv: 13.9 → 13.92 | rd/sm values.fvLow: 13.1 → 13.13 | rd/sm values.fvHigh: 14.7 → 14.71 | rd/sm values.scenarios[1].tgt: 14.6 → 14.59 | rd/sm values.scenarios[2].tgt: 20.7 → 20.65 | rd/sm sm.upside: 6.9 → 7.1",2,2,0,22,8,2,0,5,mixed,0.24
SEIC,US,VALUE-DRIFT,"scn.base.tgt $120 → 120.54 | s2: $99.00 → $98.73 | s2: $99.00 → $98.73 | s3: $106.9 $99.00 → $106.90 $98.73 | s4: $99.00 $69.30 $79.20 $99.00 $107.00 → $98.73 $69.11 $78.98 $98.73 $106.90 | s4: $99.00 → $98.73 | s4: $79.20 → $78.98 | s6: $6.19 → $6.18 | s6: $120 +14.5% → $120.54 +15% | s6: $146 +39.3% → $146.34 +40% | s8: $99.00 → $98.73 | s8: $79.20 → $78.98 | s8: $99.00 ($91.00–$107.00) → $98.73 ($90.56–$106.90) | s8: $79.20 → $78.98 | rd/sm fv: 99 → 98.73 | rd/sm values.fvLow: 91 → 90.56 | rd/sm values.fvHigh: 107 → 106.9 | rd/sm sm.mos: -5.8 → -6.1 | rd/sm sm.upside: -5.5 → -5.8",2,2,0,13,5,0,1,10,mixed,0.48
SERV,US,HUMAN,"custom cards 6 > 4 — dropped ""Fleet ที่ deploy จริง""; ""ROE"" | TEXT LOST ×34: Fleet deploy จริง คัน ธค investor deck active | D: scn.bear.tgt 0.15 → 0.17 | D: scn.bull.tgt 17.2 → 15.23 | D: s1: −$2.48 → ~$-2.48 | D: s6: $0.15 −97% Revenue หุ้น ปี 3 $0.114 → $0.17 −96% $0.13 | D: s6: Revenue หุ้น ปี 3 $0.357 → $0.36 | D: s6: $17.20 +281% Revenue หุ้น ปี 3 $0.825 → $15.23 +238% $0.73 | D: rd/sm values.scenarios[0].tgt: 0.15 → 0.17 | D: rd/sm values.scenarios[2].tgt: 17.2 → 15.23",2,2,34,4,4,0,6,10,,13.33
SF,US,VALUE-DRIFT,"scn.bear.tgt 56 → 56.12 | scn.base.tgt 104 → 104.16 | scn.bull.tgt 134 → 134.3 | s2: $86.00 → $85.98 | s2: $86.00 → $85.98 | s3: $93 $86.00 → $92.58 $85.98 | s4: $86.00 $60.20 $68.80 $86.00 $89 $93.00 → $85.98 $60.19 $68.78 $85.98 $89.00 $92.58 | s4: $86.00 → $85.98 | s4: ($68.80) → ($68.78) | s6: $56.00 → $56.12 | s6: $104.00 → $104.16 | s6: $134.00 → $134.30 | s8: $86.00 → $85.98 | s8: $86.00 ($79.00–$93.00) → $85.98 ($79.38–$92.58) | s8: ($68.80) → ($68.78) | rd/sm fv: 86 → 85.98 | rd/sm values.fvLow: 79 → 79.38 | rd/sm values.fvHigh: 93 → 92.58 | rd/sm values.scenarios[0].tgt: 56 → 56.12 | rd/sm values.scenarios[1].tgt: 104 → 104.16 | rd/sm values.scenarios[2].tgt: 134 → 134.3",2,2,0,12,8,0,1,6,multi-rounding,0.48
SFLEX,TH,HUMAN,"scenarios.cases[0] .ret annotation ""(3 ปี) / +11.5% รวมปันผล"" not carried — a per-year/number label would mislabel the v3 total return | scenarios.cases[1] .ret annotation ""(3 ปี) / +55.8% รวมปันผล"" not carried — a per-year/number label would mislabel the v3 total return | scenarios.cases[2] .ret annotation ""(3 ปี) / +88.8% รวมปันผล"" not carried — a per-year/number label would mislabel the v3 total return | TEXT LOST ×3: รวมปันผล รวมปันผล รวมปันผล | D: scn.base.tgt ฿4.20 → 4.17 | D: scn.bull.tgt ฿5.17 → 5.12 | D: s2: ฿3.69 → ฿3.68 | D: s3: ฿3.69 → ฿3.68 | D: s4: ฿3.69 → ฿3.68 | D: s4: ฿2.95 ฿3.69 → ฿2.94 ฿3.68 | D: s4: ฿2.58–฿2.95 → ฿2.58–฿2.94 | D: s8: ฿3.69 → ฿3.68 | D: s8: ฿3.69 → ฿3.68 | D: s8: ฿2.95 → ฿2.94 | D: s6: -7.7% (3 ปี) +11.5% รวมปันผล → +12% | D: s6: ฿4.20 +34.6% (3 ปี) +55.8% รวมปันผล → ฿4.17 +55% | D: s6: ฿5.17 +65.7% (3 ปี) +88.8% รวมปันผล → ฿5.12 +87% | D: rd/sm fv: 3.69 → 3.68 | D: rd/sm sm.mos: 15.4 → 15.2 | D: rd/sm sm.upside: 18.3 → 17.9",3,3,3,11,5,0,1,7,,0.4
SFM,US,VALUE-DRIFT,"scn.bear.tgt 90.45 → 90.47 | scn.base.tgt 146.2 → 146.39 | scn.bull.tgt 213.75 → 214 | s2: $110.00 → $110.22 | s2: $110.00 → $110.22 | s3: $113.72 → $114.90 | s3: $110.00 → $110.22 | s3: $110.00 → $110.22 | s4: $110.00 $77.00 $88.00 → $110.22 $77.15 $88.18 | s4: $110.00 $120.00 → $110.22 $114.90 | s4: $77.00) → $77.15) | s6: $90.45 → $90.47 | s6: $146.20 +123% $7.31 → $146.39 +124% $7.32 | s6: $213.75 → $214.00 | s6: $8.55 → $8.56 | s8: $110.00 → $110.22 | s8: $110.00 ($100.00–$120.00) → $110.22 ($104.20–$114.90) | s8: $77.00 → $77.15 | rd/sm fv: 110 → 110.22 | rd/sm values.fvLow: 100 → 104.2 | rd/sm values.fvHigh: 120 → 114.9 | rd/sm values.scenarios[0].tgt: 90.45 → 90.47 | rd/sm values.scenarios[1].tgt: 146.2 → 146.39 | rd/sm values.scenarios[2].tgt: 213.75 → 214 | rd/sm sm.upside: 68.1 → 68.5",3,3,0,15,9,0,3,11,mixed,4.25
SFT,TH,VALUE-DRIFT,"s1: ~4.67% → 4.73% | rd/sm sm.dividendYield: 4.67 → 4.72973",3,3,0,1,3,0,0,5,index,0.06
SGC,TH,VALUE-DRIFT,"prose stale copies ×2 (px@analysis)",2,2,0,0,1,2,3,5,prose-stale,0
SHANG,TH,HUMAN,"TEXT LOST ×3: ต่ำสุดที่วัดได้ ส่วนเผื่อบางราว กรอบเต็ม | D: scn.bear.tgt 28.22 → 28.15 | D: scn.base.tgt 54.83 → 54.9 | D: scn.bull.tgt 66.69 → 66.63 | D: prose:prose.verdictHeadline ""ราว 7%"" → {{mos}} | D: prose:prose.strategy ""~7%"" → {{mos}} | D: prose stale copies ×2 (px@analysis) | D: s6: ฿28.22 → ฿28.15 | D: s6: ฿54.83 → ฿54.90 | D: s6: ฿66.69 → ฿66.63 | D: s8: ~7%) → +8%) | D: s8: ส่วนเผื่อบางราว 7% → ส่วนเผื่อบาง+8% | D: rd/sm values.scenarios[0].tgt: 28.22 → 28.15 | D: rd/sm values.scenarios[1].tgt: 54.83 → 54.9 | D: rd/sm values.scenarios[2].tgt: 66.69 → 66.63",2,2,3,5,5,2,1,7,,0.25
SHOP,US,CLEAN,"leg 1 dcf → declared (dcf 10-stage recompute ≠ mval · dcf: g1=null r=10 tg=3.5 yrs=10) | leg 1 declared other → family rg (assumed) | leg 2 dcf → declared (dcf: g1=null r=10 tg=null yrs=10) | leg 2 declared other → family rg (assumed) | scenarios hint kept → scenarios.hintNote ""(GAAP TTM) ~$1.48 • ไม่มีปันผล"" | chart hint kept → text.chartHint ""ต.ค. 2568 – ก.ย. 2569"" | card ""P/FCF (TTM)"" → custom (fcf: printed 0 number(s); card shows 1) | prose literals → tokens ×7 | rd/sm gauge.max: 190 → 200",2,2,0,0,1,0,1,9,,0
SHR,TH,HUMAN,"TEXT LOST ×3: โรงแรมและรีสอร์ท เครือสิงห์ SET | D: FV 1.34 → 1.21 (family weights) | D: s1: ฿1.47 → | D: s2: ฿1.34 → ฿1.21 | D: s2: ฿1.34 → ฿1.21 | D: s3: ฿1.34 → ฿1.21 | D: s3: ฿1.34 → ฿1.21 | D: s4: ฿1.34 ฿0.94 ฿1.07 ฿1.34 → ฿1.21 ฿0.85 ฿0.97 ฿1.21 | D: s4: ฿1.34 → ฿1.21 | D: s4: ฿1.07 → ฿0.97 | D: s4: ฿0.94 → ฿0.85 | D: s5: −16% → −29% | D: s5: ฿1.34 → ฿1.21 | D: s8: ฿1.34 → ฿1.21 | D: s8: ฿1.34 → ฿1.21 | D: s8: −16% → −29% | D: s8: (฿1.07–฿0.94) → (฿0.97–฿0.85) | D: rd/sm fv: 1.34 → 1.21 | D: rd/sm chart.min: 1.2 → 1 | D: rd/sm chart.max: 2 → 2.2 | D: rd/sm chart.grid: 1.4;1.6;1.8 → 1.2;1.4;1.6;1.8;2 | D: rd/sm sm.mos: -16.4 → -28.9 | D: rd/sm sm.upside: -14.1 → -22.4 | D: rd/sm sm.fairValue: 1.34 → 1.21",3,3,3,15,9,0,3,12,,16.67
SHW,US,VALUE-DRIFT,"scn.bear.tgt 265.2 → 265.27 | scn.base.tgt 421.2 → 421.14 | scn.bull.tgt 530 → 529.98 | s1: ~19.04 → 17.73x | s2: $311.00 → $310.57 | s3: $271 $311.00 → $271.00 $310.57 | s4: $311.00 $217.70 $248.80 $311.00 → $310.57 $217.40 $248.46 $310.57 $350.13 | s4: $420 → | s4: $311.00 → $310.57 | s4: $248.80 → $248.46 | s6: $265.20 → $265.27 | s6: $421.20 → $421.14 | s6: $530.00 → $529.98 | s8: $311.00 → $310.57 | s8: $311.00 ($271.00–$350.00) → $310.57 ($271.00–$350.13) | s8: $248.80 → $248.46 | rd/sm fv: 311 → 310.57 | rd/sm values.fvHigh: 350 → 350.13 | rd/sm values.scenarios[0].tgt: 265.2 → 265.27 | rd/sm values.scenarios[1].tgt: 421.2 → 421.14 | rd/sm values.scenarios[2].tgt: 530 → 529.98 | rd/sm sm.mos: -3 → -3.2 | rd/sm sm.upside: -2.9 → -3.1",2,2,0,13,8,0,0,5,multi-rounding,0.2
SICT,TH,VALUE-DRIFT,"scn.bull.tgt 6.63 → 6.64 | prose:prose.strategy ""฿3.20"" → {{px}} | prose stale copies ×1 (px@analysis) | s1: ~฿1.48 → ฿1.48 พันล้าน | s6: ฿6.63 → ฿6.64 | s8: ฿3.20 → ฿3.08 | rd/sm values.scenarios[2].tgt: 6.63 → 6.64",3,3,0,3,3,1,2,10,mixed,0.15
SIRI,TH,HUMAN,"TEXT LOST ×1: มัธยฐาน | D: scn.bear.tgt 1.1 → 1.12 | D: scn.base.tgt 1.62 → 1.6 | D: scn.bull.tgt 2.25 → 2.23 | D: s1: 0.51x → 0.57x | D: s6: ฿1.10 +3% (+1.0% → ฿1.12 +4% (+1.3% | D: s6: ฿1.62 +41% → ฿1.60 +39% | D: s6: ฿2.25 +86% → ฿2.23 +85% | D: s6: (+3% (+1.0% → (+4% (+1.3% | D: s6: +41% → +39% | D: rd/sm values.scenarios[0].tgt: 1.1 → 1.12 | D: rd/sm values.scenarios[1].tgt: 1.62 → 1.6 | D: rd/sm values.scenarios[2].tgt: 2.25 → 2.23",2,2,1,6,3,0,1,5,,1.82
SIS,TH,HUMAN,"scenarios.cases[0] .ret annotation ""| ~−3.1%/ปี"" not carried — a per-year/number label would mislabel the v3 total return | scenarios.cases[1] .ret annotation ""| ~+17.0%/ปี"" not carried — a per-year/number label would mislabel the v3 total return | scenarios.cases[2] .ret annotation ""| ~+28.1%/ปี"" not carried — a per-year/number label would mislabel the v3 total return | TEXT LOST ×6: Total Return Total Return Total Return | D: prose stale copies ×10 (px@analysis;pe@analysis) | D: s2: ฿29.42 → ฿29.41 | D: s3: ฿25.14 ฿29.42 → ฿25.13 ฿29.41 | D: s3: ฿29.42 → ฿29.41 | D: s4: ฿29.42 → ฿29.41 | D: s4: ฿23.54 → ฿23.53 | D: s4: ฿29.42 → ฿29.41 | D: s4: ฿29.42 → ฿29.41 | D: s4: ฿23.54 → ฿23.53 | D: s8: ฿29.42 → ฿29.41 | D: s8: ฿29.42 (฿25.14–฿33.70) → ฿29.41 (฿25.13–฿33.70) | D: s8: ฿23.54 → ฿23.53 | D: s6: Total Return −9.1% | −3.1% ปี → −9% | D: s6: Total Return +60.0% | +17.0% ปี → +60% | D: s6: Total Return +110.0% | +28.1% ปี → +110% | D: rd/sm fv: 29.42 → 29.41 | D: rd/sm values.fvLow: 25.14 → 25.13",2,2,6,14,3,10,2,6,,0.04
SISB,TH,HUMAN,"scenarios.cases[0] .ret annotation ""capital; รวมปันผล ~+3.8% (~1.3%/ปี)"" not carried — a per-year/number label would mislabel the v3 total return | scenarios.cases[1] .ret annotation ""capital; รวมปันผล ~+64.8% (~18.1%/ปี)"" not carried — a per-year/number label would mislabel the v3 total return | scenarios.cases[2] .ret annotation ""capital; รวมปันผล ~+111.1% (~28.3%/ปี)"" not carried — a per-year/number label would mislabel the v3 total return | TEXT LOST ×6: capital รวมปันผล capital รวมปันผล capital รวมปันผล | D: prose stale copies ×3 (pe@analysis) | D: s1: ~9.2x → 9.1x | D: s6: -13.3% capital; รวมปันผล +3.8% (~1.3% ปี) → +6% | D: s6: +46.3% capital; รวมปันผล +64.8% (~18.1% ปี) → +68% | D: s6: +91.1% capital; รวมปันผล +111.1% (~28.3% ปี) → +115%",3,3,6,4,2,3,0,6,,0
SITM,US,HUMAN,"TEXT LOST ×4: ย้อนหลังใช้ไม่ได้ จึงยึด ของตัวเอง ของตัวเอง | D: scn.bear.tgt 388 → 389.32 | D: scn.base.tgt 911 → 914.06 | D: scn.bull.tgt 1532 → 1537.42 | D: s2: $686.00 → $685.90 | D: s3: $733 $686.00 → $732.77 $685.90 | D: s3: $686.00 → $685.90 | D: s4: $686.00 $480.20 $548.80 $686.00 → $685.90 $480.13 $548.72 $685.90 $732.77 | D: s4: $902 → | D: s4: $686.00 → $685.90 | D: s5: $686.00 → $685.90 | D: s5: (<$548.80) → (<$548.72) | D: s6: $388.00 −40% (−16% → $389.32 −39% (−15% | D: s6: $15.5 → $15.57 | D: s6: $911.00 → $914.06 | D: s6: $1;532.00 +138% → $1;537.42 +139% | D: s6: $30.6 → $30.75 | D: s8: $686.00 → $685.90 | D: s8: $686.00 ($639.00–$733.00) → $685.90 ($639.03–$732.77) | D: s8: ~$639.00 → ~$639.03 | D: s8: <$548.80) → <$548.72) | D: rd/sm fv: 686 → 685.9 | D: rd/sm values.fvLow: 639 → 639.03 | D: rd/sm values.fvHigh: 733 → 732.77 | D: rd/sm values.scenarios[0].tgt: 388 → 389.32 | D: rd/sm values.scenarios[1].tgt: 911 → 914.06 | D: rd/sm values.scenarios[2].tgt: 1532 → 1537.42",2,2,4,17,8,0,3,9,,0.35
SJM,US,HUMAN,"TEXT LOST ×6: Consumer Staples Branded Food Beverage NYSE | D: scn.base.tgt 137.67 → 137.7 | D: scn.bull.tgt 172.95 → 172.9 | D: prose stale copies ×4 (px@analysis;pe@analysis) | D: s2: $112.60 → $112.59 | D: s3: $112.60 → $112.59 | D: s4: $112.60 $78.82 $90.08 $112.60 $115.40 → $112.59 $78.81 $90.07 $112.59 $115.36 | D: s4: $112.60 → $112.59 | D: s4: ($90.08) → ($90.07) | D: s4: ($78.82) → ($78.81) | D: s5: ($90.08) → ($90.07) | D: s6: $137.67 → $137.70 | D: s6: $172.95 → $172.90 | D: s8: $112.60 → $112.59 | D: s8: ($90.08) → ($90.07) | D: s8: $112.60 ($109.80–$115.40) → $112.59 ($109.81–$115.36) | D: s8: ($90.08) → ($90.07) | D: rd/sm fv: 112.6 → 112.59 | D: rd/sm values.fvLow: 109.8 → 109.81 | D: rd/sm values.fvHigh: 115.4 → 115.36 | D: rd/sm values.scenarios[1].tgt: 137.67 → 137.7 | D: rd/sm values.scenarios[2].tgt: 172.95 → 172.9",2,2,6,13,7,4,1,8,,0.03
SJWD,TH,HUMAN,"scenarios.cases[0] .ret annotation ""(~−0.7%/ปี)"" not carried — a per-year/number label would mislabel the v3 total return | scenarios.cases[1] .ret annotation ""(~+14.2%/ปี)"" not carried — a per-year/number label would mislabel the v3 total return | scenarios.cases[2] .ret annotation ""(~+24.7%/ปี)"" not carried — a per-year/number label would mislabel the v3 total return | TEXT LOST ×3: Total Total Total | D: scn.base.tgt ฿13.30 → 13.34 | D: scn.bull.tgt ฿17.60 → 17.7 | D: s1: ~฿17.4 พันลบ. → ฿1.74 หมื่นล้าน พันลบ · | D: s1: 0.78x → 0.75x | D: s6: Total −2.0% (~−0.7% ปี) → −2% | D: s6: ฿13.30 Total +49.0% (~+14.2% ปี) → ฿13.34 +49% | D: s6: ฿17.60 Total +93.9% (~+24.7% ปี) → ฿17.70 +95%",2,2,3,5,2,0,1,7,,0
SKR,TH,HUMAN,"TEXT LOST ×11: SKR SKR SKR SKR SKR SKR SKR SKR | D: scn.base.tgt 8.32 → 8.31 | D: prose stale copies ×1 (px@analysis) | D: s6: ฿8.32 → ฿8.31 | D: rd/sm values.scenarios[1].tgt: 8.32 → 8.31",2,2,11,1,3,1,0,4,,0.12
SKY,TH,VALUE-DRIFT,"s1: ~15.9x → 15.6x | rd/sm sm.pe: 15.9 → 15.575221",2,2,0,1,3,0,0,6,mixed,2.04
SLB,US,VALUE-DRIFT,"FV 48 → 47.71 (family weights) | scn.bear.tgt 23.87 → 23.9 | scn.base.tgt 53.12 → 53.17 | scn.bull.tgt 78.47 → 78.54 | prose stale copies ×1 (pe@analysis) | s1: ~24.8x → 25.0x | s1: ~19.5% → 19.3% | s2: $48.00 → $47.71 | s2: $48.00 → $47.71 | s3: $48.00 → $47.71 | s3: $48.00 (−7%) → $47.71 (−8%) | s4: $48.00 $33.60 $38.40 $48.00 $52.00 → $47.71 $33.40 $38.17 $47.71 $49.38 | s4: $48.00 (−7%) → $47.71 (−8%) | s4: $33.60–$38.40 → $33.40–$38.17 | s5: −7% → −8% | s6: $23.87 → $23.90 | s6: $53.12 +10% → $53.17 +11% | s6: $78.47 → $78.54 | s8: $48.00 → $47.71 | s8: $33.60–$38.40 → $33.40–$38.17 | s8: $48.00 ($44.00–$52.00) → $47.71 ($46.04–$49.38) | s8: −7% → −8% | s8: $48.00 → $47.71 | s8: $33.60–$38.40 → $33.40–$38.17 | rd/sm fv: 48 → 47.71 | rd/sm values.fvLow: 44 → 46.04 | rd/sm values.fvHigh: 52 → 49.38 | rd/sm values.scenarios[0].tgt: 23.87 → 23.9 | rd/sm values.scenarios[1].tgt: 53.12 → 53.17 | rd/sm values.scenarios[2].tgt: 78.47 → 78.54 | rd/sm sm.mos: -7.1 → -7.8 | rd/sm sm.upside: -6.7 → -7.2 | rd/sm sm.fairValue: 48 → 47.71",2,2,0,19,11,1,0,7,mixed,5.04
SLF,US,VALUE-DRIFT,"prose stale copies ×2 (pe@analysis) | s1: ~2.52x → 2.46x | s3: $65.29 → $65.30 | s4: $65.29 → $65.30 | s8: ($53.25–$65.29) → ($53.25–$65.30) | rd/sm values.fvHigh: 65.29 → 65.3",3,3,0,4,2,2,3,5,mixed,0.02
SMCI,US,HUMAN,"TEXT LOST ×2: มัธยฐานเดียวกับข้อ มัธยฐาน | D: scn.bear.tgt 34 → 33.96 | D: scn.base.tgt 57 → 57.02 | D: scn.bull.tgt 83 → 82.77 | D: s4: $59 → $49.91 | D: s6: $34.00 → $33.96 | D: s6: $57.00 → $57.02 | D: s6: $83.00 +100% → $82.77 +99% | D: s8: ($37.50–$49.90) → ($37.49–$49.91) | D: rd/sm values.fvLow: 37.5 → 37.49 | D: rd/sm values.fvHigh: 49.9 → 49.91 | D: rd/sm values.scenarios[0].tgt: 34 → 33.96 | D: rd/sm values.scenarios[1].tgt: 57 → 57.02 | D: rd/sm values.scenarios[2].tgt: 83 → 82.77",2,2,2,5,7,0,1,9,,0.28
SMPC,TH,HUMAN,"TEXT LOST ×2: ต่อปี หุ้น | D: prose stale copies ×1 (pe@analysis) | D: s1: ฿5;060 ลบ. ~8.43x → ฿5.06 พันล้าน 7.8x | D: s1: ฿3;870 ลบ. -15.4% → ฿3.87 พันล้าน 15.4% | D: s2: ฿10.19 → ฿10.20 | D: s3: ฿9.34 → ฿9.36 | D: s3: ฿10.19 → ฿10.20 | D: s3: ฿10.19 → ฿10.20 | D: s4: ฿10.19 ฿7.13 ฿8.15 ฿10.19 ฿10.30 → ฿10.20 ฿7.14 ฿8.16 ฿10.20 | D: s4: (฿10.19) → (฿10.20) | D: s8: ฿10.19 → ฿10.20 | D: s8: (฿8.15) → (฿8.16) | D: s8: ฿10.19 (฿9.34–฿10.93) → ฿10.20 (฿9.36–฿10.93) | D: s8: (฿8.15) → (฿8.16) | D: rd/sm fv: 10.19 → 10.2 | D: rd/sm values.fvLow: 9.34 → 9.36 | D: rd/sm sm.pe: 8.43 → 7.809917",3,3,2,12,5,1,1,6,,7.36
SMTC,US,VALUE-DRIFT,"scn.bear.tgt 92 → 92.37 | scn.base.tgt 190 → 189.77 | scn.bull.tgt 282 → 281.74 | s2: $60.00 → $59.99 | s3: $53 $60.00 → $52.95 $59.99 | s4: $60.00 $42.00 $48.00 $60.00 → $59.99 $41.99 $47.99 $59.99 $67.03 | s4: $60.00 → $59.99 | s5: $60.00 → $59.99 | s6: $92.00 → $92.37 | s6: $190.00 → $189.77 | s6: $282.00 +62% → $281.74 +61% | s8: $60.00 → $59.99 | s8: $60.00 ($53.00–$67.00) → $59.99 ($52.95–$67.03) | s8: ($48.00) → ($47.99) | s8: ($42.00) → ($41.99) | rd/sm fv: 60 → 59.99 | rd/sm values.fvLow: 53 → 52.95 | rd/sm values.fvHigh: 67 → 67.03 | rd/sm values.scenarios[0].tgt: 92 → 92.37 | rd/sm values.scenarios[1].tgt: 190 → 189.77 | rd/sm values.scenarios[2].tgt: 282 → 281.74",2,2,0,12,8,0,3,5,multi-rounding,0.4
SN,US,HUMAN,"TEXT LOST ×1: สมมติฐานของเราเอง | D: scn.bear.tgt 107 → 107.09 | D: scn.base.tgt 158.4 → 158.34 | D: scn.bull.tgt 267 → 266.93 | D: s1: ~37.86x → 36.1x | D: s1: ~9.56x → 9.11x | D: s2: $101.23 → $101.19 | D: s3: $90.25 $101.23 → $90.18 $101.19 | D: s4: $101.23 $70.86 $80.98 $101.23 → $101.19 $70.83 $80.95 $101.19 | D: s6: $107.00 −40% → $107.09 −39% | D: s6: $158.40 −10% → $158.34 −11% | D: s6: $267.00 → $266.93 | D: s7: ($90.25–$112.21) → ($90.18–$112.21) | D: s8: ($90.25–$112.21) → ($90.18–$112.21) | D: s8: $101.23 ($90.25–$112.21) → $101.19 ($90.18–$112.21) | D: s8: ($90.25–$112.21) → ($90.18–$112.21) | D: s8: $80.98 → $80.95 | D: rd/sm fv: 101.23 → 101.19 | D: rd/sm values.fvLow: 90.25 → 90.18 | D: rd/sm values.scenarios[0].tgt: 107 → 107.09 | D: rd/sm values.scenarios[1].tgt: 158.4 → 158.34 | D: rd/sm values.scenarios[2].tgt: 267 → 266.93 | D: rd/sm sm.pe: 37.86 → 36.110204",2,2,1,13,8,0,1,7,,4.62
SNA,US,VALUE-DRIFT,"scn.bear.tgt 292 → 295.16 | scn.base.tgt 392 → 396.85 | scn.bull.tgt 475 → 480.22 | s2: $352.00 → $353.20 | s2: $352.00 → $353.20 | s3: $349 → $352.80 | s3: $362 $352.00 → $362.34 $353.20 | s4: $352.00 $246.40 $281.60 $352.00 $362.00 → $353.20 $247.24 $282.56 $353.20 $362.34 | s4: $352.00 → $353.20 | s4: $352.00 → $353.20 | s4: $281.60 → $282.56 | s6: $292.00 → $295.16 | s6: $18.23 → $18.45 | s6: $392.00 +15% $21.79 → $396.85 +16% $22.05 | s6: $475.00 +38% $23.73 → $480.22 +39% $24.01 | s6: $352.00 → $353.20 | s8: $281.60–$352.00 $352.00 ($345.00–$362.00) → $282.56–$353.20 $353.20 ($344.85–$362.34) | s8: $345.00–$362.00 → $344.85–$362.34 | s8: $281.60 → $282.56 | rd/sm fv: 352 → 353.2 | rd/sm values.fvLow: 345 → 344.85 | rd/sm values.fvHigh: 362 → 362.34 | rd/sm values.scenarios[0].tgt: 292 → 295.16 | rd/sm values.scenarios[1].tgt: 392 → 396.85 | rd/sm values.scenarios[2].tgt: 475 → 480.22 | rd/sm sm.mos: -4.5 → -4.1 | rd/sm sm.upside: -4.3 → -3.9",3,3,0,16,9,0,2,6,mixed,1.24
SNC,TH,HUMAN,"scenarios.cases[0] .ret annotation ""(-10.2%/ปี)"" not carried — a per-year/number label would mislabel the v3 total return | scenarios.cases[1] .ret annotation ""(12.0%/ปี)"" not carried — a per-year/number label would mislabel the v3 total return | scenarios.cases[2] .ret annotation ""(26.6%/ปี)"" not carried — a per-year/number label would mislabel the v3 total return | TEXT LOST ×6: SNC Industrial SET ไม่มีเป้านักวิเคราะห์ Yahoo StockAnalysis | D: s2: ฿8.67 → ฿8.66 | D: s2: ฿8.67 → ฿8.66 | D: s3: ฿8.67 → ฿8.66 | D: s4: ฿8.67 ฿6.07 ฿6.94 ฿8.67 → ฿8.66 ฿6.06 ฿6.93 ฿8.66 | D: s4: (฿6.94) → (฿6.93) | D: s4: (฿8.67) → (฿8.66) | D: s6: -27.7% (-10.2% ปี) → −28% | D: s6: +40.6% (12.0% ปี) → +41% | D: s6: +103.1% (26.6% ปี) → +103% | D: s8: ฿8.67 → ฿8.66 | D: s8: ฿8.67 → ฿8.66 | D: s8: ฿8.67 → ฿8.66 | D: s8: ฿6.07–฿6.94 → ฿6.06–฿6.93 | D: rd/sm fv: 8.67 → 8.66 | D: rd/sm sm.upside: 23.9 → 23.7",2,2,6,13,4,0,1,8,,0.2
SNNP,TH,HUMAN,"TEXT LOST ×1: ถูกปรับลด | D: scn.bear.tgt 4.32 → 4.27 | D: scn.base.tgt 9.44 → 9.49 | D: scn.bull.tgt 15.2 → 15.23 | D: s1: ~฿6.03 → ฿6.03 พันล้าน | D: s6: ฿4.32 → ฿4.27 | D: s6: ฿9.44 → ฿9.49 | D: s6: ฿15.20 +142% (+47% → ฿15.23 +143% (+48% | D: rd/sm values.scenarios[0].tgt: 4.32 → 4.27 | D: rd/sm values.scenarios[1].tgt: 9.44 → 9.49 | D: rd/sm values.scenarios[2].tgt: 15.2 → 15.23",3,3,1,4,5,0,0,7,,1.16
SNOW,US,HUMAN,"custom cards 5 > 4 — dropped ""RPO (สัญญารอรับรู้)"" | TEXT LOST ×4: RPO สัญญารอรับรู้ YoY FY27 | D: scn.bear.tgt 128 → 127.66 | D: scn.base.tgt 256 → 256.06 | D: scn.bull.tgt 438 → 437.57 | D: s4: $525 → | D: s6: $128.00 → $127.66 | D: s6: $256.00 → $256.06 | D: s6: $438.00 → $437.57 | D: s1: RPO (สัญญารอรับรู้) $9.00B ▲ +30% YoY (Q2 FY27) 0% → 0.00% | D: rd/sm values.scenarios[0].tgt: 128 → 127.66 | D: rd/sm values.scenarios[1].tgt: 256 → 256.06 | D: rd/sm values.scenarios[2].tgt: 438 → 437.57",2,2,4,5,5,0,5,15,,0.27
SNP,TH,VALUE-DRIFT,"scn.bear.tgt 5.77 → 5.76 | s2: ฿9.62 → ฿9.61 | s2: ฿9.62 → ฿9.61 | s3: ฿9.62 → ฿9.61 | s4: ฿9.62 → ฿9.61 | s4: ฿7.70 → ฿7.69 | s4: ฿9.62 → ฿9.61 | s4: ฿9.62 → ฿9.61 | s4: ฿7.70 → ฿7.69 | s6: ฿5.77 → ฿5.76 | s8: ฿9.62 → ฿9.61 | s8: ฿7.70 → ฿7.69 | s8: ฿9.62 → ฿9.61 | s8: ฿7.70 → ฿7.69 | rd/sm fv: 9.62 → 9.61 | rd/sm values.scenarios[0].tgt: 5.77 → 5.76 | rd/sm sm.upside: 11.9 → 11.7",2,2,0,13,3,0,1,5,multi-rounding,0.2
SNPS,US,HUMAN,"leg 3 analyst target as fv (""3. Analyst Intrinsic"") | custom cards 5 > 4 — dropped ""Free Cash Flow (9M FY26)"" | TEXT LOST ×7: กย Free Cash Flow FY26 ลดหนี้แล้ว หนี้ระยะยาว | D: scn.bear.tgt 395 → 394.92 | D: scn.base.tgt 633 → 633.36 | D: scn.bull.tgt 796 → 796.05 | D: s2: $493.00 → $490.62 | D: s3: $500 $493.00 → $500.00 $490.62 | D: s4: $493.00 $345.10 $394.40 $493.00 → $490.62 $343.43 $392.50 $490.62 $500.00 | D: s4: $600 → | D: s4: ($493.00) → ($490.62) | D: s5: +14% → +13% | D: s5: $493.00 → $490.62 | D: s5: $345.10) → $343.43) | D: s6: $395.00 → $394.92 | D: s6: $633.00 → $633.36 | D: s6: $796.00 → $796.05 | D: s7: (+14%) → (+13%) | D: s8: +14% → +13% | D: s8: $493.00 ($482.00–$500.00) → $490.62 ($482.24–$500.00) | D: s8: +14% → +13% | D: s8: <$394.40) → <$392.50) | D: header: 24 ก.ย. 2569 → · ปิด · | D: s1: Free Cash Flow (9M FY26) $2.14B ลดหนี้แล้ว $3.5B (หนี้ระยะยาว $9.0B) 0% → 0.00% | D: rd/sm fv: 493 → 490.62 | D: rd/sm values.fvLow: 482 → 482.24 | D: rd/sm values.scenarios[0].tgt: 395 → 394.92 | D: rd/sm values.scenarios[1].tgt: 633 → 633.36 | D: rd/sm values.scenarios[2].tgt: 796 → 796.05 | D: rd/sm sm.pe: 28.2 → 75.338652 | D: rd/sm sm.mos: 13.8 → 13.4 | D: rd/sm sm.upside: 16 → 15.5",3,3,7,18,10,0,5,14,,167.16
SNX,US,VALUE-DRIFT,"scn.base.tgt 269.24 → 269.23 | scn.bull.tgt 396.51 → 396.52 | s1: ~2.39x → 2.33x | s2: $206.93 → $206.96 | s3: $202.28 → $202.27 | s3: $211.58 $206.93 → $211.65 $206.96 | s3: $206.93 → $206.96 | s4: $206.93 $144.85 $165.54 $206.93 $211.58 → $206.96 $144.87 $165.57 $206.96 $211.65 | s4: ($211.58) → ($211.65) | s5: $206.93 → $206.96 | s6: $269.24 → $269.23 | s6: $396.51 → $396.52 | s8: $206.93 → $206.96 | s8: $206.93 ($202.28–$211.58) → $206.96 ($202.27–$211.65) | s8: ($165.54) → ($165.57) | rd/sm fv: 206.93 → 206.96 | rd/sm values.fvLow: 202.28 → 202.27 | rd/sm values.fvHigh: 211.58 → 211.65 | rd/sm values.scenarios[1].tgt: 269.24 → 269.23 | rd/sm values.scenarios[2].tgt: 396.51 → 396.52",2,2,0,13,6,0,1,6,multi-rounding,0.03
SO,US,VALUE-DRIFT,"scn.bear.tgt 86.48 → 86.47 | scn.base.tgt 101.69 → 101.68 | scn.bull.tgt 109.79 → 109.78 | prose stale copies ×1 (pe@analysis) | s2: $90.00 → $90.40 | s3: $90.34 $90.00 → $90.33 $90.40 | s4: $90.00 $63.00 $72.00 $90.00 $93.00 $100 → $90.40 $63.28 $72.32 $90.40 $90.47 $100.00 | s4: $90.00 → $90.40 | s4: $72.00; → $72.32; | s4: $63.00 → $63.28 | s6: $86.48 → $86.47 | s6: $101.69 → $101.68 | s6: $109.79 → $109.78 | s8: $90.00 → $90.40 | s8: $72.00 → $72.32 | s8: $90.00 ($87.00–$93.00) → $90.40 ($90.33–$90.47) | s8: ($90.00) → ($90.40) | s8: $72.00 → $72.32 | rd/sm fv: 90 → 90.4 | rd/sm values.fvLow: 87 → 90.33 | rd/sm values.fvHigh: 93 → 90.47 | rd/sm values.scenarios[0].tgt: 86.48 → 86.47 | rd/sm values.scenarios[1].tgt: 101.69 → 101.68 | rd/sm values.scenarios[2].tgt: 109.79 → 109.78 | rd/sm sm.mos: 7.9 → 8.3 | rd/sm sm.upside: 8.6 → 9.1",2,2,0,14,10,1,0,8,mixed,3.83
SONIC,TH,HUMAN,"TEXT LOST ×1: ไม่มีเป้านักวิเคราะห์ | D: prose stale copies ×1 (px@analysis) | D: s1: ~4.03% → 3.95% | D: rd/sm sm.dividendYield: 4.03 → 3.947368",2,2,1,1,2,1,1,5,,0.08
SORKON,TH,HUMAN,"TEXT LOST ×2: ต่อปี หุ้น | D: scn.bear.tgt 0.94 → 0.95 | D: scn.base.tgt 2.95 → 3 | D: scn.bull.tgt 4.13 → 4.12 | D: s4: ฿3.22 → | D: s6: ฿0.94 → ฿0.95 | D: s6: ฿2.95 +6% → ฿3.00 +7% | D: s6: ฿4.13 → ฿4.12 | D: rd/sm values.scenarios[0].tgt: 0.94 → 0.95 | D: rd/sm values.scenarios[1].tgt: 2.95 → 3 | D: rd/sm values.scenarios[2].tgt: 4.13 → 4.12",2,2,2,4,5,0,0,4,,1.69
SPA,TH,VALUE-DRIFT,"scn.base.tgt 3.48 → 3.47 | scn.bull.tgt 5.47 → 5.48 | s1: ~22.0x → 19.7x | s6: ฿3.48 +28% ฿0.174 → ฿3.47 +27% ฿0.17 | s6: ฿5.47 → ฿5.48 | rd/sm values.scenarios[1].tgt: 3.48 → 3.47 | rd/sm values.scenarios[2].tgt: 5.47 → 5.48 | rd/sm sm.pe: 22.02 → 19.733333",3,3,0,3,5,0,1,8,mixed,10.38
SPALI,TH,VALUE-DRIFT,"prose stale copies ×1 (pe@analysis) | s1: ฿30.40 พันล้าน ~6.7x → ฿3.04 หมื่นล้าน 6.6x | s1: ~0.55x → 0.54x | s2: ฿16.40 → ฿16.39 | s2: ฿16.40 → ฿16.39 | s3: ฿16.40 → ฿16.39 | s4: ฿16.40 ฿11.48 ฿13.12 ฿16.40 → ฿16.39 ฿11.47 ฿13.11 ฿16.39 ฿16.68 | s4: ฿17.70 → | s4: ฿16.40 → ฿16.39 | s4: (฿13.12) → (฿13.11) | s4: ฿13.12 → ฿13.11 | s8: ฿16.40 → ฿16.39 | s8: (฿13.12) → (฿13.11) | s8: ฿16.40 (฿15.10–฿17.70) → ฿16.39 (฿16.09–฿16.68) | s8: ฿16.40 → ฿16.39 | s8: (฿13.12) → (฿13.11) | rd/sm fv: 16.4 → 16.39 | rd/sm values.fvLow: 15.1 → 16.09 | rd/sm values.fvHigh: 17.7 → 16.68",2,2,0,15,4,1,0,4,mixed,6.56
SPC,TH,HUMAN,"TEXT LOST ×4: บริบท ใช้ rg เดียวกับข้อ | D: prose:prose.strategy ""฿47"" → {{mos20}} | D: prose stale copies ×2 (pe@analysis) | D: s1: ~7.16x → 7.3x | D: s2: ฿58.80 → ฿58.79 | D: s3: ฿58.80 → ฿58.79 | D: s4: ฿58.80 ฿41.16 ฿47.04 ฿58.80 → ฿58.79 ฿41.15 ฿47.03 ฿58.79 | D: s4: (฿47.04) → (฿47.03) | D: s4: (฿58.80) → (฿58.79) | D: s5: (฿58.80) → (฿58.79) | D: s8: ฿58.80 → ฿58.79 | D: s8: ฿58.80 → ฿58.79 | D: rd/sm fv: 58.8 → 58.79",3,2,4,9,3,2,0,6,,0.02
SPCG,TH,VALUE-DRIFT,"scn.bull.tgt 13.3 → 13.31 | prose stale copies ×2 (px@analysis) | s1: ~32.0x → 32.6x | s6: ฿13.30 → ฿13.31 | rd/sm values.scenarios[2].tgt: 13.3 → 13.31",2,2,0,2,1,2,3,4,mixed,0.08
SPCX,US,HUMAN,"custom cards 5 > 4 — dropped ""กำลังประมวลผล AI"" | TEXT LOST ×6: กำลังประมวลผล AI GW เป้าขยายสู่ GW ภายในปลายปี | D: scn.bear.tgt 61.2 → 61.17 | D: scn.base.tgt 127.3 → 127.31 | D: scn.bull.tgt 273.6 → 273.57 | D: header: $104.83 – $225.64 → · | D: s1: −$1.12 → ~$-1.12 | D: s6: $61.20 → $61.17 | D: s6: $127.30 → $127.31 | D: s6: $5.31 → $5.30 | D: s6: $273.60 → $273.57 | D: s1: กำลังประมวลผล AI 1.4 GW เป้าขยายสู่ ~10 GW ภายในปลายปี 2570 0% → 0.00% | D: rd/sm values.scenarios[0].tgt: 61.2 → 61.17 | D: rd/sm values.scenarios[1].tgt: 127.3 → 127.31 | D: rd/sm values.scenarios[2].tgt: 273.6 → 273.57",2,2,6,7,5,0,5,11,,0.05
SPG,US,HUMAN,"custom cards 6 > 4 — dropped ""NOI Portfolio (2025)""; ""ROE / Leverage"" | TEXT LOST ×16: NOI Portfolio YoY Portfolio NOI ครึ่งแรก ROE Leverage | D: s1: 73.9% → 19.5% | D: s2: $193.00 → $192.28 | D: s3: $207 $193.00 → $207.00 $192.28 | D: s4: $193.00 $135.10 $154.40 $193.00 $235 $238.50 → $192.28 $134.60 $153.82 $192.28 $207.00 $235.00 | D: s4: $193.00 → $192.28 | D: s4: $193.00 → $192.28 | D: s4: $154.40 → $153.82 | D: s6: $169 -17.4% → $168.73 −18% | D: s8: $193.00 → $192.28 | D: s8: $193.00 ($178.00–$207.00) → $192.28 ($177.55–$207.00) | D: s8: <$193.00 → <$192.28 | D: s8: <$154.40 → <$153.82 | D: rd/sm fv: 193 → 192.28 | D: rd/sm values.fvLow: 178 → 177.55 | D: rd/sm sm.mos: -6.1 → -6.5 | D: rd/sm sm.upside: -5.7 → -6.1",2,2,16,12,5,0,6,13,,0.4
SPGI,US,VALUE-DRIFT,"prose stale copies ×3 (pe@analysis) | s1: ~24.68x → 24.6x | s1: 3.88 → 3.95x | s2: $491.00 → $491.19 | s3: $436 $491.00 → $435.60 $491.19 | s3: $491.00 → $491.19 | s3: $436.00–$547.00 → $435.60–$546.79 | s4: $491.00 $343.70 $392.80 $491.00 → $491.19 $343.83 $392.95 $491.19 | s4: $547.00 → $546.79 | s4: $491.00 → $491.19 | s4: $392.80 → $392.95 | s8: $491.00 → $491.19 | s8: $491.00 ($436.00–$547.00) → $491.19 ($435.60–$546.79) | s8: $491.00 → $491.19 | s8: $392.80 → $392.95 | rd/sm fv: 491 → 491.19 | rd/sm values.fvLow: 436 → 435.6 | rd/sm values.fvHigh: 547 → 546.79",2,2,0,14,5,3,0,4,mixed,0.09
SPI,TH,HUMAN,"leg 1 declared nav has no extras table (E52) | TEXT LOST ×1: บริบทเท่านั้น | D: s4: ฿33.12 → ",3,2,1,1,2,0,2,5,,0
SPOT,US,VALUE-DRIFT,"scn.bear.tgt 327.4 → 327.42 | scn.base.tgt 532.6 → 532.64 | s1: ~28x → 28.9x | s1: 0.06 → · | s2: $529.00 → $528.50 | s3: $488 $529.00 → $488.00 $528.50 | s4: $529.00 $370.30 $423.20 $529.00 → $528.50 $369.95 $422.80 $528.50 | s4: $529.00 → $528.50 | s4: $423.20 → $422.80 | s6: $327.40 → $327.42 | s6: $532.60 → $532.64 | s8: $529.00 → $528.50 | s8: $529.00 → $528.50 | s8: $423.20 → $422.80 | s8: $370.30–$423.20 → $369.95–$422.80 | rd/sm fv: 529 → 528.5 | rd/sm values.scenarios[0].tgt: 327.4 → 327.42 | rd/sm values.scenarios[1].tgt: 532.6 → 532.64",2,2,0,13,4,0,3,11,multi-rounding,0.09
SPVI,TH,VALUE-DRIFT,"s1: ~8.4x → 8.5x | s3: ฿4.73 → ฿4.72 | s4: ฿4.73 → ฿4.72 | s8: (฿4.15–฿4.73) → (฿4.15–฿4.72) | rd/sm values.fvHigh: 4.73 → 4.72",2,2,0,4,2,0,0,2,fv-rounding,0.21
SRE,US,VALUE-DRIFT,"scn.bear.tgt 77 → 76.5 | scn.base.tgt 113 → 112.46 | scn.bull.tgt 132 → 132.09 | prose stale copies ×3 (pe@analysis) | s2: $96.33 → $96.32 | s3: $96.33 → $96.32 | s3: $96.33 → $96.32 | s4: $96.33 $67.43 → $96.32 $67.42 | s4: $96.33 → $96.32 | s4: $96.33 → $96.32 | s6: $77.00 → $76.50 | s6: $113.00 +57% → $112.46 +56% | s6: $132.00 → $132.09 | s7: $96.33 → $96.32 | s8: $96.33 → $96.32 | s8: $96.33 → $96.32 | s8: $96.33 → $96.32 | rd/sm fv: 96.33 → 96.32 | rd/sm values.scenarios[0].tgt: 77 → 76.5 | rd/sm values.scenarios[1].tgt: 113 → 112.46 | rd/sm values.scenarios[2].tgt: 132 → 132.09",2,2,0,13,6,3,0,5,mixed,0.65
SSNC,US,VALUE-DRIFT,"scn.bear.tgt 63.52 → 63.48 | scn.base.tgt 104.45 → 104.37 | scn.bull.tgt 131.03 → 130.93 | s1: ~23.0x → 11.1x | s6: $63.52 −14% $3.18 → $63.48 −15% $3.17 | s6: $104.45 → $104.37 | s6: $131.03 → $130.93 | rd/sm values.scenarios[0].tgt: 63.52 → 63.48 | rd/sm values.scenarios[1].tgt: 104.45 → 104.37 | rd/sm values.scenarios[2].tgt: 131.03 → 130.93",2,2,0,4,4,0,4,8,scn-tgt,0.08
SSP,TH,HUMAN,"price-bound custom card ""เงินปันผล (คาด)"" | D: scn.bear.tgt 3.6 → 3.64 | D: scn.bull.tgt 9.7 → 9.68 | D: s2: ฿6.16 → ฿6.15 | D: s2: ฿6.16 → ฿6.15 | D: s2: (−23%) → (−24%) | D: s3: ฿6.16 → ฿6.15 | D: s3: ฿6.16 → ฿6.15 | D: s3: (−23%) → (−24%) | D: s4: ฿6.16 → ฿6.15 | D: s4: ฿4.93 ฿6.16 → ฿4.92 ฿6.15 | D: s4: ฿6.16 → ฿6.15 | D: s4: (−23%) → (−24%) | D: s4: ~฿4.93 → ~฿4.92 | D: s5: −23% → −24% | D: s6: ฿3.60 → ฿3.64 | D: s6: ฿9.70 → ฿9.68 | D: s8: ฿6.16 → ฿6.15 | D: s8: (−23%) → (−24%) | D: s8: ฿6.16 → ฿6.15 | D: s8: −23% → −24% | D: s8: ฿4.31–฿4.93 → ฿4.31–฿4.92 | D: rd/sm fv: 6.16 → 6.15 | D: rd/sm values.scenarios[0].tgt: 3.6 → 3.64 | D: rd/sm values.scenarios[2].tgt: 9.7 → 9.68 | D: rd/sm sm.mos: -23.4 → -23.6 | D: rd/sm sm.upside: -18.9 → -19.1",3,3,0,19,6,0,4,6,,1.11
STE,US,HUMAN,"scenarios.cases[1] .ret annotation ""(3 ปี) ~12.9%/ปี"" not carried — a per-year/number label would mislabel the v3 total return | scenarios.cases[2] .ret annotation ""(3 ปี) ~20.3%/ปี"" not carried — a per-year/number label would mislabel the v3 total return | D: scn.bear.tgt $213 → 205.91 | D: scn.base.tgt $298 → 289.74 | D: scn.bull.tgt $361 → 352.17 | D: s2: $230.00 → $230.11 | D: s2: $230.00 → $230.11 | D: s3: $187 $230.00 → $187.00 $230.11 | D: s4: $230.00 $161.00 $184.00 $230.00 → $230.11 $161.08 $184.09 $230.11 | D: s4: $273.00 → $273.21 | D: s4: $230.00 → $230.11 | D: s4: $184.00 → $184.09 | D: s4: $161.00 → $161.08 | D: s6: $213 +3% → $205.91 +2% | D: s6: $298 +44% (3 ปี) 12.9% ปี → $289.74 +43% | D: s6: $361 +74% (3 ปี) 20.3% ปี → $352.17 +73% | D: s8: $230.00 → $230.11 | D: s8: $230.00 ($187.00–$273.00) → $230.11 ($187.00–$273.21) | D: s8: ($184.00) → ($184.09) | D: rd/sm fv: 230 → 230.11 | D: rd/sm values.fvHigh: 273 → 273.21",2,2,0,14,2,0,2,11,,0.08
STEC,TH,HUMAN,"first header tag not ""<EXCH>: STEC"" (""SET: STECON"") | TEXT LOST ×2: STECON STECON | D: scn.bear.tgt 6.6 → 6.62 | D: scn.base.tgt 12.48 → 12.53 | D: prose stale copies ×1 (pe@analysis) | D: s1: ~12.10x → 12.0x | D: s3: ฿12.79 → ฿12.78 | D: s3: ฿12.79 → ฿12.78 | D: s4: ฿12.79 → ฿12.78 | D: s4: ฿10.23 ฿12.79 → ฿10.22 ฿12.78 ฿15.07 | D: s4: ฿12.79 → ฿12.78 | D: s4: ฿10.23 → ฿10.22 | D: s6: ฿6.60 → ฿6.62 | D: s6: ฿12.48 → ฿12.53 | D: s8: ฿12.79 → ฿12.78 | D: s8: ฿10.23–฿12.79 → ฿10.22–฿12.78 | D: s8: ฿12.79 → ฿12.78 | D: s8: ฿10.23–฿12.79 → ฿10.22–฿12.78 | D: rd/sm fv: 12.79 → 12.78 | D: rd/sm values.scenarios[0].tgt: 6.6 → 6.62 | D: rd/sm values.scenarios[1].tgt: 12.48 → 12.53",2,2,2,13,5,1,2,9,,0.4
STLD,US,VALUE-DRIFT,"s2: $141.00 → $140.97 | s3: $145 $141.00 → $145.46 $140.97 | s3: $141.00 → $140.97 | s4: $141.00 $98.70 $112.80 $141.00 $145.00 $272 → $140.97 $98.68 $112.78 $140.97 $145.46 $272.00 | s4: ($145.00) → ($145.46) | s6: $157 -30.4% → $156.54 −31% | s8: $141.00 → $140.97 | s8: $136.00–$145.00) → $136.48–$145.46) | s8: $141.00 ($136.00–$145.00) → $140.97 ($136.48–$145.46) | s8: ($98.70–$112.80) → ($98.68–$112.78) | rd/sm fv: 141 → 140.97 | rd/sm values.fvLow: 136 → 136.48 | rd/sm values.fvHigh: 145 → 145.46",2,2,0,10,4,0,1,12,fv-rounding,0.35
STM,US,HUMAN,"TEXT LOST ×3: ADR USD มัธยฐานเดียวกัน | D: scn.bear.tgt 22.8 → 22.76 | D: scn.base.tgt 46.5 → 46.57 | D: scn.bull.tgt 88 → 87.53 | D: s6: $22.80 → $22.76 | D: s6: $46.50 → $46.57 | D: s6: $88.00 +71% (+20% → $87.53 +70% (+19% | D: s6: $4.40 → $4.38 | D: rd/sm values.scenarios[0].tgt: 22.8 → 22.76 | D: rd/sm values.scenarios[1].tgt: 46.5 → 46.57 | D: rd/sm values.scenarios[2].tgt: 88 → 87.53",2,2,3,4,4,0,3,4,,0.53
STRL,US,HUMAN,"TEXT LOST ×2: guidance กลาง | D: scn.bear.tgt 225 → 224.7 | D: scn.base.tgt 532.8 → 533.14 | D: scn.bull.tgt 856.96 → 856.51 | D: prose:prose.strategy ""$298"" → {{fv}} | D: prose:prose.strategy ""$239"" → {{mos20}} | D: s3: $205.98 → $206.00 | D: s6: $225.00 → $224.70 | D: s6: $15.00 → $14.98 | D: s6: $532.80 → $533.14 | D: s6: $22.20 → $22.21 | D: s6: $856.96 → $856.51 | D: s6: $26.78 → $26.77 | D: s8: ($205.98–$360.62) → ($206.00–$360.62) | D: rd/sm values.fvLow: 205.98 → 206 | D: rd/sm values.scenarios[0].tgt: 225 → 224.7 | D: rd/sm values.scenarios[1].tgt: 532.8 → 533.14 | D: rd/sm values.scenarios[2].tgt: 856.96 → 856.51",3,3,2,8,5,0,1,8,,0.13
STT,US,VALUE-DRIFT,"scn.bear.tgt 107 → 106.64 | scn.base.tgt 171 → 171.27 | s1: ~16.1x → 16.0x | s2: $145.00 → $144.41 | s3: $160 $145.00 → $159.67 $144.41 | s3: $145.00 → $144.41 | s4: $145.00 $101.50 $116.00 $145.00 $160.00 $199.5 → $144.41 $101.09 $115.53 $144.41 $159.67 $199.50 | s4: $145.00 → $144.41 | s4: $116.00 → $115.53 | s5: $145.00 → $144.41 | s5: $116.00–$145.00 → $115.53–$144.41 | s6: $107.00 → $106.64 | s6: $171.00 +1.2% → $171.27 +1.3% | s6: +1.2% → +1.3% | s8: $145.00 → $144.41 | s8: $116.00–$145.00 → $115.53–$144.41 | s8: $145.00 ($129.00–$160.00) → $144.41 ($129.16–$159.67) | s8: $116.00–$145.00 → $115.53–$144.41 | rd/sm fv: 145 → 144.41 | rd/sm values.fvLow: 129 → 129.16 | rd/sm values.fvHigh: 160 → 159.67 | rd/sm values.scenarios[0].tgt: 107 → 106.64 | rd/sm values.scenarios[1].tgt: 171 → 171.27 | rd/sm sm.mos: -24.9 → -25.4 | rd/sm sm.upside: -19.9 → -20.3",2,2,0,16,9,0,3,9,multi-rounding,0.5
STX,US,HUMAN,"TEXT LOST ×1: ปรับรอบวัฏจักร | D: scn.bear.tgt 285 → 285.24 | D: scn.base.tgt 650 → 649.82 | D: scn.bull.tgt 1132 → 1131.53 | D: s1: $1;125 → $1;125.00 (+24%) | D: s2: $757.00 → $757.75 | D: s3: $621 $757.00 → $621.00 $757.75 | D: s4: $757.00 $529.90 $605.60 $757.00 → $757.75 $530.42 $606.20 $757.75 $894.50 | D: s4: $1;150 → | D: s4: ($757.00) → ($757.75) | D: s5: $757.00 → $757.75 | D: s6: $285.00 → $285.24 | D: s6: $650.00 → $649.82 | D: s6: $1;132.00 → $1;131.53 | D: s7: ($757.00) → ($757.75) | D: s8: ($757.00) → ($757.75) | D: s8: $757.00 ($621.00–$894.00) → $757.75 ($621.00–$894.50) | D: s8: $605.60 → $606.20 | D: s8: $529.90) → $530.42) | D: rd/sm fv: 757 → 757.75 | D: rd/sm values.fvHigh: 894 → 894.5 | D: rd/sm values.scenarios[0].tgt: 285 → 285.24 | D: rd/sm values.scenarios[1].tgt: 650 → 649.82 | D: rd/sm values.scenarios[2].tgt: 1132 → 1131.53",2,2,1,15,7,0,2,7,,0.1
STZ,US,VALUE-DRIFT,"scn.base.tgt 153.26 → 153.25 | prose stale copies ×1 (pe@analysis) | s2: $135.60 → $135.42 | s2: $135.60 → $135.42 | s3: $176.01 $135.60 → $175.63 $135.42 | s3: $95.20–$176.00 → $95.22–$175.63 | s4: $135.60 $94.92 $108.48 $135.60 → $135.42 $94.79 $108.34 $135.42 | s4: $176.00 → $175.63 | s4: $135.60 → $135.42 | s4: ($108.48) → ($108.34) | s4: $94.92 → $94.79 | s6: $153.26 → $153.25 | s8: $135.60 → $135.42 | s8: ($108.48) $135.60 ($95.20–$176.00) → ($108.34) $135.42 ($95.22–$175.63) | s8: $108.48 → $108.34 | s8: $94.92 → $94.79 | rd/sm fv: 135.6 → 135.42 | rd/sm values.fvLow: 95.2 → 95.22 | rd/sm values.fvHigh: 176 → 175.63 | rd/sm values.scenarios[1].tgt: 153.26 → 153.25",2,2,0,14,6,1,2,7,mixed,0.21
SU,US,VALUE-DRIFT,"scn.bear.tgt 25.5 → 25.47 | scn.base.tgt 53.9 → 53.92 | scn.bull.tgt 78.8 → 78.84 | s6: $25.50 → $25.47 | s6: $53.90 → $53.92 | s6: $78.80 → $78.84 | rd/sm values.scenarios[0].tgt: 25.5 → 25.47 | rd/sm values.scenarios[1].tgt: 53.9 → 53.92 | rd/sm values.scenarios[2].tgt: 78.8 → 78.84",2,2,0,3,4,0,3,7,scn-tgt,0.12
SUN,TH,HUMAN,"TEXT LOST ×1: ปันผลฉากกลาง | D: scn.bear.tgt 1.03 → 0.98 | D: scn.base.tgt 2.73 → 2.61 | D: scn.bull.tgt 3.81 → 3.69 | D: prose stale copies ×1 (px@analysis) | D: s1: ~35.2x → 36.3x | D: s2: ฿2.35 → ฿2.34 | D: s3: ฿1.96 ฿2.35 → ฿1.95 ฿2.34 | D: s4: ฿2.35 ฿1.65 ฿1.88 ฿1.96 ฿2.35 → ฿2.34 ฿1.64 ฿1.87 ฿2.34 | D: s4: ฿2.35 → ฿2.34 | D: s4: (฿1.88) → (฿1.87) | D: s5: ฿2.35 → ฿2.34 | D: s6: ฿1.03 −46% ฿0.108 → ฿0.98 −48% ฿0.10 | D: s6: ฿2.73 +43% ฿0.22 → ฿2.61 +38% ฿0.21 | D: s6: ฿3.81 +97% ฿0.28 → ฿3.69 +91% ฿0.27 | D: s6: ฿2.73 → ฿2.61 | D: s6: +43% → +38% | D: s6: +97% → +91% | D: s6: −46% → −48% | D: s8: ฿2.35 → ฿2.34 | D: s8: ฿1.96–฿2.73) → ฿1.95–฿2.73) | D: s8: +43% → +38% | D: s8: +97%) → +91%) | D: s8: −46% → −48% | D: s8: ฿2.35 (฿1.96–฿2.73) → ฿2.34 (฿1.95–฿2.73) | D: s8: (฿1.88) → (฿1.87) | D: rd/sm fv: 2.35 → 2.34 | D: rd/sm values.fvLow: 1.96 → 1.95 | D: rd/sm values.scenarios[0].tgt: 1.03 → 0.98 | D: rd/sm values.scenarios[1].tgt: 2.73 → 2.61 | D: rd/sm values.scenarios[2].tgt: 3.81 → 3.69 | D: rd/sm sm.pe: 35.2 → 36.333333 | D: rd/sm sm.mos: 7.2 → 6.8 | D: rd/sm sm.upside: 7.8 → 7.3",2,2,1,21,9,1,0,4,,4.85
SUNB,US,VALUE-DRIFT,"scn.bear.tgt 41.6 → 41.61 | scn.base.tgt 69.2 → 69.22 | scn.bull.tgt 103.2 → 103.23 | s2: $66.92 → $66.91 | s3: $75.85 $66.92 → $75.84 $66.91 | s4: $66.92 → $66.91 | s4: $53.54 $66.92 $75.85 → $53.53 $66.91 $75.84 | s4: $66.92 → $66.91 | s4: $57.98–$75.85 → $57.98–$75.84 | s4: ($53.54) → ($53.53) | s5: $66.92 → $66.91 | s6: $41.60 → $41.61 | s6: $69.20 → $69.22 | s6: $103.20 → $103.23 | s8: $57.98–$75.85 → $57.98–$75.84 | s8: $66.92 → $66.91 | s8: $66.92 ($57.98–$75.85) → $66.91 ($57.98–$75.84) | s8: ($46.84–$53.54) → ($46.84–$53.53) | rd/sm fv: 66.92 → 66.91 | rd/sm values.fvHigh: 75.85 → 75.84 | rd/sm values.scenarios[0].tgt: 41.6 → 41.61 | rd/sm values.scenarios[1].tgt: 69.2 → 69.22 | rd/sm values.scenarios[2].tgt: 103.2 → 103.23",2,2,0,15,6,0,0,3,multi-rounding,0.03
SW,US,HUMAN,"scenarios.cases[0] .ret annotation ""รวมปันผล ~−10%/ปี"" not carried — a per-year/number label would mislabel the v3 total return | scenarios.cases[1] .ret annotation ""รวมปันผล ~+7%/ปี"" not carried — a per-year/number label would mislabel the v3 total return | scenarios.cases[2] .ret annotation ""รวมปันผล ~+21%/ปี"" not carried — a per-year/number label would mislabel the v3 total return | TEXT LOST ×3: รวมปันผล รวมปันผล รวมปันผล | D: scn.base.tgt $49.00 → 48.99 | D: scn.bull.tgt $73.99 → 73.98 | D: s3: $21.00–$35.00 → $29.82–$30.76 | D: s4: $35.00 → $30.76 | D: s6: $49.00 → $48.99 | D: s6: $73.99 → $73.98 | D: s8: ($21.00–$35.00) → ($29.82–$30.76) | D: rd/sm values.fvLow: 21 → 29.82 | D: rd/sm values.fvHigh: 35 → 30.76 | D: rd/sm sm.pe: 47.2 → 48.93617",2,2,3,5,4,0,2,8,,42
SWK,US,HUMAN,"price-bound custom card ""P/BV (est.)"" | D: scn.bear.tgt 49 → 49.09 | D: scn.base.tgt 103 → 103.43 | D: scn.bull.tgt 171 → 170.82 | D: prose:prose.strategy ""$89.58"" → {{px}} | D: prose stale copies ×2 (px@analysis;pe@analysis) | D: s2: $96.00 → $95.59 | D: s3: $97 $96.00 → $97.11 $95.59 | D: s3: $96.00 → $95.59 | D: s4: $96.00 $67.20 $76.80 $96.00 → $95.59 $66.91 $76.47 $95.59 $97.11 | D: s4: $105 → | D: s4: $76.80 → $76.47 | D: s4: $67.20 → $66.91 | D: s6: $49.00 → $49.09 | D: s6: $103.00 +25% → $103.43 +26% | D: s6: $171.00 → $170.82 | D: s6: $76.80 → $76.47 | D: s8: $76.80 → $76.47 | D: s8: $96.00 ($90.00–$102.00) → $95.59 ($94.07–$97.11) | D: s8: $89.58 → $90.17 | D: rd/sm fv: 96 → 95.59 | D: rd/sm values.fvLow: 90 → 94.07 | D: rd/sm values.fvHigh: 102 → 97.11 | D: rd/sm values.scenarios[0].tgt: 49 → 49.09 | D: rd/sm values.scenarios[1].tgt: 103 → 103.43 | D: rd/sm values.scenarios[2].tgt: 171 → 170.82 | D: rd/sm sm.mos: 6.1 → 5.7 | D: rd/sm sm.upside: 6.5 → 6",2,2,0,14,9,2,2,6,,4.79
SYK,US,HUMAN,"TEXT LOST ×1: SYK | D: scn.bear.tgt 375.98 → 375.97 | D: scn.base.tgt 445.92 → 445.62 | D: scn.bull.tgt 490 → 489.97 | D: prose stale copies ×2 (pe@analysis) | D: s6: $375.98 → $375.97 | D: s6: $445.92 → $445.62 | D: s6: $18.58 → $18.57 | D: s6: $490.00 → $489.97 | D: rd/sm values.scenarios[0].tgt: 375.98 → 375.97 | D: rd/sm values.scenarios[1].tgt: 445.92 → 445.62 | D: rd/sm values.scenarios[2].tgt: 490 → 489.97",2,2,1,4,5,2,1,5,,0.07
SYM,US,HUMAN,"TEXT LOST ×1: มูลค่าเหมาะสมเฉลี่ย | D: scn.bear.tgt 15.2 → 15.17 | D: scn.bull.tgt 137.5 → 137.47 | D: s6: $15.20 −65% → $15.17 −66% | D: s6: $137.50 → $137.47 | D: s6: $3.06 → $3.05 | D: rd/sm values.scenarios[0].tgt: 15.2 → 15.17 | D: rd/sm values.scenarios[2].tgt: 137.5 → 137.47",2,2,1,3,4,0,3,13,,0.2
SYNEX,TH,VALUE-DRIFT,"prose stale copies ×1 (pe@analysis) | s1: ~9.70x → 9.6x | s2: ฿12.10 → ฿12.11 | s2: ฿12.10 (+21%) → ฿12.11 (+22%) | s3: ฿12.10 → ฿12.11 | s3: ฿12.10 → ฿12.11 | s4: ฿12.10 ฿8.47 ฿9.68 → ฿12.11 ฿8.48 ฿9.69 | s4: ฿12.10 → ฿12.11 | s4: (฿9.68) → (฿9.69) | s4: ฿12.10 → ฿12.11 | s5: +21% → +22% | s8: ฿12.10 (+21%) → ฿12.11 (+22%) | s8: ฿12.10 → ฿12.11 | s8: +21% → +22% | s8: ฿9.68) → ฿9.69) | s8: ฿12.10 → ฿12.11 | rd/sm fv: 12.1 → 12.11",3,3,0,15,3,1,0,6,mixed,0.08
SYY,US,HUMAN,"failed before compare — compute: meta.sources: ต้องเป็น array ของข้อความ 3–8 ข้อ | sources < 3 (2) | scenarios.cases[1] .ret annotation ""รวม 3 ปี (~8.0%/ปี)"" not carried — a per-year/number label would mislabel the v3 total return | scenarios.cases[2] .ret annotation ""รวม 3 ปี (~14.7%/ปี)"" not carried — a per-year/number label would mislabel the v3 total return | schema meta.sources: ต้องเป็น array ของข้อความ 3–8 ข้อ",2,2,0,0,0,0,0,5,,0
T,US,HUMAN,"scenarios.cases[0] .ret annotation ""(capital) / −15.9% รวม"" not carried — a per-year/number label would mislabel the v3 total return | scenarios.cases[1] .ret annotation ""(capital) / +3.2% รวม"" not carried — a per-year/number label would mislabel the v3 total return | scenarios.cases[2] .ret annotation ""(capital) / +31.8% รวม"" not carried — a per-year/number label would mislabel the v3 total return | TEXT LOST ×6: capital รวม capital รวม capital รวม | D: scn.base.tgt $22.88 → 22.9 | D: scn.bull.tgt $30.14 → 30.1 | D: s1: ~8.4x → 10.9x | D: s1: ~10.9x → 11.3x | D: s6: −29.1% (capital) −15.9% รวม → −16% | D: s6: $22.88 −9.9% (capital) +3.2% รวม → $22.90 +3% | D: s6: $30.14 +18.7% (capital) +31.8% รวม → $30.10 +31% | D: rd/sm sm.pe: 11.3 → 10.876068",2,2,6,5,3,0,2,6,,3.75
TACC,TH,VALUE-DRIFT,"prose stale copies ×1 (px@analysis)",2,2,0,0,1,1,0,7,prose-stale,0
TAP,US,HUMAN,"TEXT LOST ×3: บริบท ไม่รวมในค่าเฉลี่ย underlying | D: scn.bear.tgt 24.7 → 24.68 | D: scn.bull.tgt 63.72 → 63.71 | D: s1: $1.92 → | D: s2: $45.08 → $45.07 | D: s3: $45.08 → $45.07 | D: s4: $45.08 $31.56 → $45.07 $31.55 | D: s4: $45.08 → $45.07 | D: s4: $45.08 → $45.07 | D: s4: ($31.56) → ($31.55) | D: s6: $24.70 −21% → $24.68 −22% | D: s6: $63.72 → $63.71 | D: s6: −21% → −22% | D: s6: $45.08 → $45.07 | D: s8: $45.08 → $45.07 | D: s8: $45.08 → $45.07 | D: s8: $31.56 → $31.55 | D: rd/sm fv: 45.08 → 45.07 | D: rd/sm values.scenarios[0].tgt: 24.7 → 24.68 | D: rd/sm values.scenarios[2].tgt: 63.72 → 63.71",3,2,3,14,4,0,3,10,,0.08
TASCO,TH,HUMAN,"price-bound custom card ""P/E บน EPS ปกติ"" | D: scn.bear.tgt 9.3 → 9.26 | D: scn.base.tgt 15.7 → 15.72 | D: scn.bull.tgt 20.25 → 20.23 | D: s1: ~23.0x → 14.0x | D: s2: ฿15.46 → ฿15.45 | D: s3: ฿14.60 ฿15.46 → ฿14.57 ฿15.45 | D: s3: ฿15.46 → ฿15.45 | D: s4: ฿15.46 → ฿15.45 | D: s4: ฿12.37 ฿15.46 ฿16.30 → ฿12.36 ฿15.45 ฿16.32 | D: s4: ฿15.46 → ฿15.45 | D: s4: ฿10.82–฿12.37 → ฿10.82–฿12.36 | D: s6: ฿9.30 −30% → ฿9.26 −31% | D: s6: ฿15.70 → ฿15.72 | D: s6: ฿20.25 → ฿20.23 | D: s8: ฿15.46 → ฿15.45 | D: s8: ฿15.46 (฿14.60–฿16.30) → ฿15.45 (฿14.57–฿16.32) | D: s8: ฿15.46 → ฿15.45 | D: s8: (฿12.37) → (฿12.36) | D: rd/sm fv: 15.46 → 15.45 | D: rd/sm values.fvLow: 14.6 → 14.57 | D: rd/sm values.fvHigh: 16.3 → 16.32 | D: rd/sm values.scenarios[0].tgt: 9.3 → 9.26 | D: rd/sm values.scenarios[1].tgt: 15.7 → 15.72 | D: rd/sm values.scenarios[2].tgt: 20.25 → 20.23",2,2,0,15,7,0,2,6,,0.43
TCAP,TH,VALUE-DRIFT,"scn.base.tgt 77.15 → 77.14 | scn.bull.tgt 104.94 → 104.93 | s1: ~฿87.9 พันลบ. → ฿8.79 หมื่นล้าน พันลบ · | s6: ฿77.15 → ฿77.14 | s6: ฿104.94 → ฿104.93 | rd/sm values.scenarios[1].tgt: 77.15 → 77.14 | rd/sm values.scenarios[2].tgt: 104.94 → 104.93",2,2,0,3,3,0,1,4,scn-tgt,0.01
TD,US,HUMAN,"custom cards 5 > 4 — dropped ""เพดานสินทรัพย์สหรัฐ"" | TEXT LOST ×35: US195 เพดานสินทรัพย์สหรัฐ US434 ยังบังคับใช้ OCC ยังไม่ปลด ตรวจ สค | D: scn.bear.tgt 50.5 → 50.54 | D: scn.base.tgt 82.9 → 82.91 | D: scn.bull.tgt 136 → 136.01 | D: prose stale copies ×3 (pe@analysis) | D: s3: $69.62 → $69.61 | D: s6: $50.50 → $50.54 | D: s6: $82.90 → $82.91 | D: s6: $136.00 → $136.01 | D: s8: $69.62 → $69.61 | D: s8: ($69.62–$112.30) → ($69.61–$112.30) | D: rd/sm values.fvLow: 69.62 → 69.61 | D: rd/sm values.scenarios[0].tgt: 50.5 → 50.54 | D: rd/sm values.scenarios[1].tgt: 82.9 → 82.91 | D: rd/sm values.scenarios[2].tgt: 136 → 136.01",2,2,35,6,6,3,5,9,,0.08
TDG,US,HUMAN,"TEXT LOST ×9: Special Div ไม่แน่นอน Special Div ไม่แน่นอน Special Div | D: scn.bear.tgt 1099 → 1099.16 | D: scn.base.tgt 1712 → 1712.08 | D: scn.bull.tgt 2506 → 2506.01 | D: s2: $1;312.00 → $1;311.81 | D: s3: $1;137 $1;312.00 → $1;137.12 $1;311.81 | D: s3: $1;487.00; → $1;486.50; | D: s3: $1;137.00) → $1;137.12) | D: s3: $1;312.00 → $1;311.81 | D: s4: $1;312.00 $918.40 $1;049.60 $1;312.00 $1;487.00 $1;515 → $1;311.81 $918.27 $1;049.45 $1;311.81 $1;486.50 $1;515.00 | D: s4: $1;312.00 → $1;311.81 | D: s4: $1;049.60 → $1;049.45 | D: s6: $1;099.00 → $1;099.16 | D: s6: $1;712.00 → $1;712.08 | D: s6: $2;506.00 → $2;506.01 | D: s6: $56.96 → $56.95 | D: s8: $1;312.00 → $1;311.81 | D: s8: $1;312.00 ($1;137.00–$1;487.00) → $1;311.81 ($1;137.12–$1;486.50) | D: s8: <$1;049.60 → <$1;049.45 | D: s8: $1;312.00 → $1;311.81 | D: rd/sm fv: 1312 → 1311.81 | D: rd/sm values.fvLow: 1137 → 1137.12 | D: rd/sm values.fvHigh: 1487 → 1486.5 | D: rd/sm values.scenarios[0].tgt: 1099 → 1099.16 | D: rd/sm values.scenarios[1].tgt: 1712 → 1712.08 | D: rd/sm values.scenarios[2].tgt: 2506 → 2506.01",2,2,9,16,8,0,2,8,,0.03
TDY,US,HUMAN,"TEXT LOST ×1: ปัจจุบัน | D: scn.base.tgt 825.34 → 825.35 | D: scn.bull.tgt 1068.83 → 1068.84 | D: prose:prose.strategy ""~20%"" → {{mos}} | D: prose stale copies ×3 (pe@analysis) | D: s1: ~32.9x → 29.6x | D: s2: $634.73 → $634.71 | D: s3: $609.55 → $609.51 | D: s3: $674.53 $634.73 → $674.51 $634.71 | D: s3: $634.73 → $634.71 | D: s4: $634.73 $444.31 $507.78 $634.73 $674.53 → $634.71 $444.30 $507.77 $634.71 $674.51 | D: s5: $634.73 → $634.71 | D: s6: $825.34 → $825.35 | D: s6: $1;068.83 → $1;068.84 | D: s8: ($634.73) → ($634.71) | D: s8: $634.73 ($609.55–$674.53) → $634.71 ($609.51–$674.51) | D: s8: ~20%) → +4%) | D: rd/sm fv: 634.73 → 634.71 | D: rd/sm values.fvLow: 609.55 → 609.51 | D: rd/sm values.fvHigh: 674.53 → 674.51 | D: rd/sm values.scenarios[1].tgt: 825.34 → 825.35 | D: rd/sm values.scenarios[2].tgt: 1068.83 → 1068.84 | D: rd/sm sm.pe: 32.88 → 29.609095",3,3,1,12,8,3,1,9,,9.95
TEAM,US,HUMAN,"era mismatch footer BE ≠ values.dateEra CE | D: scn.bear.tgt 87 → 86.28 | D: scn.base.tgt 217 → 216.3 | D: scn.bull.tgt 310 → 308.59 | D: prose:prose.strategy ""$223"" → {{fv}} | D: prose stale copies ×4 (px@analysis) | D: s2: $223.00 → $223.09 | D: s3: $151 $223.00 → $151.41 $223.09 | D: s4: $223.00 $156.10 $178.40 $198 $199 $223.00 → $223.09 $156.16 $178.47 $198.00 $223.09 $294.76 | D: s4: ($178.40) → ($178.47) | D: s5: $223.00 → $223.09 | D: s5: $178.40 → $178.47 | D: s6: $87.00 → $86.28 | D: s6: $217.00 +13% → $216.30 +12% | D: s6: $310.00 +61% → $308.59 +60% | D: s8: ($223.00) → ($223.09) | D: s8: $223.00 ($151.00–$295.00) → $223.09 ($151.41–$294.76) | D: footer: 2569 → 2026 | D: rd/sm fv: 223 → 223.09 | D: rd/sm values.fvLow: 151 → 151.41 | D: rd/sm values.fvHigh: 295 → 294.76 | D: rd/sm values.scenarios[0].tgt: 87 → 86.28 | D: rd/sm values.scenarios[1].tgt: 217 → 216.3 | D: rd/sm values.scenarios[2].tgt: 310 → 308.59",2,2,0,12,8,4,2,10,,0.83
TEAMG,TH,HUMAN,"scenarios.cases[0] .ret annotation ""(ราคา) / +13.9% (รวมปันผล)"" not carried — a per-year/number label would mislabel the v3 total return | scenarios.cases[1] .ret annotation ""(ราคา) / +56.1% (รวมปันผล)"" not carried — a per-year/number label would mislabel the v3 total return | scenarios.cases[2] .ret annotation ""(ราคา) / +123.5% (รวมปันผล)"" not carried — a per-year/number label would mislabel the v3 total return | TEXT LOST ×6: ราคา รวมปันผล ราคา รวมปันผล ราคา รวมปันผล | D: prose stale copies ×3 (pe@analysis;px@analysis) | D: s1: ~20.5x → · | D: s1: 1.65x → 1.66x | D: s6: -3.4% (ราคา) +13.9% (รวมปันผล) ฿0.284 → +13% ฿0.28 | D: s6: +37.1% (ราคา) +56.1% (รวมปันผล) ฿0.328 → +55% ฿0.33 | D: s6: +101.7% (ราคา) +123.5% (รวมปันผล) ฿0.395 → +122% ฿0.40",3,3,6,5,1,3,0,5,,0
TEL,US,VALUE-DRIFT,"scn.bear.tgt 180 → 180.32 | scn.base.tgt 267 → 266.91 | scn.bull.tgt 339 → 339.27 | s2: $229.00 → $228.27 | s3: $239 $229.00 → $239.00 $228.27 | s4: $229.00 $160.30 $183.20 $229.00 → $228.27 $159.79 $182.62 $228.27 $239.00 | s4: $252.56 → | s4: +7% → +6% | s5: +7% → +6% | s5: $229.00 → $228.27 | s5: +7% → +6% | s5: $160.30–$183.20 → $159.79–$182.62 | s6: $180.00 → $180.32 | s6: $267.00 → $266.91 | s6: $339.00 → $339.27 | s8: +7% → +6% | s8: $229.00 ($218.00–$239.00) → $228.27 ($217.55–$239.00) | s8: +7% → +6% | s8: $183.20 → $182.62 | s8: $160.30) → $159.79) | rd/sm fv: 229 → 228.27 | rd/sm values.fvLow: 218 → 217.55 | rd/sm values.scenarios[0].tgt: 180 → 180.32 | rd/sm values.scenarios[1].tgt: 267 → 266.91 | rd/sm values.scenarios[2].tgt: 339 → 339.27 | rd/sm sm.mos: 6.7 → 6.4 | rd/sm sm.upside: 7.2 → 6.8",2,2,0,17,8,0,1,8,multi-rounding,0.4
TER,US,HUMAN,"era mismatch footer BE ≠ values.dateEra CE | D: scn.bear.tgt 179 → 179.25 | D: scn.base.tgt 447 → 446.98 | D: scn.bull.tgt 611 → 610.72 | D: prose stale copies ×2 (px@analysis) | D: s2: $289.00 → $289.11 | D: s3: $321 $289.00 → $320.88 $289.11 | D: s4: $289.00 $202.30 $231.20 $289.00 → $289.11 $202.38 $231.29 $289.11 $320.88 | D: s4: $490 → | D: s4: $289.00 → $289.11 | D: s5: $289.00 → $289.11 | D: s6: $179.00 → $179.25 | D: s6: $447.00 → $446.98 | D: s6: $611.00 → $610.72 | D: s7: $289.00 → $289.11 | D: s8: $289.00 → $289.11 | D: s8: $289.00 ($257.00–$321.00) → $289.11 ($257.34–$320.88) | D: footer: 2569 → 2026 | D: rd/sm fv: 289 → 289.11 | D: rd/sm values.fvLow: 257 → 257.34 | D: rd/sm values.fvHigh: 321 → 320.88 | D: rd/sm values.scenarios[0].tgt: 179 → 179.25 | D: rd/sm values.scenarios[1].tgt: 447 → 446.98 | D: rd/sm values.scenarios[2].tgt: 611 → 610.72",2,2,0,13,8,2,3,10,,0.14
TFC,US,HUMAN,"custom cards 7 > 4 — dropped ""ROA""; ""Total Assets""; ""Stress Test"" | TEXT LOST ×21: ROA FY25 ปรับดีขึ้นจาก FY24 Total Assets อันดับ สหรัฐ | D: scn.bear.tgt 46.2 → 46.16 | D: scn.bull.tgt 89.4 → 89.31 | D: prose:prose.strategy ""$43.5"" → {{mos20}} | D: s1: 0.9x 1.4x → 0.94x | D: s1: -4bp → 4bp | D: s2: $54.40 → $54.36 | D: s3: $56.8 $54.40 → $56.80 $54.36 | D: s3: $54.40 → $54.36 | D: s4: $54.40 $38.08 $43.52 $54.40 $54.9 $58.00 → $54.36 $38.05 $43.49 $54.36 $54.90 $58.20 | D: s4: $54.40 → $54.36 | D: s4: ($43.52) → ($43.49) | D: s4: ($54.40) → ($54.36) | D: s6: $46.20 → $46.16 | D: s6: $89.40 → $89.31 | D: s8: $54.40 → $54.36 | D: s8: $54.40 ($48.00–$58.00) → $54.36 ($48.07–$58.20) | D: s8: $54.40 → $54.36 | D: s8: $43.52 → $43.49 | D: rd/sm fv: 54.4 → 54.36 | D: rd/sm values.fvLow: 48 → 48.07 | D: rd/sm values.fvHigh: 58 → 58.2 | D: rd/sm values.scenarios[0].tgt: 46.2 → 46.16 | D: rd/sm values.scenarios[2].tgt: 89.4 → 89.31",3,3,21,15,7,0,7,12,,0.34
TFG,TH,HUMAN,"price-bound custom card ""P/E บน EPS Normalized"" | D: scn.base.tgt 4.16 → 4.13 | D: scn.bull.tgt 6.12 → 6.15 | D: s1: ~9.4x → 18.9x | D: s2: ฿4.10 → ฿4.09 | D: s3: ฿4.10 → ฿4.09 | D: s3: ฿4.10 → ฿4.09 | D: s4: ฿4.10 ฿2.87 ฿3.28 ฿4.10 → ฿4.09 ฿2.86 ฿3.27 ฿4.09 | D: s5: −140% → −141% | D: s6: ฿4.16 → ฿4.13 | D: s6: ฿6.12 −26% → ฿6.15 −25% | D: s8: ฿4.10 → ฿4.09 | D: s8: (−140%) → (−141%) | D: s8: ฿4.10 → ฿4.09 | D: s8: −140% → −141% | D: s8: (฿2.87–฿3.28) → (฿2.86–฿3.27) | D: rd/sm fv: 4.1 → 4.09 | D: rd/sm values.scenarios[1].tgt: 4.16 → 4.13 | D: rd/sm values.scenarios[2].tgt: 6.12 → 6.15 | D: rd/sm sm.mos: -140.2 → -140.8",3,3,0,13,6,0,3,10,,0.72
TFM,TH,VALUE-DRIFT,"scn.bear.tgt 2.6 → 2.58 | scn.base.tgt 4.55 → 4.63 | scn.bull.tgt 8.9 → 8.82 | s6: ฿2.60 −41% → ฿2.58 −42% | s6: ฿4.55 −2% ฿0.57 → ฿4.63 −1.1% ฿0.58 | s6: ฿8.90 +73% ฿0.89 → ฿8.82 +72% ฿0.88 | rd/sm values.scenarios[0].tgt: 2.6 → 2.58 | rd/sm values.scenarios[1].tgt: 4.55 → 4.63 | rd/sm values.scenarios[2].tgt: 8.9 → 8.82",2,2,0,3,4,0,1,7,mixed,1.76
TFMAMA,TH,HUMAN,"scenarios.cases[0] .ret annotation ""รวม / −3.8%/ปี"" not carried — a per-year/number label would mislabel the v3 total return | scenarios.cases[1] .ret annotation ""รวม / +6.4%/ปี"" not carried — a per-year/number label would mislabel the v3 total return | scenarios.cases[2] .ret annotation ""รวม / +14.4%/ปี"" not carried — a per-year/number label would mislabel the v3 total return | TEXT LOST ×8: จุดต้นและปลายช่วง บริบท ห่างจากขายึดตลาด ไม่รวมในกรอบ FV รวม รวม รวม | D: s2: ฿170.40) → ฿170.37) | D: s3: ฿148.9 ฿170.40 → ฿148.94 ฿170.37 | D: s3: ฿170.40 → ฿170.37 | D: s4: ฿170.40 ฿119.28 ฿136.32 ฿170.40 ฿184.50 → ฿170.37 ฿119.26 ฿136.30 ฿170.37 | D: s4: ฿170.40 → ฿170.37 | D: s4: (฿136.32) → (฿136.30) | D: s4: (฿119.28) → (฿119.26) | D: s7: ฿170.40 → ฿170.37 | D: s8: ฿170.40 → ฿170.37 | D: s8: ฿136.32 → ฿136.30 | D: s8: ฿170.40 (฿148.90–฿191.80) → ฿170.37 (฿148.94–฿191.80) | D: s8: ฿170.40 → ฿170.37 | D: s8: ฿136.32 → ฿136.30 | D: s2: ฿170.40 จุดต้นและปลายช่วง → ฿170.37 | D: s6: ฿164.4 −10.9% รวม −3.8% ปี → ฿164.40 −11% | D: s6: ฿222.0 +20.3% รวม +6.4% ปี → ฿222.03 +20% | D: s6: ฿276.1 +49.6% รวม +14.4% ปี → ฿276.13 +50% | D: rd/sm fv: 170.4 → 170.37 | D: rd/sm values.fvLow: 148.9 → 148.94",3,2,8,17,3,0,0,7,,0.03
TFX,US,VALUE-DRIFT,"scn.bear.tgt 115.6 → 115.56 | scn.base.tgt 168.7 → 168.74 | scn.bull.tgt 223.8 → 223.79 | prose stale copies ×4 (px@analysis;pe@analysis) | s2: $123.00 → $122.89 | s2: $123.00 → $122.89 | s3: $117 $123.00 → $117.21 $122.89 | s4: $123.00 $86.10 $98.40 $123.00 $129.00 $154 → $122.89 $86.02 $98.31 $122.89 $128.56 $154.00 | s4: $123.00 → $122.89 | s4: $98.40 → $98.31 | s4: $86.10 → $86.02 | s6: $115.60 −0.3% → $115.56 −0.4% | s6: $168.70 → $168.74 | s6: $223.80 → $223.79 | s8: $123.00 → $122.89 | s8: $98.40 $123.00 ($117.00–$129.00) → $98.31 $122.89 ($117.21–$128.56) | s8: ($98.40) → ($98.31) | rd/sm fv: 123 → 122.89 | rd/sm values.fvLow: 117 → 117.21 | rd/sm values.fvHigh: 129 → 128.56 | rd/sm values.scenarios[0].tgt: 115.6 → 115.56 | rd/sm values.scenarios[1].tgt: 168.7 → 168.74 | rd/sm values.scenarios[2].tgt: 223.8 → 223.79 | rd/sm sm.pe: 17.4 → 17.034043",2,2,0,13,9,4,3,8,mixed,2.1
TGH,TH,HUMAN,"TEXT LOST ×5: เหตุการณ์สำคัญในอดีต ฐานที่ใช้ประเมินมูลค่าในรายงานนี้ ไม่มี coverage สถาบัน | D: prose stale copies ×2 (px@analysis) | D: s1: 0.71x → 0.70x | D: s6: ฿2.00 10x → ฿1.99 10.0x",2,2,5,2,2,2,0,5,,0
TGT,US,VALUE-DRIFT,"scn.bear.tgt 90 → 90.08 | scn.base.tgt 143 → 143.22 | scn.bull.tgt 201 → 200.76 | s2: $138.00 → $137.69 | s3: $138.00 → $137.69 | s4: $138.00 $96.60 $110.40 $138.00 $157.00 → $137.69 $96.38 $110.15 $137.69 $157.13 | s4: $138.00 → $137.69 | s4: $110.40 → $110.15 | s4: $96.60 → $96.38 | s6: $90.00 → $90.08 | s6: $143.00 → $143.22 | s6: $201.00 → $200.76 | s8: ($110.40) → ($110.15) | s8: $138.00 → $137.69 | s8: $110.40 → $110.15 | s8: $138.00 ($118.00–$157.00) → $137.69 ($118.25–$157.13) | s8: $110.40 → $110.15 | rd/sm fv: 138 → 137.69 | rd/sm values.fvLow: 118 → 118.25 | rd/sm values.fvHigh: 157 → 157.13 | rd/sm values.scenarios[0].tgt: 90 → 90.08 | rd/sm values.scenarios[1].tgt: 143 → 143.22 | rd/sm values.scenarios[2].tgt: 201 → 200.76 | rd/sm sm.mos: -13.2 → -13.4 | rd/sm sm.upside: -11.6 → -11.8",2,2,0,14,10,0,0,6,multi-rounding,0.22
THAI,TH,VALUE-DRIFT,"header: ฿5.25 – ฿14.20 → · | s1: 1.92x → 1.98x | s1: ฿188;885 ล้าน -0.9% → ฿1.89 แสนล้าน 0.9%",2,2,0,3,2,0,2,9,mixed,0
THANI,TH,HUMAN,"scenarios.cases[0] .ret annotation ""/ปี"" not carried — a per-year/number label would mislabel the v3 total return | scenarios.cases[1] .ret annotation ""/ปี"" not carried — a per-year/number label would mislabel the v3 total return | scenarios.cases[2] .ret annotation ""/ปี"" not carried — a per-year/number label would mislabel the v3 total return | D: s6: -0.2% ปี → −0.5% | D: s6: +15.4% ปี → +54% | D: s6: +25.8% ปี → +99%",2,2,0,3,2,0,1,7,,0
THCOM,TH,HUMAN,"TEXT LOST ×2: มัธยฐานย้อนหลัง มัธยฐาน | D: s1: 1.22x → 1.08x",2,2,2,1,1,0,1,6,,0
THG,TH,HUMAN,"scenarios.cases[0] .ret annotation ""(3 ปี) / −27.1%/ปี"" not carried — a per-year/number label would mislabel the v3 total return | scenarios.cases[1] .ret annotation ""(3 ปี) / −2.6%/ปี"" not carried — a per-year/number label would mislabel the v3 total return | scenarios.cases[2] .ret annotation ""(3 ปี) / +16.9%/ปี"" not carried — a per-year/number label would mislabel the v3 total return | D: scn.bear.tgt ฿2.40 → 2.38 | D: scn.base.tgt ฿6.00 → 6.02 | D: scn.bull.tgt ฿10.50 → 10.54 | D: prose stale copies ×2 (px@analysis;upside@analysis) | D: s2: ฿5.50 → ฿5.51 | D: s3: ฿5.50 → ฿5.51 | D: s4: ฿5.50 ฿3.85 ฿4.40 ฿5.50 → ฿5.51 ฿3.86 ฿4.41 ฿5.51 | D: s4: ฿5.50 → ฿5.51 | D: s4: (฿4.40) → (฿4.41) | D: s4: (฿3.85) → (฿3.86) | D: s6: ฿2.40 −61.2% (3 ปี) −27.1% ปี → ฿2.38 −61% | D: s6: ฿6.00 −7.6% (3 ปี) −2.6% ปี → ฿6.02 −7% | D: s6: ฿10.50 +59.7% (3 ปี) +16.9% ปี → ฿10.54 +60% | D: s8: ฿5.50 → ฿5.51 | D: s8: ฿4.40 → ฿4.41 | D: s8: ฿5.50 → ฿5.51 | D: s8: ฿5.50 → ฿5.51 | D: s8: ฿4.40 → ฿4.41 | D: rd/sm fv: 5.5 → 5.51 | D: rd/sm sm.mos: -26.4 → -26.1 | D: rd/sm sm.upside: -20.9 → -20.7",2,2,0,14,5,2,2,11,,0.3
THREL,TH,HUMAN,"failed before compare — compute: scenarios.cases[0].growth: ต้องมี (ตัวเลข) | scenarios.driver ""ขาดทุนต่อเนื่อง"" not in [""eps"";""ffo"";""revenuePerShare"";""bvps"";""fcfPerShare"";""de"";""fre""] | scenarios.cases[0].growth unreadable (""ขาดทุนต่อเนื่อง"") | schema scenarios.cases[0].growth: ต้องมี (ตัวเลข) | custom cards 5 > 4 — dropped ""ทุนชำระแล้ว"" | D: FV 1.19 → 1.25 (family weights)",2,2,0,0,0,0,5,8,,5.04
TIDLOR,TH,VALUE-DRIFT,"scn.bull.tgt 32.89 → 32.88 | prose stale copies ×3 (pe@analysis) | s1: ~9.3x → 8.9x | s1: ~31% → 35.8% | s2: ฿18.25 → ฿18.28 | s3: ฿23.20 ฿18.25 → ฿23.27 ฿18.28 | s4: ฿18.25 ฿12.77 ฿14.60 ฿18.25 ฿20.00 → ฿18.28 ฿12.80 ฿14.62 ฿18.28 ฿23.27 | s4: ฿18.25 → ฿18.28 | s4: (฿14.60) → (฿14.62) | s6: ฿32.89 → ฿32.88 | s8: ฿18.25 → ฿18.28 | s8: ฿18.25 (฿16.50–฿20.00) → ฿18.28 (฿13.30–฿23.27) | s8: (฿14.60) → (฿14.62) | rd/sm fv: 18.25 → 18.28 | rd/sm values.fvLow: 16.5 → 13.3 | rd/sm values.fvHigh: 20 → 23.27 | rd/sm values.scenarios[2].tgt: 32.89 → 32.88 | rd/sm sm.pe: 9.3 → 8.911917 | rd/sm sm.upside: 6.1 → 6.3",2,2,0,11,7,3,2,5,mixed,19.39
TIPH,TH,HUMAN,"scenarios.cases[0] .ret annotation ""total / −6.8%/ปี"" not carried — a per-year/number label would mislabel the v3 total return | scenarios.cases[1] .ret annotation ""total / +2.4%/ปี"" not carried — a per-year/number label would mislabel the v3 total return | scenarios.cases[2] .ret annotation ""total / +16.2%/ปี"" not carried — a per-year/number label would mislabel the v3 total return | TEXT LOST ×4: total total total สม่ำเสมอ | D: s4: ฿23.44 → | D: s6: −19.0% total −6.8% ปี → −19% | D: s6: +7.4% total +2.4% ปี → +7% | D: s6: +56.9% total +16.2% ปี → +57%",2,2,4,4,2,0,1,6,,0
TISCO,TH,VALUE-DRIFT,"scn.bear.tgt 87.3 → 87.38 | scn.base.tgt 123.4 → 123.42 | scn.bull.tgt 154.1 → 154.16 | s1: ~1.02 แสนลบ. → ฿1.02 แสนล้าน แสนลบ · | s1: ~14.8x → 15.1x | s1: ~2.22x → 2.26x | s2: ฿108.00 → ฿108.39 | s2: (~฿108.00) → (~฿108.39) | s3: ฿110 ฿108.00 → ฿109.72 ฿108.39 | s3: ฿108.00 → ฿108.39 | s4: ฿108.00 ฿75.60 ฿86.40 ฿107 ฿108.00 ฿113.00 → ฿108.39 ฿75.87 ฿86.71 ฿107.00 ฿108.39 ฿113.48 | s4: (฿108.00) → (฿108.39) | s4: ฿108.00 → ฿108.39 | s6: ฿87.30 → ฿87.38 | s6: ฿123.40 → ฿123.42 | s6: ฿154.10 +40% → ฿154.16 +41% | s7: (~฿108.00) → (~฿108.39) | s8: (~฿108.00) → (~฿108.39) | s8: ฿108.00 (฿101.00–฿113.00) → ฿108.39 (฿100.64–฿113.48) | s8: ฿108.00 → ฿108.39 | rd/sm fv: 108 → 108.39 | rd/sm values.fvLow: 101 → 100.64 | rd/sm values.fvHigh: 113 → 113.48 | rd/sm values.scenarios[0].tgt: 87.3 → 87.38 | rd/sm values.scenarios[1].tgt: 123.4 → 123.42 | rd/sm values.scenarios[2].tgt: 154.1 → 154.16 | rd/sm sm.pe: 14.8 → 15.106635 | rd/sm sm.mos: -18.1 → -17.6 | rd/sm sm.upside: -15.3 → -15",3,3,0,17,11,0,4,10,mixed,2.07
TJX,US,HUMAN,"TEXT LOST ×6: Off Price Retail Consumer Discretionary NYSE | D: scn.bear.tgt 125 → 125.02 | D: scn.base.tgt 163.2 → 163.26 | D: s2: $131.00 → $131.38 | D: s2: $131.00 → $131.38 | D: s3: $131.00 → $131.38 | D: s3: $131.00 → $131.38 | D: s3: $131.00 → $131.38 | D: s4: $131.00 $91.70 $104.80 $131.00 $138.20 → $131.38 $91.97 $105.10 $131.38 $138.24 | D: s4: $131.00 → $131.38 | D: s4: $104.80 → $105.10 | D: s4: $91.70 → $91.97 | D: s5: −0.5% → −0.2% | D: s6: $125.00 → $125.02 | D: s6: $163.20 → $163.26 | D: s8: $131.00 → $131.38 | D: s8: $131.00 ($124.50–$138.20) → $131.38 ($124.52–$138.24) | D: s8: −0.5% → −0.2% | D: s8: $131.00 → $131.38 | D: s8: $104.80 → $105.10 | D: s8: $91.70 → $91.97 | D: rd/sm fv: 131 → 131.38 | D: rd/sm values.fvLow: 124.5 → 124.52 | D: rd/sm values.fvHigh: 138.2 → 138.24 | D: rd/sm values.scenarios[0].tgt: 125 → 125.02 | D: rd/sm values.scenarios[1].tgt: 163.2 → 163.26 | D: rd/sm sm.mos: -0.5 → -0.2 | D: rd/sm sm.upside: -0.5 → -0.2",2,2,6,18,9,0,0,8,,0.3
TK,TH,HUMAN,"scenarios.cases[0] .ret annotation ""ต่อปี"" not carried — a per-year/number label would mislabel the v3 total return | scenarios.cases[1] .ret annotation ""ต่อปี"" not carried — a per-year/number label would mislabel the v3 total return | scenarios.cases[2] .ret annotation ""ต่อปี"" not carried — a per-year/number label would mislabel the v3 total return | TEXT LOST ×3: ต่อปี ต่อปี ต่อปี | D: s4: ฿4.60 → ฿3.24 | D: s8: (฿2.20–฿4.60) → (฿2.59–฿3.24) | D: s6: −17.9% ต่อปี ฿10.03 → −45% ฿10.04 | D: s6: −6.9% ต่อปี → −19% | D: s6: +7.9% ต่อปี ฿11.65 → +26% ฿11.66 | D: rd/sm values.fvLow: 2.2 → 2.59 | D: rd/sm values.fvHigh: 4.6 → 3.24",2,2,3,5,4,0,0,8,,29.57
TKC,TH,HUMAN,"fy periods conflict across FY cards | scenarios.cases[0] .ret annotation ""รวม 3 ปี (~−6.8%/ปี)"" not carried — a per-year/number label would mislabel the v3 total return | scenarios.cases[1] .ret annotation ""รวม 3 ปี (~+10.8%/ปี)"" not carried — a per-year/number label would mislabel the v3 total return | scenarios.cases[2] .ret annotation ""รวม 3 ปี (~+25.8%/ปี)"" not carried — a per-year/number label would mislabel the v3 total return | TEXT LOST ×3: รวม รวม รวม | D: scn.bear.tgt ฿7.05 → 6.56 | D: scn.base.tgt ฿11.82 → 11.16 | D: scn.bull.tgt ฿17.32 → 16.5 | D: s2: ฿13.80 → ฿13.81 | D: s3: ฿13.80 → ฿13.81 | D: s3: ฿13.80 → ฿13.81 | D: s4: ฿13.80 ฿9.66 ฿11.04 ฿13.80 ฿16.30 → ฿13.81 ฿9.67 ฿11.05 ฿13.81 ฿16.31 | D: s4: ฿13.80 → ฿13.81 | D: s4: ฿11.04 → ฿11.05 | D: s4: ฿9.66 → ฿9.67 | D: s8: ฿13.80 → ฿13.81 | D: s8: ฿13.80 (฿11.30–฿16.30) → ฿13.81 (฿11.31–฿16.31) | D: s8: ฿7.20–฿11.40 → | D: s8: ฿11.04 → ฿11.05 | D: s8: ฿9.66 → ฿9.67 | D: s6: ฿7.05 −19.0% รวม 3 ปี (~−6.8% ปี) ฿0.43 → ฿6.56 −18% ฿0.44 | D: s6: ฿11.82 +35.9% รวม 3 ปี (~+10.8% ปี) → ฿11.16 +36% | D: s6: ฿17.32 +99.1% รวม 3 ปี (~+25.8% ปี) → ฿16.50 +98% | D: rd/sm fv: 13.8 → 13.81 | D: rd/sm values.fvLow: 11.3 → 11.31 | D: rd/sm values.fvHigh: 16.3 → 16.31",2,2,3,15,4,0,0,6,,0.09
TKN,TH,HUMAN,"scenarios.cases[0] .ret annotation ""(~−8%/ปี รวมปันผล)"" not carried — a per-year/number label would mislabel the v3 total return | scenarios.cases[1] .ret annotation ""(+25%/ปี รวมปันผล)"" not carried — a per-year/number label would mislabel the v3 total return | scenarios.cases[2] .ret annotation ""(+45%/ปี รวมปันผล)"" not carried — a per-year/number label would mislabel the v3 total return | TEXT LOST ×3: รวมปันผล รวมปันผล รวมปันผล | D: scn.bear.tgt ฿2.88 → 2.89 | D: scn.base.tgt ฿8.00 → 8.03 | D: scn.bull.tgt ฿12.80 → 12.89 | D: prose stale copies ×1 (pe@analysis) | D: s1: ~12.55x → 13.5x | D: s1: ฿3.66 → | D: s2: ฿5.98 → ฿5.97 | D: s2: ฿5.98 → ฿5.97 | D: s3: ฿5.98 → ฿5.97 | D: s3: ฿5.98 → ฿5.97 | D: s4: ฿5.98 ฿4.19 → ฿5.97 ฿4.18 | D: s4: ฿5.98 → ฿5.97 | D: s4: ฿5.98 → ฿5.97 | D: s4: ฿4.19 → ฿4.18 | D: s6: ฿2.88 → ฿2.89 | D: s8: ฿5.98 → ฿5.97 | D: s8: ฿5.98 → ฿5.97 | D: s8: ฿4.19 → ฿4.18 | D: s6: ฿8.00 +96% (+25% ปี รวมปันผล) → ฿8.03 +97% | D: s6: ฿12.80 +207% (+45% ปี รวมปันผล) → ฿12.89 +209% | D: rd/sm fv: 5.98 → 5.97 | D: rd/sm sm.pe: 12.55 → 13.515152 | D: rd/sm sm.upside: 34.1 → 33.9",3,3,3,16,4,1,0,4,,7.69
TKS,TH,HUMAN,"leg 1 declared sotp has no extras table (E52) | TEXT LOST ×1: ทรงตัว | D: scn.bear.tgt 4.5 → 4.47 | D: scn.base.tgt 9.9 → 9.88 | D: scn.bull.tgt 14.4 → 14.41 | D: s1: ~9.5x → · | D: s6: ฿4.50 → ฿4.47 | D: s6: ฿9.90 → ฿9.88 | D: s6: ฿14.40 → ฿14.41 | D: rd/sm values.scenarios[0].tgt: 4.5 → 4.47 | D: rd/sm values.scenarios[1].tgt: 9.9 → 9.88 | D: rd/sm values.scenarios[2].tgt: 14.4 → 14.41",2,2,1,4,4,0,0,2,,0.67
TLI,TH,HUMAN,"TEXT LOST ×6: ปันผลรับ แยก ปันผลรับ แยก ปันผลรับ แยก | D: scn.bear.tgt ฿8.99 → 9 | D: s6: ฿8.99 −21.8% → ฿9.00 −22% | D: s6: 8x ปันผลรับ 3 ปี (แยก) ฿1.87 → 8.0x | D: s6: 12x ปันผลรับ 3 ปี (แยก) ฿2.10 → 12.0x",3,3,6,3,2,0,2,11,,0
TLN,US,HUMAN,"TEXT LOST ×8: กลาง มัธยฐานกลุ่ม IPP ปัจจุบัน Vistra Constellation มัธยฐาน NRG | D: scn.bear.tgt 203.49 → 203.55 | D: scn.bull.tgt 656.76 → 656.87 | D: s1: -$4.03 → ~$-4.03 | D: s6: $203.49 → $203.55 | D: s6: $23.94 → $23.95 | D: s6: $656.76 → $656.87 | D: s6: $50.52 13x → $50.53 13.0x | D: rd/sm values.scenarios[0].tgt: 203.49 → 203.55 | D: rd/sm values.scenarios[2].tgt: 656.76 → 656.87",2,2,8,5,4,0,4,11,,0.03
TMAN,TH,HUMAN,"TEXT LOST ×1: ตค | D: prose stale copies ×2 (pe@analysis) | D: s1: ~8.2x → 8.3x | D: s3: ฿16.18 → ฿16.19 | D: s3: ฿16.18 → ฿16.19 | D: s4: ฿16.18 → ฿16.19 | D: s8: ฿13.97–฿16.18) → ฿13.97–฿16.19) | D: s8: (฿13.97–฿16.18) → (฿13.97–฿16.19) | D: s1: ต.ค. 2567 → ต ค · | D: rd/sm values.fvHigh: 16.18 → 16.19",2,2,1,7,2,2,1,4,,0.06
TMO,US,HUMAN,"TEXT LOST ×1: TMO | D: scn.bear.tgt 473.2 → 473.19 | D: scn.base.tgt 655.4 → 655.35 | D: scn.bull.tgt 800.4 → 800.43 | D: s2: $588.00 → $588.21 | D: s3: $588.00 → $588.21 | D: s3: $588.00 → $588.21 | D: s4: $588.00 $411.60 $470.40 $588.00 $591.00 $645 → $588.21 $411.75 $470.57 $588.21 $591.15 $645.00 | D: s4: $588.00 → $588.21 | D: s4: $470.40 → $470.57 | D: s4: $411.60 → $411.75 | D: s5: $588.00 → $588.21 | D: s6: $473.20 → $473.19 | D: s6: $655.40 → $655.35 | D: s6: $800.40 → $800.43 | D: s8: $588.00 → $588.21 | D: s8: $588.00 ($585.00–$591.00) → $588.21 ($585.27–$591.15) | D: s8: $588.00 → $588.21 | D: s8: $470.40 → $470.57 | D: rd/sm fv: 588 → 588.21 | D: rd/sm values.fvLow: 585 → 585.27 | D: rd/sm values.fvHigh: 591 → 591.15 | D: rd/sm values.scenarios[0].tgt: 473.2 → 473.19 | D: rd/sm values.scenarios[1].tgt: 655.4 → 655.35 | D: rd/sm values.scenarios[2].tgt: 800.4 → 800.43",2,2,1,15,7,0,0,4,,0.05
TMUS,US,HUMAN,"custom cards 7 > 4 — dropped ""รายได้รวม (Q1 2569)""; ""Core Adj. EBITDA (Q1)""; ""FCF/หุ้น (FY26 guide)"" | TEXT LOST ×18: รายได้รวม YoY Core Adj EBITDA YoY margin ของ | D: prose:prose.strategy ""$164"" → {{px}} | D: prose stale copies ×1 (px@analysis) | D: s2: $205.00 → $205.40 | D: s3: $205.00 → $205.40 | D: s3: $$205.00 → $$205.40 | D: s4: $205.00 $143.50 $164.00 $205.00 $227.00 $255 → $205.40 $143.78 $164.32 $205.40 $227.16 $255.00 | D: s4: ($$205.00) → ($$205.40) | D: s8: ~$$205.00 → ~$$205.40 | D: s8: $205.00 ($188.00–$227.00) → $205.40 ($188.20–$227.16) | D: s8: ทยอยสะสมในช่วงราคาปัจจุบัน–$164 → ทยอยสะสมในช่วงราคาปัจจุบัน–$165.35 | D: s1: รายได้รวม (Q1 2569) $23.11B +10.6% YoY Core Adj. EBITDA (Q1) $9.2B +12% YoY · margin 49.1% ของ service rev FCF หุ้น (FY26 guide) ~$17.0 Adj. FCF guide $18.1–18.7B ~2.47% → 2.47% | D: rd/sm fv: 205 → 205.4 | D: rd/sm values.fvLow: 188 → 188.2 | D: rd/sm values.fvHigh: 227 → 227.16 | D: rd/sm sm.mos: 19.3 → 19.5 | D: rd/sm sm.upside: 24 → 24.2",3,3,18,9,7,1,7,12,,0.2
TNH,TH,VALUE-DRIFT,"prose:prose.strategy ""~20%"" → {{mos}} | s8: ~20%) → +3%)",2,2,0,1,2,0,0,5,mixed,0
TNP,TH,VALUE-DRIFT,"prose stale copies ×3 (px@analysis;pe@analysis) | s3: ฿4.30 → ฿4.29 | s4: ฿4.30 → ฿4.29 | s8: (฿2.57–฿4.30) → (฿2.57–฿4.29) | rd/sm values.fvHigh: 4.3 → 4.29",3,3,0,3,1,3,1,3,mixed,0.23
TOA,TH,VALUE-DRIFT,"scn.bear.tgt 15.5 → 15.47 | scn.base.tgt 23.75 → 23.81 | scn.bull.tgt 31.8 → 31.86 | prose:prose.strategy ""฿14.35"" → {{px}} | s1: ~9.2x → 9.4x | s2: ฿20.50 → ฿20.56 | s2: ฿20.50 → ฿20.56 | s3: ฿20.98 ฿20.50 → ฿20.93 ฿20.56 | s4: ฿20.50 ฿14.35 → ฿20.56 ฿14.39 | s4: ฿16.40 ฿20.50 → ฿16.45 ฿20.56 | s4: ฿20.50 → ฿20.56 | s5: +25% → +26% | s6: ฿15.50 → ฿15.47 | s6: ฿23.75 → ฿23.81 | s6: ฿31.80 → ฿31.86 | s6: ฿2.27 → ฿2.28 | s8: ฿20.50 → ฿20.56 | s8: +25% → +26% | s8: ฿20.50 → ฿20.56 | s8: +25% → +26% | s8: (฿14.35) → (฿15.30) | rd/sm fv: 20.5 → 20.56 | rd/sm values.scenarios[0].tgt: 15.5 → 15.47 | rd/sm values.scenarios[1].tgt: 23.75 → 23.81 | rd/sm values.scenarios[2].tgt: 31.8 → 31.86 | rd/sm sm.pe: 9.2 → 9.444444 | rd/sm sm.mos: 25.4 → 25.6 | rd/sm sm.upside: 34 → 34.4",3,3,0,17,9,0,0,7,mixed,2.66
TOG,TH,VALUE-DRIFT,"scn.bull.tgt 8.46 → 8.47 | s1: ~12.5x → 12.4x | s6: ฿8.46 → ฿8.47 | rd/sm values.scenarios[2].tgt: 8.46 → 8.47",2,2,0,2,2,0,1,5,scn-tgt,0.12
TOP,TH,HUMAN,"TEXT LOST ×1: midcycle | D: FV 56 → 56.36 (family weights) | D: prose stale copies ×3 (px@analysis;pe@analysis) | D: s1: ~4.8x → 8.6x | D: s1: 0.63x → 0.66x | D: s2: ฿56.00 → ฿56.36 | D: s3: ฿56.00 → ฿56.36 | D: s4: ฿56.00 ฿39.20 ฿44.80 ฿56.00 ฿65.00 → ฿56.36 ฿39.45 ฿45.09 ฿56.36 ฿65.40 | D: s4: ฿56.00 → ฿56.36 | D: s4: (−28%) → (−27%) | D: s4: ฿44.80 → ฿45.09 | D: s4: ฿39.20 → ฿39.45 | D: s5: −28% → −27% | D: s8: −28% → −27% | D: s8: ฿56.00 → ฿56.36 | D: s8: ฿56.00 (฿47.00–฿65.00) → ฿56.36 (฿47.31–฿65.40) | D: s8: −28% → −27% | D: s8: ฿44.80 → ฿45.09 | D: s8: (฿39.20–฿44.80) → (฿39.45–฿45.09) | D: rd/sm fv: 56 → 56.36 | D: rd/sm values.fvLow: 47 → 47.31 | D: rd/sm values.fvHigh: 65 → 65.4 | D: rd/sm sm.pe: 4.8 → 8.644578 | D: rd/sm sm.mos: -28.1 → -27.3 | D: rd/sm sm.upside: -22 → -21.4 | D: rd/sm sm.fairValue: 56 → 56.36",2,2,1,16,8,3,2,9,,80.1
TOST,US,VALUE-DRIFT,"scn.bear.tgt 16.4 → 16.44 | scn.base.tgt 30.5 → 30.47 | scn.bull.tgt 46.1 → 46.06 | s6: $16.40 −46% → $16.44 −45% | s6: $30.50 +1.3% → $30.47 +1.2% | s6: $46.10 → $46.06 | rd/sm values.scenarios[0].tgt: 16.4 → 16.44 | rd/sm values.scenarios[1].tgt: 30.5 → 30.47 | rd/sm values.scenarios[2].tgt: 46.1 → 46.06",2,2,0,3,5,0,3,10,scn-tgt,0.24
TPBI,TH,HUMAN,"TEXT LOST ×9: TPBI ไทยพลาสติกและเคมีภัณฑ์ พลาสติก บรรจุภัณฑ์ SET จุดสูงสุดรอบปี แยก แยก | D: s4: ฿4.10 → ฿4.05 | D: s8: (฿3.90–฿4.10) → (฿3.95–฿4.05) | D: rd/sm values.fvLow: 3.9 → 3.95 | D: rd/sm values.fvHigh: 4.1 → 4.05",2,2,9,2,4,0,1,8,,1.28
TPG,US,HUMAN,"scenarios.exitMetric ""P/DE ออก"" not in [""pe"";""ps"";""pbv"";""pffo"";""pfcf"";""evsales""] | extra section not a table (""หมายเหตุเพิ่มเติม: ทำไมรายงานนี้ไม่ใช้ GAAP EPS"") | custom cards 6 > 4 — dropped ""Fee-earning AUM""; ""Op. Margin (TTM)"" | TEXT LOST ×185: Feeearning AUM YoY มิย Op Margin TTM ขยายจาก | D: scn.bear.tgt 27.06 → 27.05 | D: scn.base.tgt 52.52 → 52.5 | D: scn.bull.tgt 81.81 → 81.79 | D: s2: $39.74 → $39.73 | D: s3: $39.74 → $39.73 | D: s4: $39.74 $27.82 $31.79 $39.74 → $39.73 $27.81 $31.78 $39.73 | D: s4: $27.82–$31.79 → $27.81–$31.78 | D: s5: $39.74 → $39.73 | D: s6: $27.06 → $27.05 | D: s6: $52.52 → $52.50 | D: s6: $81.81 → $81.79 | D: s7: $39.74 → $39.73 | D: s8: $39.74 → $39.73 | D: s8: $39.74 → $39.73 | D: s8: $27.82–$31.79 → $27.81–$31.78 | D: s1: Op. Margin (TTM) 15.5% ขยายจาก 14.7% (FY2568) ~4.8% → 4.80% | D: rd/sm fv: 39.74 → 39.73 | D: rd/sm values.scenarios[0].tgt: 27.06 → 27.05 | D: rd/sm values.scenarios[1].tgt: 52.52 → 52.5 | D: rd/sm values.scenarios[2].tgt: 81.81 → 81.79 | D: rd/sm sm.pe: 17.67 → 15.807971",2,2,185,13,6,0,6,8,,10.54
TPIPP,TH,VALUE-DRIFT,"prose stale copies ×1 (pe@analysis) | s1: ~4.09% → 4.14% | s3: ฿1.06–฿1.60 → ฿1.20–฿1.31 | s4: ฿1.60 → ฿1.31 | s8: (฿1.06–฿1.60) → (฿1.20–฿1.31) | rd/sm values.fvLow: 1.06 → 1.2 | rd/sm values.fvHigh: 1.6 → 1.31 | rd/sm sm.dividendYield: 4.09 → 4.142012",2,2,0,4,5,1,1,4,mixed,18.13
TPL,US,VALUE-DRIFT,"scn.bear.tgt 272.3 → 272.27 | scn.base.tgt 440.6 → 440.59 | scn.bull.tgt 579.7 → 579.66 | prose stale copies ×1 (px@analysis) | s1: ~45.0x → 43.1x | s2: $316.00 → $315.94 | s2: $316.00 → $315.94 | s3: $319.70 → $319.67 | s3: $310.9 $316.00 → $310.95 $315.94 | s3: $316.00 → $315.94 | s4: $316.00 $221.20 $252.80 $316.00 $320.00 $443 → $315.94 $221.16 $252.75 $315.94 $319.67 $443.00 | s4: $316.00 → $315.94 | s4: $252.80–$316.00 → $252.75–$315.94 | s4: $221.20 → $221.16 | s6: $272.30 −19% → $272.27 −20% | s6: $440.60 → $440.59 | s6: $579.70 → $579.66 | s6: $440.60 → $440.59 | s6: $579.70 → $579.66 | s6: $272.30 (−19%) → $272.27 (−20%) | s8: $316.00 → $315.94 | s8: $252.80–$316.00 $316.00 ($311.00–$320.00) → $252.75–$315.94 $315.94 ($310.95–$319.67) | s8: $316.00 → $315.94 | s8: $252.80–$316.00 → $252.75–$315.94 | rd/sm fv: 316 → 315.94 | rd/sm values.fvLow: 311 → 310.95 | rd/sm values.fvHigh: 320 → 319.67 | rd/sm values.scenarios[0].tgt: 272.3 → 272.27 | rd/sm values.scenarios[1].tgt: 440.6 → 440.59 | rd/sm values.scenarios[2].tgt: 579.7 → 579.66 | rd/sm sm.pe: 45 → 43.144133",3,3,0,20,8,1,1,4,mixed,4.12
TPR,US,VALUE-DRIFT,"scn.bear.tgt 56 → 56.26 | scn.base.tgt 100 → 99.96 | scn.bull.tgt 164 → 163.75 | prose stale copies ×1 (pe@analysis) | s1: 5.72x → | s2: $83.00 → $82.61 | s2: $83.00 → $82.61 | s3: $81 $83.00 → $81.34 $82.61 | s3: $83.00 → $82.61 | s4: $83.00 $58.10 $66.40 $83.00 $84.00 → $82.61 $57.83 $66.09 $82.61 $83.88 | s4: $83.00 → $82.61 | s4: ($66.40) → ($66.09) | s4: ($58.10) → ($57.83) | s5: −35% → −36% | s6: $56.00 → $56.26 | s6: $5.62 → $5.63 | s6: $100.00 → $99.96 | s6: $164.00 +52% $10.91 → $163.75 +51% $10.92 | s8: ~$83.00 → ~$82.61 | s8: $83.00 ($81.00–$84.00) → $82.61 ($81.34–$83.88) | s8: −35% → −36% | s8: $83.00 → $82.61 | s8: $66.40 → $66.09 | rd/sm fv: 83 → 82.61 | rd/sm values.fvLow: 81 → 81.34 | rd/sm values.fvHigh: 84 → 83.88 | rd/sm values.scenarios[0].tgt: 56 → 56.26 | rd/sm values.scenarios[1].tgt: 100 → 99.96 | rd/sm values.scenarios[2].tgt: 164 → 163.75 | rd/sm sm.mos: -35.1 → -35.7 | rd/sm sm.upside: -26 → -26.3",2,2,0,19,10,1,1,9,mixed,0.6
TQM,TH,HUMAN,"TEXT LOST ×4: TQM ประกันภัย Insurtech SET | D: s2: ฿16.50 → ฿16.47 | D: s2: ฿16.50 → ฿16.47 | D: s2: ~+7%) → ~+6%) | D: s3: ฿16.50 → ฿16.47 | D: s3: ฿16.50 → ฿16.47 | D: s4: ฿16.50 ฿11.55 ฿13.20 ฿16.50 ฿18.20 → ฿16.47 ฿11.53 ฿13.18 ฿16.47 ฿17.40 | D: s4: (฿16.50) → (฿16.47) | D: s4: ~+7% → ~+6% | D: s4: (฿13.20) → (฿13.18) | D: s4: ฿11.55) → ฿11.53) | D: s5: +7% → +6% | D: s5: ฿16.50 → ฿16.47 | D: s8: ~+7% → ~+6% | D: s8: ฿16.50 → ฿16.47 | D: s8: ฿16.50 (฿14.80–฿18.20) → ฿16.47 (฿15.82–฿17.40) | D: s8: +7% → +6% | D: s8: ฿13.20 → ฿13.18 | D: s8: ฿13.20 → ฿13.18 | D: s8: ฿16.50–฿18.20 → ฿16.47–฿17.40 | D: rd/sm fv: 16.5 → 16.47 | D: rd/sm values.fvLow: 14.8 → 15.82 | D: rd/sm values.fvHigh: 18.2 → 17.4 | D: rd/sm sm.mos: 6.7 → 6.5 | D: rd/sm sm.upside: 7.1 → 6.9",3,3,4,19,7,0,1,9,,6.89
TREX,US,VALUE-DRIFT,"scn.bear.tgt $31.90 → 31.88 | scn.base.tgt $55.38 → 55.35 | scn.bull.tgt $77.10 → 77.11 | prose stale copies ×1 (px@analysis) | s2: $46.00 → $46.02 | s3: $46.00 → $46.02 | s3: $46.00 → $46.02 | s4: $46.00 $32.20 $36.80 $46.00 → $46.02 $32.21 $36.82 $46.02 | s4: $60.80 → $60.84 | s4: $46.00 → $46.02 | s4: $36.80 → $36.82 | s4: $32.20 → $32.21 | s6: $31.90 −25.3% → $31.88 −26% | s6: $55.38 +29.7% → $55.35 +28% | s6: $77.10 +80.6% → $77.11 +78% | s8: $46.00 → $46.02 | s8: ($36.80) → ($36.82) | s8: $46.00 ($31.20–$60.80) → $46.02 ($31.20–$60.84) | s8: ($36.80) → ($36.82) | rd/sm fv: 46 → 46.02 | rd/sm values.fvHigh: 60.8 → 60.84",2,2,0,15,3,1,0,7,mixed,0.07
TRGP,US,VALUE-DRIFT,"scn.bear.tgt 205.7 → 205.74 | scn.base.tgt 296.5 → 296.54 | scn.bull.tgt 412.5 → 412.47 | s2: $233.88 → $233.87 | s3: $233.88 → $233.87 | s3: $233.88 → $233.87 | s4: $233.88 $163.72 → $233.87 $163.71 | s4: $233.88 $245.00 → $233.87 $244.95 | s4: ($245.00) → ($244.95) | s4: ($233.88) → ($233.87) | s4: ($163.72–$187.10) → ($163.71–$187.10) | s5: $233.88 → $233.87 | s6: $205.70 → $205.74 | s6: $296.50 → $296.54 | s6: $412.50 → $412.47 | s8: $233.88 → $233.87 | s8: $233.88 ($223.00–$245.00) → $233.87 ($222.80–$244.95) | rd/sm fv: 233.88 → 233.87 | rd/sm values.fvLow: 223 → 222.8 | rd/sm values.fvHigh: 245 → 244.95 | rd/sm values.scenarios[0].tgt: 205.7 → 205.74 | rd/sm values.scenarios[1].tgt: 296.5 → 296.54 | rd/sm values.scenarios[2].tgt: 412.5 → 412.47",2,2,0,14,7,0,1,5,multi-rounding,0.09
TRI,US,HUMAN,"scenarios.cases[0] .ret annotation ""+ ปันผล ~$8.34 (ราคาลด; รวม div ~ −12.4%)"" not carried — a per-year/number label would mislabel the v3 total return | scenarios.cases[1] .ret annotation ""+ ปันผล ~$8.84 (รวม ~+25.4%)"" not carried — a per-year/number label would mislabel the v3 total return | scenarios.cases[2] .ret annotation ""+ ปันผล ~$9.36 (รวม ~+65.9%)"" not carried — a per-year/number label would mislabel the v3 total return | TEXT LOST ×11: ปันผล ราคาลด รวม div ปันผล รวม ปันผล รวม | D: s3: $63.72 → $63.73 | D: s8: ($63.72–$84.67) → ($63.73–$84.67) | D: s6: −21.2% + ปันผล $8.34 (ราคาลด; รวม div −12.4%) → −18% | D: s6: +16.0% + ปันผล $8.84 (รวม +25.4%) → +18% | D: s6: +56.0% + ปันผล $9.36 (รวม +65.9%) → +56% | D: rd/sm values.fvLow: 63.72 → 63.73 | D: rd/sm sm.pe: 25 → 26.539683",3,3,11,5,3,0,0,6,,6.16
TRMB,US,VALUE-DRIFT,"scn.base.tgt 87.2 → 87.18 | scn.bull.tgt 119.9 → 119.94 | s6: $87.20 → $87.18 | s6: $119.90 → $119.94 | rd/sm values.scenarios[1].tgt: 87.2 → 87.18 | rd/sm values.scenarios[2].tgt: 119.9 → 119.94",2,2,0,2,3,0,4,6,scn-tgt,0.03
TROW,US,VALUE-DRIFT,"scn.bull.tgt 177.9 → 177.94 | s2: $124.00 → $123.78 | s3: $107.1 $124.00 → $107.12 $123.78 | s4: $124.00 $86.80 $99.20 → $123.78 $86.65 $99.02 | s4: $124.00 $140.00 → $123.78 $140.44 | s4: $124.00 → $123.78 | s4: $99.20 → $99.02 | s6: $177.90 → $177.94 | s8: $124.00 ($107.00–$140.00) → $123.78 ($107.12–$140.44) | s8: ($99.20) → ($99.02) | s8: $124.00 → $123.78 | rd/sm fv: 124 → 123.78 | rd/sm values.fvLow: 107 → 107.12 | rd/sm values.fvHigh: 140 → 140.44 | rd/sm values.scenarios[2].tgt: 177.9 → 177.94 | rd/sm sm.upside: 18.9 → 18.7",2,2,0,10,6,0,0,5,multi-rounding,0.31
TRP,US,HUMAN,"custom cards 6 > 4 — dropped ""Beta (60 เดือน)""; ""FCF (TTM)"" | TEXT LOST ×13: Beta เดือน ดิบ ปรับ Blume FCF TTM พลิกจาก | D: scn.base.tgt 68.5 → 68.59 | D: scn.bull.tgt 82.89 → 82.87 | D: prose stale copies ×2 (px@analysis;pe@analysis) | D: s2: $54.01 → $54.05 | D: s3: $62.27 → $62.35 | D: s3: $54.01 → $54.05 | D: s3: $54.01) → $54.05) | D: s3: $54.01 → $54.05 | D: s3: $45.74–$62.27 → $45.74–$62.35 | D: s4: $54.01 $37.81 $43.21 $54.01 $62.27 → $54.05 $37.83 $43.24 $54.05 $62.35 | D: s4: $54.01 → $54.05 | D: s4: $43.21 → $43.24 | D: s4: $37.81 → $37.83 | D: s5: ($54.01 → ($54.05 | D: s5: $54.01 → $54.05 | D: s5: $43.21 → $43.24 | D: s6: $68.50 → $68.59 | D: s6: $82.89 → $82.87 | D: s8: $54.01 → $54.05 | D: s8: $54.01 ($45.74–$62.27) → $54.05 ($45.74–$62.35) | D: s8: $43.21 → $43.24 | D: rd/sm fv: 54.01 → 54.05 | D: rd/sm values.fvHigh: 62.27 → 62.35 | D: rd/sm values.scenarios[1].tgt: 68.5 → 68.59 | D: rd/sm values.scenarios[2].tgt: 82.89 → 82.87",2,2,13,18,6,2,6,10,,0.13
TRU,US,VALUE-DRIFT,"scn.bear.tgt 61.05 → 60.99 | scn.base.tgt 94.98 → 94.97 | scn.bull.tgt 134.64 → 134.56 | header: $63.37 – $94.23 → | s1: ~12.9x → 12.4x | s2: $69.91 → $69.90 | s3: $69.91 → $69.90 | s3: $69.91 → $69.90 | s4: $69.91 $48.94 $55.93 $69.91 → $69.90 $48.93 $55.92 $69.90 | s4: $69.91 → $69.90 | s4: ($55.93) → ($55.92) | s5: ($55.93) → ($55.92) | s6: $61.05 → $60.99 | s6: $5.55 11x → $5.54 11.0x | s6: $94.98 → $94.97 | s6: $134.64 +102% → $134.56 +101% | s8: $69.91 → $69.90 | s8: $69.91 → $69.90 | s8: $55.93 → $55.92 | rd/sm fv: 69.91 → 69.9 | rd/sm values.scenarios[0].tgt: 61.05 → 60.99 | rd/sm values.scenarios[1].tgt: 94.98 → 94.97 | rd/sm values.scenarios[2].tgt: 134.64 → 134.56",2,2,0,16,5,0,2,12,multi-rounding,0.1
TRUE,TH,HUMAN,"TEXT LOST ×1: เป็นสมมติฐานของเราเอง | D: rd/sm sm.pe: 16.7 → 23.962264",2,2,1,0,2,0,0,11,,43.49
TRV,US,VALUE-DRIFT,"scn.bear.tgt 286 → 285.66 | scn.base.tgt 544 → 544.21 | scn.bull.tgt 676 → 676.14 | s2: $398.00 → $397.67 | s3: $521 $398.00 → $520.80 $397.67 | s3: $398.00 → $397.67 | s4: $398.00 $278.60 $318.40 $337 $398.00 $521.00 → $397.67 $278.37 $318.14 $337.00 $397.67 $520.80 | s4: $398.00 → $397.67 | s5: ($318.40) → ($318.14) | s6: $286.00 → $285.66 | s6: $31.75 → $31.74 | s6: $544.00 → $544.21 | s6: $45.36 → $45.35 | s6: $676.00 → $676.14 | s8: $398.00 → $397.67 | s8: $398.00 ($265.00–$521.00) → $397.67 ($265.00–$520.80) | rd/sm fv: 398 → 397.67 | rd/sm values.fvHigh: 521 → 520.8 | rd/sm values.scenarios[0].tgt: 286 → 285.66 | rd/sm values.scenarios[1].tgt: 544 → 544.21 | rd/sm values.scenarios[2].tgt: 676 → 676.14",3,3,0,13,7,0,2,10,multi-rounding,0.12
TSCO,US,HUMAN,"TEXT LOST ×74: พร้อมวินิจฉัยสาเหตุการร่วง Crash Diagnosis Cyclical Normalization หรือ Structural Problem | D: scn.bull.tgt 58.3 → 58.29 | D: prose stale copies ×1 (pe@analysis) | D: s6: $58.30 → $58.29 | D: rd/sm values.scenarios[2].tgt: 58.3 → 58.29",2,2,74,1,3,1,2,6,,0.02
TSEM,US,VALUE-DRIFT,"scn.bear.tgt 94 → 94.29 | scn.base.tgt 222 → 222.36 | scn.bull.tgt 382 → 381.83 | s2: $64.50 → $64.58 | s3: $75 $64.50 → $75.02 $64.58 | s4: $64.50 $45.15 $51.60 $64.50 $315 → $64.58 $45.21 $51.66 $64.58 $75.02 $315.00 | s4: $64.50 → $64.58 | s5: −237% → −236% | s5: $64.50 → $64.58 | s5: $51.60 → $51.66 | s6: $94.00 → $94.29 | s6: $222.00 → $222.36 | s6: $382.00 → $381.83 | s8: $64.50 → $64.58 | s8: $64.50 ($54.00–$75.00) → $64.58 ($54.14–$75.02) | s8: −237% → −236% | s8: $64.50 → $64.58 | s8: $51.60) → $51.66) | rd/sm fv: 64.5 → 64.58 | rd/sm values.fvLow: 54 → 54.14 | rd/sm values.fvHigh: 75 → 75.02 | rd/sm values.scenarios[0].tgt: 94 → 94.29 | rd/sm values.scenarios[1].tgt: 222 → 222.36 | rd/sm values.scenarios[2].tgt: 382 → 381.83 | rd/sm sm.mos: -236.9 → -236.5",2,2,0,15,9,0,2,9,multi-rounding,0.4
TSLA,US,VALUE-DRIFT,"scn.bear.tgt 95 → 94.75 | scn.base.tgt 242 → 242.46 | scn.bull.tgt 391 → 390.71 | s2: $102.00 → $102.18 | s3: $94 $102.00 → $94.00 $102.18 | s4: $102.00 $71.40 $81.60 $102.00 → $102.18 $71.53 $81.74 $102.18 $110.36 | s4: $499 → | s5: −271% → −270% | s5: $102.00 → $102.18 | s5: (−271%) → (−270%) | s6: $95.00 → $94.75 | s6: $242.00 → $242.46 | s6: $391.00 → $390.71 | s7: (−271%) → (−270%) | s8: $102.00 ($94.00–$110.00) → $102.18 ($94.00–$110.36) | s8: −271% → −270% | s8: $110.00 → $110.36 | s8: $81.60) → $81.74) | rd/sm fv: 102 → 102.18 | rd/sm values.fvHigh: 110 → 110.36 | rd/sm values.scenarios[0].tgt: 95 → 94.75 | rd/sm values.scenarios[1].tgt: 242 → 242.46 | rd/sm values.scenarios[2].tgt: 391 → 390.71 | rd/sm sm.mos: -270.5 → -269.9",2,2,0,15,8,0,3,12,mixed,0.6
TSM,US,HUMAN,"first header tag not ""<EXCH>: TSM"" (""NYSE: TSM (ADR)"") | custom cards 5 > 4 — dropped ""Q2/2026 กำไรสุทธิ"" | TEXT LOST ×10: ADR ADR กำไรสุทธิ NT707 EPS NT2725 หุ้นสามัญ โต | D: scn.bear.tgt 253 → 253.02 | D: scn.base.tgt 439 → 439.29 | D: scn.bull.tgt 771 → 770.67 | D: header: $265 – $479 • → · | D: s3: $270 $256.00 → $270.00 $255.96 | D: s4: $256.00 $179.20 $204.80 $256.00 $479 → $255.96 $179.17 $204.77 $255.96 $270.00 | D: s4: $256.00 → $255.96 | D: s5: $256.00 → $255.96 | D: s6: $253.00 → $253.02 | D: s6: $439.00 → $439.29 | D: s6: $771.00 → $770.67 | D: s8: $256.00 ($242.00–$270.00) → $255.96 ($241.92–$270.00) | D: s8: $256.00 → $255.96 | D: s8: <$204.80) → <$204.77) | D: s2: (ADR) $256.00 → $255.96 | D: rd/sm fv: 256 → 255.96 | D: rd/sm values.fvLow: 242 → 241.92 | D: rd/sm values.scenarios[0].tgt: 253 → 253.02 | D: rd/sm values.scenarios[1].tgt: 439 → 439.29 | D: rd/sm values.scenarios[2].tgt: 771 → 770.67",2,2,10,12,7,0,5,14,,0.07
TSN,US,VALUE-DRIFT,"scn.bear.tgt 29.52 → 29.57 | prose stale copies ×1 (px@analysis) | s3: $42.00 → $42.02 | s4: $53.00 → $53.31 | s6: $29.52 → $29.57 | s8: ($42.00–$53.00) → ($42.02–$53.31) | rd/sm values.fvLow: 42 → 42.02 | rd/sm values.fvHigh: 53 → 53.31 | rd/sm values.scenarios[0].tgt: 29.52 → 29.57",2,2,0,4,4,1,0,7,mixed,0.58
TT,US,VALUE-DRIFT,"scn.bear.tgt 424.06 → 423.94 | scn.base.tgt 546 → 546.1 | scn.bull.tgt 650.76 → 650.74 | prose:prose.gauge ""$525"" → {{analyst.target}} | prose:prose.gauge ""+13%"" → {{analyst.pct}} | prose:prose.strategy ""$454"" → {{px}} | prose:catalysts[5] ""$525"" → {{analyst.target}} | prose:catalysts[5] ""+13%"" → {{analyst.pct}} | s2: $447.00 → $447.21 | s2: $447.00 → $447.21 | s3: $430.30 $447.00 → $430.41 $447.21 | s4: $447.00 $312.90 $357.60 $447.00 → $447.21 $313.05 $357.77 $447.21 | s4: $447.00 → $447.21 | s4: $357.60 → $357.77 | s4: $312.90 → $313.05 | s4: $525 (+13% → $525.00 (+20% | s6: $424.06 → $423.94 | s6: $546.00 → $546.10 | s6: $650.76 → $650.74 | s7: (+13% → (+20% | s8: $447.00 → $447.21 | s8: $447.00 ($430.00–$472.00) → $447.21 ($430.41–$472.00) | s8: $454 → $438.54 | rd/sm fv: 447 → 447.21 | rd/sm values.fvLow: 430 → 430.41 | rd/sm values.scenarios[0].tgt: 424.06 → 423.94 | rd/sm values.scenarios[1].tgt: 546 → 546.1 | rd/sm values.scenarios[2].tgt: 650.76 → 650.74",3,3,0,15,6,0,0,6,mixed,0.1
TTB,TH,VALUE-DRIFT,"s4: ฿3.18 → ",3,3,0,1,1,0,1,7,mixed,0
TTD,US,HUMAN,"TEXT LOST ×10: Buyback ชะลอ หยุด Buyback ต่อเนื่องระดับปัจจุบัน Buyback เร่งขึ้นจาก FCF | D: scn.base.tgt 17.92 → 17.89 | D: scn.bull.tgt 29.04 → 29.03 | D: s6: $17.92 → $17.89 | D: s6: $29.04 → $29.03 | D: rd/sm values.scenarios[1].tgt: 17.92 → 17.89 | D: rd/sm values.scenarios[2].tgt: 29.04 → 29.03",2,2,10,2,3,0,2,11,,0.17
TTE,US,HUMAN,"price-bound custom card ""P/E บน EPS normalized"" | TEXT LOST ×4: midcycle ต่ำสุดในช่วง มัธยฐาน สูงสุดในช่วง | D: scn.bear.tgt 43.1 → 43.09 | D: scn.base.tgt 66.4 → 66.38 | D: scn.bull.tgt 110.1 → 110.09 | D: s1: ~$202.0 พันล้าน → $204B | D: s1: ~11.3x → 12.4x | D: s2: $70.40 → $70.50 | D: s3: $57.70 → $57.72 | D: s3: $83.00 $70.40 → $83.29 $70.50 | D: s3: $70.40 → $70.50 | D: s4: $70.40 $49.28 $56.32 $70.40 $83.00 → $70.50 $49.35 $56.40 $70.50 $83.29 | D: s4: $70.40 → $70.50 | D: s4: ($56.32 → ($56.40 | D: s5: −31% → −30% | D: s5: $70.40 → $70.50 | D: s5: $56.32 → $56.40 | D: s6: $43.10 → $43.09 | D: s6: $66.40 → $66.38 | D: s6: $110.10 → $110.09 | D: s8: $70.40 → $70.50 | D: s8: (−31%) → (−30%) | D: s8: $70.40 ($57.70–$83.00) → $70.50 ($57.72–$83.29) | D: s8: −31% → −30% | D: s8: $56.32 → $56.40 | D: s8: $49.28 → $49.35 | D: rd/sm fv: 70.4 → 70.5 | D: rd/sm values.fvLow: 57.7 → 57.72 | D: rd/sm values.fvHigh: 83 → 83.29 | D: rd/sm values.scenarios[0].tgt: 43.1 → 43.09 | D: rd/sm values.scenarios[1].tgt: 66.4 → 66.38 | D: rd/sm values.scenarios[2].tgt: 110.1 → 110.09 | D: rd/sm sm.mos: -30.5 → -30.3",2,2,4,21,7,0,3,7,,0.35
TTW,TH,VALUE-DRIFT,"scn.bear.tgt 7.3 → 7.34 | scn.base.tgt 11.05 → 11.08 | scn.bull.tgt 13.5 → 13.54 | s6: ฿7.30 → ฿7.34 | s6: ฿11.05 +27% → ฿11.08 +28% | s6: ฿13.50 +51% → ฿13.54 +52% | rd/sm values.scenarios[0].tgt: 7.3 → 7.34 | rd/sm values.scenarios[1].tgt: 11.05 → 11.08 | rd/sm values.scenarios[2].tgt: 13.5 → 13.54",3,3,0,3,5,0,2,7,scn-tgt,0.55
TTWO,US,HUMAN,"custom cards 7 > 4 — dropped ""Net Bookings FY2027E""; ""EPS FY2027E (consensus)""; ""เงินปันผล"" | TEXT LOST ×34: Net Bookings FY2027E บริษัทย้ำ guide สค bookings รวมเปิดตัว | D: scn.bear.tgt 98.4 → 98.37 | D: scn.base.tgt 210.7 → 210.41 | D: scn.bull.tgt 291.2 → 291.03 | D: s2: $154.40 → $154.45 | D: s3: $146.4 $154.40 → $146.40 $154.45 | D: s4: $154.40 $108.08 $123.52 $154.40 → $154.45 $108.11 $123.56 $154.45 | D: s4: $154.40 → $154.45 | D: s6: $98.40 → $98.37 | D: s6: $210.70 → $210.41 | D: s6: $291.20 → $291.03 | D: s7: $154.40 → $154.45 | D: s8: $154.40 → $154.45 | D: s8: $123.52 $154.40 → $123.56 $154.45 | D: s8: $123.52) → $123.56) | D: rd/sm fv: 154.4 → 154.45 | D: rd/sm values.scenarios[0].tgt: 98.4 → 98.37 | D: rd/sm values.scenarios[1].tgt: 210.7 → 210.41 | D: rd/sm values.scenarios[2].tgt: 291.2 → 291.03",2,2,34,11,5,0,7,11,,0.14
TU,TH,VALUE-DRIFT,"FV 13.3 → 13.53 (family weights) | scn.bear.tgt 9.9 → 9.94 | scn.base.tgt 15.1 → 15.13 | scn.bull.tgt 19.8 → 19.86 | prose stale copies ×2 (pe@analysis) | s1: ฿51.34 พันล้าน ~10.4x → ฿5.13 หมื่นล้าน 10.9x | s1: 1.06x → 1.11x | s2: ฿13.30 → ฿13.53 | s3: ฿13.20 → ฿13.24 | s3: ฿14.24 ฿13.30 → ฿14.28 ฿13.53 | s3: ฿13.30 → ฿13.53 | s4: ฿13.30 ฿9.31 ฿10.64 ฿13.30 ฿14.30 → ฿13.53 ฿9.47 ฿10.82 ฿13.53 ฿14.28 | s4: ฿13.30 → ฿13.53 | s4: ฿9.31) → ฿9.47) | s5: +0.0% → +1.7% | s6: ฿9.90 → ฿9.94 | s6: ฿15.10 +32% → ฿15.13 +33% | s6: ฿19.80 → ฿19.86 | s8: ฿13.30 → ฿13.53 | s8: ฿13.30 (฿12.50–฿14.30) → ฿13.53 (฿13.24–฿14.28) | s8: +0.0% → +1.7% | s8: ฿13.30 → ฿13.53 | s8: ฿9.31 → ฿9.47 | rd/sm fv: 13.3 → 13.53 | rd/sm values.fvLow: 12.5 → 13.24 | rd/sm values.fvHigh: 14.3 → 14.28 | rd/sm values.scenarios[0].tgt: 9.9 → 9.94 | rd/sm values.scenarios[1].tgt: 15.1 → 15.13 | rd/sm values.scenarios[2].tgt: 19.8 → 19.86 | rd/sm sm.pe: 10.4 → 10.901639 | rd/sm sm.mos: 0 → 1.7 | rd/sm sm.upside: 0 → 1.7 | rd/sm sm.fairValue: 13.3 → 13.53",3,3,0,18,12,2,3,8,mixed,5.92
TVO,TH,VALUE-DRIFT,"scn.bear.tgt 14.14 → 14.12 | scn.bull.tgt 32.76 → 32.69 | prose stale copies ×1 (pe@analysis) | s2: ฿23.91 → ฿23.89 | s3: ฿19.69 ฿23.91 → ฿19.64 ฿23.89 | s3: ฿23.91 → ฿23.89 | s3: ฿23.91 → ฿23.89 | s4: ฿23.91 ฿16.74 ฿19.13 ฿23.91 → ฿23.89 ฿16.72 ฿19.11 ฿23.89 | s4: ฿23.91 → ฿23.89 | s5: ฿23.91 → ฿23.89 | s6: ฿14.14 → ฿14.12 | s6: ฿32.76 → ฿32.69 | s6: ฿2.60 → ฿2.59 | s8: ฿23.91 → ฿23.89 | s8: (฿19.13) → (฿19.11) | s8: ฿23.91 (฿19.69–฿26.79) → ฿23.89 (฿19.64–฿26.79) | s8: ฿19.13 → ฿19.11 | rd/sm fv: 23.91 → 23.89 | rd/sm values.fvLow: 19.69 → 19.64 | rd/sm values.scenarios[0].tgt: 14.14 → 14.12 | rd/sm values.scenarios[2].tgt: 32.76 → 32.69",3,3,0,14,5,1,4,11,mixed,0.25
TW,US,VALUE-DRIFT,"scn.bear.tgt 96.8 → 96.78 | scn.base.tgt 143.82 → 143.88 | scn.bull.tgt 206.1 → 206.04 | prose:prose.strategy ""$92"" → {{px}} | prose stale copies ×1 (upside@analysis) | s6: $96.80 → $96.78 | s6: $143.82 → $143.88 | s6: $206.10 → $206.04 | s8: $92–$96 → $101.13–$96 | rd/sm values.scenarios[0].tgt: 96.8 → 96.78 | rd/sm values.scenarios[1].tgt: 143.82 → 143.88 | rd/sm values.scenarios[2].tgt: 206.1 → 206.04",2,2,0,4,5,1,2,7,mixed,0.04
TXN,US,VALUE-DRIFT,"scn.bear.tgt 172 → 171.9 | scn.base.tgt 286 → 286.27 | scn.bull.tgt 440 → 440.12 | s2: $197.00 → $196.43 | s3: $190 $197.00 → $189.94 $196.43 | s3: $197.00 (−37%) → $196.43 (−38%) | s4: $197.00 $137.90 $157.60 $197.00 → $196.43 $137.50 $157.14 $196.43 $202.91 | s4: $400 → | s4: ($197.00) → ($196.43) | s5: −37% → −38% | s5: $197.00 → $196.43 | s6: $172.00 → $171.90 | s6: $286.00 → $286.27 | s6: $440.00 → $440.12 | s8: $197.00 → $196.43 | s8: $197.00 ($190.00–$203.00) → $196.43 ($189.94–$202.91) | s8: −37% → −38% | s8: $157.60 → $157.14 | s8: $137.90 → $137.50 | header: ราคา $270.65 ณ → | rd/sm fv: 197 → 196.43 | rd/sm values.fvLow: 190 → 189.94 | rd/sm values.fvHigh: 203 → 202.91 | rd/sm values.scenarios[0].tgt: 172 → 171.9 | rd/sm values.scenarios[1].tgt: 286 → 286.27 | rd/sm values.scenarios[2].tgt: 440 → 440.12 | rd/sm sm.mos: -37.4 → -37.8 | rd/sm sm.upside: -27.2 → -27.4",2,2,0,17,10,0,2,8,multi-rounding,0.4
TXRH,US,HUMAN,"TEXT LOST ×2: เฉลี่ยนักวิเคราะห์ รายได้คาดการณ์ | D: scn.bear.tgt 145.86 → 145.92 | D: scn.base.tgt 234.61 → 234.72 | D: scn.bull.tgt 305.58 → 305.57 | D: s1: ~33.3x → 25.8x | D: s1: ~9.2x → 7.15x | D: s2: $193.33 → $193.42 | D: s3: $165.00 → $165.04 | D: s3: $205.00 $193.33 → $205.22 $193.42 | D: s4: $193.33 $135.33 $154.66 $193.33 → $193.42 $135.39 $154.74 $193.42 | D: s6: $145.86 → $145.92 | D: s6: $234.61 → $234.72 | D: s6: $305.58 → $305.57 | D: s8: $193.33 ($165.00–$210.00) → $193.42 ($165.04–$210.00) | D: rd/sm fv: 193.33 → 193.42 | D: rd/sm values.fvLow: 165 → 165.04 | D: rd/sm values.scenarios[0].tgt: 145.86 → 145.92 | D: rd/sm values.scenarios[1].tgt: 234.61 → 234.72 | D: rd/sm values.scenarios[2].tgt: 305.58 → 305.57 | D: rd/sm sm.pe: 33.3 → 25.848",3,3,2,10,7,0,0,6,,22.38
TYL,US,HUMAN,"TEXT LOST ×5: Technology SaaS NYSE TYL Government | D: scn.bear.tgt 268 → 267.71 | D: scn.base.tgt 383 → 383.31 | D: scn.bull.tgt 511 → 510.56 | D: prose stale copies ×1 (px@analysis) | D: s2: $345.00 → $344.78 | D: s2: $345.00 → $344.78 | D: s3: $318 $345.00 → $318.00 $344.78 | D: s4: $345.00 $241.50 $276.00 $345.00 $372.00 $427 → $344.78 $241.35 $275.82 $344.78 $371.55 $427.00 | D: s4: $345.00 → $344.78 | D: s4: $276.00 → $275.82 | D: s6: $268.00 → $267.71 | D: s6: $383.00 → $383.31 | D: s6: $511.00 → $510.56 | D: s8: $345.00 → $344.78 | D: s8: $276.00 → $275.82 | D: s8: $345.00 ($318.00–$372.00) → $344.78 ($318.00–$371.55) | D: s8: ($276.00) → ($275.82) | D: s8: ($241.50) → ($241.35) | D: rd/sm fv: 345 → 344.78 | D: rd/sm values.fvHigh: 372 → 371.55 | D: rd/sm values.scenarios[0].tgt: 268 → 267.71 | D: rd/sm values.scenarios[1].tgt: 383 → 383.31 | D: rd/sm values.scenarios[2].tgt: 511 → 510.56",2,2,5,14,7,1,1,10,,0.12
UBER,US,HUMAN,"TEXT LOST ×1: หลัก | D: scn.bear.tgt 56 → 55.57 | D: scn.base.tgt 97 → 97.34 | D: scn.bull.tgt 140 → 139.46 | D: s6: $56.00 −19% → $55.57 −20% | D: s6: $97.00 +40% → $97.34 +41% | D: s6: $140.00 +102% → $139.46 +101% | D: rd/sm values.scenarios[0].tgt: 56 → 55.57 | D: rd/sm values.scenarios[1].tgt: 97 → 97.34 | D: rd/sm values.scenarios[2].tgt: 140 → 139.46",2,2,1,3,5,0,3,10,,0.77
UBS,US,HUMAN,"custom cards 5 > 4 — dropped ""สินทรัพย์ภายใต้การบริหาร"" | TEXT LOST ×4: สินทรัพย์ภายใต้การบริหาร ใหญ่ที่สุดในโลกสำหรับธุรกิจ wealth management | D: scn.bear.tgt 33.1 → 33.13 | D: s1: ~$155 พันล้าน → $148B | D: s1: ~17.3x → 13.3x | D: s1: 1.89x → 1.80x | D: s2: $47.15 → $47.14 | D: s2: $47.15 → $47.14 | D: s3: $47.15 → $47.14 | D: s3: $47.15 → $47.14 | D: s4: $47.15 → $47.14 | D: s4: $37.72 $47.15 → $37.71 $47.14 | D: s4: $47.15 → $47.14 | D: s4: $37.72 → $37.71 | D: s5: $47.15 → $47.14 | D: s6: $33.10 → $33.13 | D: s6: $47.15 → $47.14 | D: s8: $47.15 → $47.14 | D: s8: $47.15 → $47.14 | D: s8: $47.15 → $47.14 | D: s8: $37.72 → $37.71 | D: rd/sm fv: 47.15 → 47.14 | D: rd/sm values.scenarios[0].tgt: 33.1 → 33.13",2,2,4,18,4,0,5,8,,0.09
UDR,US,HUMAN,"failed before compare — compute: meta.themeLegacy.accentDark: ต้องมี (ข้อความ) | theme.accentDark missing (no seed to fall back on) | theme.darkGrad missing (no seed to fall back on) | theme.glow missing (no seed to fall back on) | theme.subColor missing (no seed to fall back on) | theme.headerMuted missing (no seed to fall back on) | theme.verdictText missing (no seed to fall back on) | theme.vcellLabel missing (no seed to fall back on) | scenarios.cases[0] .ret annotation ""≈ +1.5%/ปี (รวมปันผล)"" not carried — a per-year/number label would mislabel the v3 total return | scenarios.cases[1] .ret annotation ""≈ +11.7%/ปี"" not carried — a per-year/number label would mislabel the v3 total return | scenarios.cases[2] .ret annotation ""≈ +20.3%/ปี"" not carried — a per-year/number label would mislabel the v3 total return | schema meta.themeLegacy.accentDark: ต้องมี (ข้อความ) | schema meta.themeLegacy.darkGrad: ต้องมี (ข้อความ) | schema meta.themeLegacy.glow: ต้องมี (ข้อความ) | schema meta.themeLegacy.subColor: ต้องมี (ข้อความ) | schema meta.themeLegacy.headerMuted: ต้องมี (ข้อความ) | schema meta.themeLegacy.verdictText: ต้องมี (ข้อความ) | schema meta.themeLegacy.vcellLabel: ต้องมี (ข้อความ) | custom cards 8 > 4 — dropped ""Total Apartment Homes""; ""กระจายตลาด""; ""ปันผลต่อเนื่อง""; ""เงินปันผลรายเดือน""",2,2,0,0,0,0,8,6,,0
UFPI,US,VALUE-DRIFT,"scn.base.tgt 90.45 → 90.44 | s1: -29% → 29% | s2: $80.35 → $80.33 | s2: $80.35 → $80.33 | s3: $78.70 → $78.66 | s3: $80.35 → $80.33 | s4: $80.35 $56.24 $64.28 $80.35 $90.00 → $80.33 $56.23 $64.26 $80.33 $82.00 | s4: $80.35 → $80.33 | s4: $64.28 → $64.26 | s4: $56.24 → $56.23 | s6: $90.45 → $90.44 | s8: $80.35 → $80.33 | s8: $64.28) → $64.26) | s8: $80.35 ($71.00–$90.00) → $80.33 ($78.66–$82.00) | s8: $64.28 → $64.26 | s8: $56.24 → $56.23 | rd/sm fv: 80.35 → 80.33 | rd/sm values.fvLow: 71 → 78.66 | rd/sm values.fvHigh: 90 → 82 | rd/sm values.scenarios[1].tgt: 90.45 → 90.44",2,2,0,15,6,0,0,9,mixed,10.79
UI,US,VALUE-DRIFT,"scn.bear.tgt 405.6 → 396.28 | scn.base.tgt 635.12 → 628.64 | scn.bull.tgt 896.64 → 887.29 | s2: $507.00 → $507.04 | s2: $507.00 → $507.04 | s3: $505 $507.00 → $505.00 $507.04 | s4: $507.00 $354.90 $405.60 $507.00 $650.00 $826 → $507.04 $354.93 $405.63 $507.04 $551.36 $826.00 | s4: $507.00 → $507.04 | s6: $405.60 −28% → $396.28 −30% | s6: $635.12 +13% $22.34 → $628.64 +12% $22.45 | s6: $896.64 +59% $26.88 → $887.29 +58% $26.89 | s8: $507.00 → $507.04 | s8: $507.00 ($400.00–$650.00) → $507.04 ($466.80–$551.36) | rd/sm fv: 507 → 507.04 | rd/sm values.fvLow: 400 → 466.8 | rd/sm values.fvHigh: 650 → 551.36 | rd/sm values.scenarios[0].tgt: 405.6 → 396.28 | rd/sm values.scenarios[1].tgt: 635.12 → 628.64 | rd/sm values.scenarios[2].tgt: 896.64 → 887.29",3,3,0,10,8,0,3,12,mixed,16.7
UL,US,VALUE-DRIFT,"s1: ~16.8x → 12.9x | s1: 7.20x → 7.25x | rd/sm sm.pe: 16.8 → 12.888199",2,2,0,2,2,0,0,4,mixed,23.28
ULS,US,VALUE-DRIFT,"scn.bear.tgt 45.6 → 45.63 | scn.base.tgt 97.2 → 97.13 | scn.bull.tgt 125.4 → 125.47 | prose:prose.strategy ""$75"" → {{fv}} | s6: $45.60 → $45.63 | s6: $97.20 → $97.13 | s6: $125.40 → $125.47 | rd/sm values.scenarios[0].tgt: 45.6 → 45.63 | rd/sm values.scenarios[1].tgt: 97.2 → 97.13 | rd/sm values.scenarios[2].tgt: 125.4 → 125.47",2,2,0,3,4,0,2,6,mixed,0.07
ULTA,US,VALUE-DRIFT,"scn.bear.tgt 508.48 → 508.43 | scn.base.tgt 618.98 → 618.97 | scn.bull.tgt 713.26 → 713.29 | s2: $505.00 → $505.14 | s3: $491.36 → $491.35 | s3: $505.00 → $505.14 | s4: $505.00 $353.50 $404.00 $505.00 $519.00 $631 → $505.14 $353.60 $404.11 $505.14 $518.92 $631.00 | s4: $505.00 → $505.14 | s4: $404.00 → $404.11 | s6: $508.48 → $508.43 | s6: $618.98 → $618.97 | s6: $713.26 → $713.29 | s8: $404.00 → $404.11 | s8: $404.00 $505.00 ($491.00–$519.00) → $404.11 $505.14 ($491.35–$518.92) | s8: $353.50–$404.00 → $353.60–$404.11 | rd/sm fv: 505 → 505.14 | rd/sm values.fvLow: 491 → 491.35 | rd/sm values.fvHigh: 519 → 518.92 | rd/sm values.scenarios[0].tgt: 508.48 → 508.43 | rd/sm values.scenarios[1].tgt: 618.98 → 618.97 | rd/sm values.scenarios[2].tgt: 713.26 → 713.29",2,2,0,12,7,0,2,6,multi-rounding,0.07
UMC,US,HUMAN,"first header tag not ""<EXCH>: UMC"" (""NYSE: UMC (ADR)"") | scenarios.cases[0] .ret annotation ""(≈ −33.8%/ปี)"" not carried — a per-year/number label would mislabel the v3 total return | scenarios.cases[1] .ret annotation ""(≈ −20.6%/ปี)"" not carried — a per-year/number label would mislabel the v3 total return | scenarios.cases[2] .ret annotation ""(≈ −4.9%/ปี)"" not carried — a per-year/number label would mislabel the v3 total return | TEXT LOST ×7: ADR ADR USD ปรับปกติ รวม รวม รวม | D: scn.bear.tgt $7.38 → 7.39 | D: scn.base.tgt $12.98 → 13 | D: scn.bull.tgt $22.18 → 22.22 | D: header: $6.97 – $28.96 → · | D: s1: ~$61.9B → $303B | D: s1: $6.72 → $6.97 | D: s4: $28.96 → | D: s6: $7.38 รวม −71% (ณ −33.8% ปี) → $7.39 −69% | D: s6: $12.98 รวม −50% (ณ −20.6% ปี) → $13.00 −46% | D: s6: $22.18 รวม −14% (ณ −4.9% ปี) → $22.22 −8% | D: rd/sm sm.pe: 24.1 → 22.952381",2,2,7,7,2,0,4,13,,4.76
UNH,US,VALUE-DRIFT,"prose stale copies ×6 (px@analysis;pe@analysis) | s2: $354.00 → $354.18 | s3: $331 $354.00 → $330.99 $354.18 | s3: $331.00–$377.00 → $330.99–$377.38 | s4: $354.00 $247.80 $283.20 $354.00 $377.00 $482 → $354.18 $247.93 $283.34 $354.18 $377.38 $482.00 | s4: $354.00 → $354.18 | s8: $354.00 → $354.18 | s8: $354.00 ($331.00–$377.00) → $354.18 ($330.99–$377.38) | s8: $354.00 → $354.18 | s8: $283.20 → $283.34 | rd/sm fv: 354 → 354.18 | rd/sm values.fvLow: 331 → 330.99 | rd/sm values.fvHigh: 377 → 377.38",2,2,0,9,4,6,2,8,mixed,0.1
UNP,US,VALUE-DRIFT,"scn.bear.tgt $233 → 217.27 | scn.base.tgt $327 → 309.43 | scn.bull.tgt $386 → 367.33 | prose:prose.strategy ""~9%"" → {{mos}} | s2: $275.00 → $274.89 | s3: $260 $275.00 → $260.00 $274.89 | s4: $275.00 $192.50 $220.00 $275.00 → $274.89 $192.42 $219.91 $274.89 $291.60 | s4: $310 → | s4: $275.00 → $274.89 | s4: $220.00 → $219.91 | s4: $192.50 → $192.42 | s6: $233 -15.0% $11.43 → $217.27 −15% $11.44 | s6: $327 +19.3% → $309.43 +19% | s6: $386 +40.8% → $367.33 +41% | s8: $275.00 → $274.89 | s8: $275.00 ($260.00–$292.00) → $274.89 ($260.00–$291.60) | s8: ~9%) → +0.3%) | s8: $220–$192.50 → $220–$192.42 | rd/sm fv: 275 → 274.89 | rd/sm values.fvHigh: 292 → 291.6",3,3,0,14,4,0,1,12,mixed,0.14
UPS,US,VALUE-DRIFT,"scn.bear.tgt 74 → 74.09 | scn.base.tgt 114 → 113.91 | scn.bull.tgt 157 → 157.16 | prose stale copies ×1 (px@analysis) | s1: ~17.1x → 12.8x | s2: $101.00 → $101.21 | s3: $101.00 → $101.21 | s4: $101.00 $70.70 $80.80 $101.00 $108.00 → $101.21 $70.85 $80.97 $101.21 $103.36 | s4: $101.00 → $101.21 | s4: $80.80 → $80.97 | s4: $70.70 → $70.85 | s6: $74.00 +1.8% → $74.09 +1.9% | s6: $114.00 → $113.91 | s6: $157.00 → $157.16 | s8: $101.00 → $101.21 | s8: $101.00 ($99.00–$108.00) → $101.21 ($99.06–$103.36) | s8: $80.80 → $80.97 | s8: $70.70 → $70.85 | rd/sm fv: 101 → 101.21 | rd/sm values.fvLow: 99 → 99.06 | rd/sm values.fvHigh: 108 → 103.36 | rd/sm values.scenarios[0].tgt: 74 → 74.09 | rd/sm values.scenarios[1].tgt: 114 → 113.91 | rd/sm values.scenarios[2].tgt: 157 → 157.16 | rd/sm sm.mos: 8.9 → 9.1 | rd/sm sm.upside: 9.7 → 10",2,2,0,14,10,1,1,8,mixed,4.3
URI,US,HUMAN,"TEXT LOST ×4: บริบท ห่างจากขายึดตลาด ไม่รวมในกรอบ FV | D: scn.bear.tgt 499 → 499.32 | D: scn.base.tgt 902 → 901.57 | D: scn.bull.tgt 1266 → 1265.67 | D: s1: ~24.4x → 24.6x | D: s2: $858.00 → $858.21 | D: s3: $858.00 → $858.21 | D: s4: $858.00 $600.60 $686.40 $858.00 $1;001.00 $1;269 → $858.21 $600.75 $686.57 $858.21 $1;000.72 $1;269.00 | D: s4: ($858.00) → ($858.21) | D: s4: $600.60–$686.40 → $600.75–$686.57 | D: s5: $858.00 → $858.21 | D: s6: $499.00 → $499.32 | D: s6: $902.00 → $901.57 | D: s6: $1;266.00 → $1;265.67 | D: s8: $858.00 → $858.21 | D: s8: $858.00 ($716.00–$1;001.00) → $858.21 ($715.69–$1;000.72) | D: s8: ($600.60–$686.40) → ($600.75–$686.57) | D: rd/sm fv: 858 → 858.21 | D: rd/sm values.fvLow: 716 → 715.69 | D: rd/sm values.fvHigh: 1001 → 1000.72 | D: rd/sm values.scenarios[0].tgt: 499 → 499.32 | D: rd/sm values.scenarios[1].tgt: 902 → 901.57 | D: rd/sm values.scenarios[2].tgt: 1266 → 1265.67",3,2,4,13,8,0,0,4,,0.06
USB,US,VALUE-DRIFT,"scn.bear.tgt 47.2 → 47.15 | scn.base.tgt 73.2 → 73.21 | scn.bull.tgt 96.5 → 96.49 | s2: $59.40 → $59.43 | s2: $59.40 → $59.43 | s3: $59.40 → $59.43 | s3: $59.40 → $59.43 | s3: $57.00–$64.00 → $57.24–$64.24 | s4: $59.40 $41.58 $47.52 $59.40 $64.00 → $59.43 $41.60 $47.54 $59.43 $64.24 | s4: $59.40 → $59.43 | s4: $47.52 → $47.54 | s4: $41.58 → $41.60 | s6: $47.20 → $47.15 | s6: $73.20 → $73.21 | s6: $96.50 → $96.49 | s8: $59.40 → $59.43 | s8: ($47.52) → ($47.54) | s8: $59.40 ($57.00–$64.00) → $59.43 ($57.24–$64.24) | s8: ($47.52) → ($47.54) | s8: ($41.58) → ($41.60) | rd/sm fv: 59.4 → 59.43 | rd/sm values.fvLow: 57 → 57.24 | rd/sm values.fvHigh: 64 → 64.24 | rd/sm values.scenarios[0].tgt: 47.2 → 47.15 | rd/sm values.scenarios[1].tgt: 73.2 → 73.21 | rd/sm values.scenarios[2].tgt: 96.5 → 96.49",3,3,0,17,8,0,2,7,multi-rounding,0.42
USFD,US,VALUE-DRIFT,"scn.base.tgt 123.39 → 123.28 | scn.bull.tgt 168.6 → 168.48 | s6: $123.39 +32% → $123.28 +31% | s6: $168.60 → $168.48 | rd/sm values.scenarios[1].tgt: 123.39 → 123.28 | rd/sm values.scenarios[2].tgt: 168.6 → 168.48",2,2,0,2,3,0,3,9,scn-tgt,0.09
UTHR,US,VALUE-DRIFT,"scn.bear.tgt 281 → 280.6 | scn.base.tgt 558 → 558.02 | scn.bull.tgt 851 → 850.54 | s2: $445.00 → $444.78 | s2: $445.00 → $444.78 | s3: $529 $445.00 → $529.00 $444.78 | s4: $445.00 $311.50 $356.00 $445.00 → $444.78 $311.35 $355.82 $444.78 | s4: $445.00 → $444.78 | s4: $356.00 → $355.82 | s6: $281.00 −40% → $280.60 −41% | s6: $558.00 → $558.02 | s6: $851.00 → $850.54 | s8: $445.00 → $444.78 | s8: $445.00 ($361.00–$529.00) → $444.78 ($360.56–$529.00) | s8: ($445.00) → ($444.78) | s8: ($356.00) → ($355.82) | rd/sm fv: 445 → 444.78 | rd/sm values.fvLow: 361 → 360.56 | rd/sm values.scenarios[0].tgt: 281 → 280.6 | rd/sm values.scenarios[1].tgt: 558 → 558.02 | rd/sm values.scenarios[2].tgt: 851 → 850.54",2,2,0,13,7,0,3,12,multi-rounding,0.14
V,US,VALUE-DRIFT,"scn.bear.tgt 374 → 374.25 | scn.base.tgt 525 → 525.58 | scn.bull.tgt 640 → 639.84 | s1: 18.20 → 21.28x | s2: $369.00 → $369.45 | s3: $369.00 → $369.45 | s3: $369.00 → $369.45 | s4: $369.00 $258.30 $295.20 $369.00 $391.00 → $369.45 $258.61 $295.56 $369.45 $390.60 | s4: $369.00 → $369.45 | s4: +0.3%) → +0.4%) | s5: +0.3% → +0.4% | s6: $374.00 → $374.25 | s6: $525.00 +45% → $525.58 +46% | s6: $640.00 → $639.84 | s7: +0.3% → +0.4% | s8: $369.00 → $369.45 | s8: +0.3%) → +0.4%) | s8: $369.00 ($330.00–$391.00) → $369.45 ($330.00–$390.60) | s8: +0.3% → +0.4% | s8: $369.00 → $369.45 | rd/sm fv: 369 → 369.45 | rd/sm values.fvHigh: 391 → 390.6 | rd/sm values.scenarios[0].tgt: 374 → 374.25 | rd/sm values.scenarios[1].tgt: 525 → 525.58 | rd/sm values.scenarios[2].tgt: 640 → 639.84",3,3,0,17,7,0,0,9,multi-rounding,0.12
VECO,US,VALUE-DRIFT,"scn.bear.tgt 31 → 31.46 | scn.base.tgt 65 → 64.88 | scn.bull.tgt 129 → 128.9 | s2: $47.50 → $47.72 | s3: $34 $47.50 → $33.99 $47.72 | s3: $34.00–$61.00 → $33.99–$61.46 | s4: $47.50 $33.25 $38.00 $47.50 $80 $87 → $47.72 $33.40 $38.18 $47.72 $61.33 $61.46 | s4: $47.50 (+4%) → $47.72 (+5%) | s5: +4% → +5% | s5: $47.50 → $47.72 | s6: $31.00 −32% → $31.46 −31% | s6: $65.00 → $64.88 | s6: $129.00 → $128.90 | s6: (−32% → (−31% | s8: (+4%) → (+5%) | s8: $47.50 ($34.00–$61.00) → $47.72 ($33.99–$61.46) | s8: +4% → +5% | s8: $33.25 → $33.40 | rd/sm fv: 47.5 → 47.72 | rd/sm values.fvLow: 34 → 33.99 | rd/sm values.fvHigh: 61 → 61.46 | rd/sm values.scenarios[0].tgt: 31 → 31.46 | rd/sm values.scenarios[1].tgt: 65 → 64.88 | rd/sm values.scenarios[2].tgt: 129 → 128.9 | rd/sm sm.mos: 4.3 → 4.8 | rd/sm sm.upside: 4.5 → 5",2,2,0,15,10,0,2,8,mixed,1.48
VEEV,US,HUMAN,"price-bound custom card ""Forward P/E (Non-GAAP)"" | D: scn.bear.tgt 229 → 228.48 | D: scn.base.tgt 352 → 352.3 | D: scn.bull.tgt 485 → 484.92 | D: s1: ~42.7x → 29.8x | D: s2: $288.00 → $288.10 | D: s2: $288.00 → $288.10 | D: s3: $249 $288.00 → $248.63 $288.10 | D: s3: $288.00 → $288.10 | D: s4: $288.00 $201.60 $230.40 $288.00 $297 $328.00 → $288.10 $201.67 $230.48 $288.10 $297.00 $327.57 | D: s4: $288.00 → $288.10 | D: s4: $230.40 → $230.48 | D: s6: $229.00 → $228.48 | D: s6: $352.00 → $352.30 | D: s6: $485.00 → $484.92 | D: s6: $14.70 → $14.69 | D: s8: $288.00 → $288.10 | D: s8: $288.00 ($249.00–$328.00) → $288.10 ($248.63–$327.57) | D: s8: $230.40 → $230.48 | D: s8: $201.60 → $201.67 | D: rd/sm fv: 288 → 288.1 | D: rd/sm values.fvLow: 249 → 248.63 | D: rd/sm values.fvHigh: 328 → 327.57 | D: rd/sm values.scenarios[0].tgt: 229 → 228.48 | D: rd/sm values.scenarios[1].tgt: 352 → 352.3 | D: rd/sm values.scenarios[2].tgt: 485 → 484.92",2,2,0,16,8,0,3,10,,0.23
VG,US,HUMAN,"failed before compare — compute: scenarios.cases[1].growth: ต้องมี (ตัวเลข) | scenarios.cases[1].growth unreadable (""EPS ทรงตัว/ปี"") | schema scenarios.cases[1].growth: ต้องมี (ตัวเลข)",2,2,0,0,0,0,2,8,,0
VGI,TH,HUMAN,"failed before compare — compute: scenarios.cases[0].growth: ต้องมี (ตัวเลข) | scenarios.driver ""ฟื้นตัวช้า"" not in [""eps"";""ffo"";""revenuePerShare"";""bvps"";""fcfPerShare"";""de"";""fre""] | scenarios.exitMetric ""null"" not in [""pe"";""ps"";""pbv"";""pffo"";""pfcf"";""evsales""] | scenarios.cases[0].growth unreadable (""ฟื้นตัวช้า"") | scenarios.cases[0].exitMultiple unreadable | scenarios.cases[1].growth unreadable (""ฟื้นกลาง"") | scenarios.cases[1].exitMultiple unreadable | scenarios.cases[2].growth unreadable (""ฟื้นแรง"") | scenarios.cases[2].exitMultiple unreadable | scenarios: no base for driver eps (fundamentals and printed end value both missing) | schema scenarios.cases[0].growth: ต้องมี (ตัวเลข) | schema scenarios.cases[0].exitMultiple: ต้องมี (ตัวเลข) | schema scenarios.cases[1].growth: ต้องมี (ตัวเลข) | schema scenarios.cases[1].exitMultiple: ต้องมี (ตัวเลข) | schema scenarios.cases[2].growth: ต้องมี (ตัวเลข) | schema scenarios.cases[2].exitMultiple: ต้องมี (ตัวเลข)",2,2,0,0,0,0,3,12,,0
VIAV,US,HUMAN,"fy periods conflict across FY cards | custom cards 5 > 4 — dropped ""EPS Q4 FY26 (non-GAAP)"" | TEXT LOST ×5: EPS FY26 nonGAAP YoY GAAP | D: scn.bear.tgt 15 → 15.21 | D: scn.base.tgt 33 → 32.96 | D: scn.bull.tgt 69 → 68.6 | D: prose stale copies ×1 (px@analysis) | D: s2: $15.50 → $15.47 | D: s3: $14.8 $15.50 → $14.85 $15.47 | D: s4: $15.50 $10.85 $12.40 $15.50 → $15.47 $10.83 $12.38 $15.47 $16.10 | D: s4: ($15.50) → ($15.47) | D: s4: −140%) → −141%) | D: s5: −140% → −141% | D: s5: $15.50 → $15.47 | D: s5: ($12.40) → ($12.38) | D: s5: ($10.85) → ($10.83) | D: s6: $15.00 −60% → $15.21 −59% | D: s6: $33.00 → $32.96 | D: s6: $69.00 +85% → $68.60 +84% | D: s8: $15.50 → $15.47 | D: s8: −140% → −141% | D: s8: $15.50 ($14.80–$16.10) → $15.47 ($14.85–$16.10) | D: s8: −140% → −141% | D: s8: $12.40 → $12.38 | D: s1: EPS Q4 FY26 (non-GAAP) $0.34 ▲ +161.5% YoY (GAAP $0.13) 0% → 0.00% | D: rd/sm fv: 15.5 → 15.47 | D: rd/sm values.fvLow: 14.8 → 14.85 | D: rd/sm values.scenarios[0].tgt: 15 → 15.21 | D: rd/sm values.scenarios[1].tgt: 33 → 32.96 | D: rd/sm values.scenarios[2].tgt: 69 → 68.6 | D: rd/sm sm.mos: -140.2 → -140.7",2,2,5,18,8,1,5,13,,1.4
VIBHA,TH,HUMAN,"TEXT LOST ×1: ราว | D: prose:prose.strategy ""ราว 6%"" → {{mos}} | D: s4: ฿1.66 → | D: s8: ราว 6%) → +18%)",3,3,1,2,0,0,1,4,,0
VICI,US,VALUE-DRIFT,"s2: $34.00 → $33.85 | s3: $34.93 $34.00 → $34.92 $33.85 | s3: $34.00 → $33.85 | s4: $34.00 $23.80 $27.20 → $33.85 $23.70 $27.08 | s4: $34.00 $34.93 → $33.85 $34.92 | s4: $34.00 → $33.85 | s4: +32%) → +31%) | s4: ($23.80) → ($23.70) | s5: +32% → +31% | s8: $34.00 ($32.77–$34.93) → $33.85 ($32.77–$34.92) | s8: +32% → +31% | s8: ($23.80) → ($23.70) | rd/sm fv: 34 → 33.85 | rd/sm values.fvHigh: 34.93 → 34.92 | rd/sm sm.mos: 31.6 → 31.3 | rd/sm sm.upside: 46.1 → 45.5",2,2,0,12,6,0,3,6,mixed,0.6
VLO,US,VALUE-DRIFT,"scn.bear.tgt 127 → 126.67 | scn.base.tgt 304 → 303.8 | scn.bull.tgt 484 → 484.49 | prose stale copies ×1 (pe@analysis) | s2: $291.00 → $291.01 | s2: ($291.00) → ($291.01) | s3: $304 $291.00 → $304.00 $291.01 | s3: $291.00 → $291.01 | s4: $291.00 $203.70 $232.80 $291.00 $355 $484 → $291.01 $203.71 $232.81 $291.01 $304.00 $355.00 | s4: $291.00 → $291.01 | s4: $291.00 → $291.01 | s4: $232.80 → $232.81 | s6: $127.00 → $126.67 | s6: $304.00 → $303.80 | s6: $484.00 +30% → $484.49 +31% | s6: $232.80–$291.00 → $232.81–$291.01 | s7: $291.00 → $291.01 | s8: $291.00 → $291.01 | s8: $232.80–$291.00 → $232.81–$291.01 | s8: $291.00 ($278.00–$304.00) → $291.01 ($278.02–$304.00) | s8: $232.80–$291.00 → $232.81–$291.01 | rd/sm fv: 291 → 291.01 | rd/sm values.fvLow: 278 → 278.02 | rd/sm values.scenarios[0].tgt: 127 → 126.67 | rd/sm values.scenarios[1].tgt: 304 → 303.8 | rd/sm values.scenarios[2].tgt: 484 → 484.49",2,2,0,17,6,1,0,10,mixed,0.26
VLTO,US,VALUE-DRIFT,"scn.bear.tgt 77 → 76.89 | scn.base.tgt 118 → 118.31 | scn.bull.tgt 140 → 140.23 | prose stale copies ×3 (px@analysis;pe@analysis) | s1: ~23.8x → 24.2x | s6: $77.00 → $76.89 | s6: $118.00 → $118.31 | s6: $140.00 → $140.23 | rd/sm values.scenarios[0].tgt: 77 → 76.89 | rd/sm values.scenarios[1].tgt: 118 → 118.31 | rd/sm values.scenarios[2].tgt: 140 → 140.23",2,2,0,4,5,3,0,9,mixed,0.26
VMC,US,HUMAN,"scenarios.cases[0] .ret annotation ""(รวมปันผล ~−14%)"" not carried — a per-year/number label would mislabel the v3 total return | scenarios.cases[1] .ret annotation ""(รวมปันผล ~+8%)"" not carried — a per-year/number label would mislabel the v3 total return | scenarios.cases[2] .ret annotation ""(รวมปันผล ~+25%)"" not carried — a per-year/number label would mislabel the v3 total return | TEXT LOST ×3: รวมปันผล รวมปันผล รวมปันผล | D: scn.bear.tgt $253.50 → 253.43 | D: scn.base.tgt $327.00 → 327.12 | D: scn.bull.tgt $378.56 → 378.54 | D: prose:prose.gauge ""$327"" → {{analyst.target}} | D: prose:prose.gauge ""+20%"" → {{analyst.pct}} | D: s2: $265.00 → $264.65 | D: s2: $265.00 → $264.65 | D: s3: $265.00 → $264.65 | D: s3: $265.00 → $264.65 | D: s4: $265.00 $185.50 $212.00 $265.00 → $264.65 $185.25 $211.72 $264.65 | D: s4: $265.00 → $264.65 | D: s4: $327 (+20% → $327.00 (+35% | D: s4: <$265.00 → <$264.65 | D: s4: $212.00 → $211.72 | D: s8: $265.00 → $264.65 | D: s8: $265.00 → $264.65 | D: s8: $265.00 → $264.65 | D: s8: <$265.00 → <$264.65 | D: s8: $212.00 → $211.72 | D: s6: $253.50 −16% (รวมปันผล −14%) → $253.43 +7% | D: s6: $327.00 +6% (รวมปันผล +8%) → $327.12 +38% | D: s6: $378.56 +23% (รวมปันผล +25%) → $378.54 +59% | D: rd/sm fv: 265 → 264.65",3,3,3,17,3,0,3,10,,0.13
VMRK,US,HUMAN,"leg 2 declared nav has no extras table (E52) | custom cards 9 > 4 — dropped ""FFO/หุ้น ที่ตลาดคาด""; ""Payout (ฐาน FFO)""; ""หนี้รวม (30 มิ.ย. 2569)""; ""หนี้สุทธิ / EBITDAre""; ""NOI รวม (run-rate)"" | TEXT LOST ×55: FFO หุ้น ที่ตลาดคาด ค่าคาดการณ์ FFO จากรอบก่อน ตรวจซ้ำรอบนี้ไม่ได้ vendor | D: scn.bear.tgt 60.9 → 60.78 | D: scn.bull.tgt 94.62 → 94.5 | D: s6: $94.62 → $94.50 | D: s6: $60.90 −0.2% $4.06 หุ้น Exit P FFO → $60.78 −0.4% $4.05 | D: s6: $4.98 หุ้น Exit P FFO → $4.97 | D: rd/sm values.scenarios[0].tgt: 60.9 → 60.78 | D: rd/sm values.scenarios[2].tgt: 94.62 → 94.5",2,2,55,3,4,0,9,8,,0.2
VRANDA,TH,HUMAN,"TEXT LOST ×2: เท่า กลุ่ม | D: scn.bear.tgt 1.82 → 1.8 | D: scn.base.tgt 4.97 → 4.95 | D: scn.bull.tgt 6.79 → 6.69 | D: s3: ฿5.13 → ฿5.14 | D: s4: ฿4.76 ฿5.13 → ฿5.14 | D: s6: ฿1.82 −54% → ฿1.80 −55% | D: s6: ฿4.97 → ฿4.95 | D: s6: ฿6.79 +71% ฿0.35 → ฿6.69 +69% ฿0.34 | D: s8: (฿2.87–฿5.13) → (฿2.87–฿5.14) | D: rd/sm values.fvHigh: 5.13 → 5.14 | D: rd/sm values.scenarios[0].tgt: 1.82 → 1.8 | D: rd/sm values.scenarios[1].tgt: 4.97 → 4.95 | D: rd/sm values.scenarios[2].tgt: 6.79 → 6.69",2,2,2,6,6,0,1,6,,1.47
VRSK,US,VALUE-DRIFT,"scn.bear.tgt 190 → 189.65 | scn.base.tgt 287 → 286.58 | scn.bull.tgt 383 → 383.55 | prose stale copies ×1 (px@analysis) | s1: ~27.0x → 25.9x | s2: $224.00 → $223.78 | s3: $174 $224.00 → $173.90 $223.78 | s3: $224.00 → $223.78 | s3: $174.00–$274.00) → $173.90–$273.65) | s4: $224.00 $156.80 $179.20 $224.00 $235 $274.00 → $223.78 $156.65 $179.02 $223.78 $235.00 $273.65 | s4: ($179.20) → ($179.02) | s4: ($156.80) → ($156.65) | s4: $224.00 → $223.78 | s6: $190.00 +13% → $189.65 +12% | s6: $287.00 → $286.58 | s6: $383.00 → $383.55 | s6: +13% → +12% | s8: $224.00 → $223.78 | s8: $224.00 ($174.00–$274.00) → $223.78 ($173.90–$273.65) | s8: ($179.20) → ($179.02) | s8: ($156.80) → ($156.65) | rd/sm fv: 224 → 223.78 | rd/sm values.fvLow: 174 → 173.9 | rd/sm values.fvHigh: 274 → 273.65 | rd/sm values.scenarios[0].tgt: 190 → 189.65 | rd/sm values.scenarios[1].tgt: 287 → 286.58 | rd/sm values.scenarios[2].tgt: 383 → 383.55 | rd/sm sm.pe: 27 → 25.946154",2,2,0,17,8,1,2,8,mixed,3.9
VRSN,US,VALUE-DRIFT,"scn.bear.tgt 211.2 → 211.29 | scn.base.tgt 307.8 → 307.81 | scn.bull.tgt 391.8 → 391.75 | prose:prose.strategy ""$200"" → {{mos20}} | prose stale copies ×2 (pe@analysis) | s1: ~29.5x → 32.3x | s2: $250.00 → $250.22 | s3: $244.70 $250.00 → $245.88 $250.22 | s4: $250.00 $175.00 $200.00 $250.00 $260.00 $312 → $250.22 $175.15 $200.18 $250.22 $260.44 $312.00 | s4: ($250.00) → ($250.22) | s4: $200.00 → $200.18 | s6: $211.20 → $211.29 | s6: $307.80 → $307.81 | s6: $391.80 → $391.75 | s8: ($250.00) → ($250.22) | s8: $250.00 ($244.00–$260.00) → $250.22 ($244.35–$260.44) | rd/sm fv: 250 → 250.22 | rd/sm values.fvLow: 244 → 244.35 | rd/sm values.fvHigh: 260 → 260.44 | rd/sm values.scenarios[0].tgt: 211.2 → 211.29 | rd/sm values.scenarios[1].tgt: 307.8 → 307.81 | rd/sm values.scenarios[2].tgt: 391.8 → 391.75 | rd/sm sm.pe: 29.5 → 32.251934 | rd/sm sm.mos: -16.8 → -16.6",3,3,0,11,10,2,2,12,mixed,9.33
VRT,US,VALUE-DRIFT,"scn.bear.tgt 186 → 185.68 | scn.base.tgt 330 → 330.25 | scn.bull.tgt 497 → 497.27 | s1: $338 → $338.15 (+38%) | s2: $205.00 → $204.61 | s3: $167 $205.00 → $167.00 $204.61 | s4: $205.00 $143.50 $164.00 $205.00 → $204.61 $143.23 $163.69 $204.61 $242.22 | s4: $380 → | s5: $205.00 → $204.61 | s6: $186.00 → $185.68 | s6: $330.00 → $330.25 | s6: $497.00 → $497.27 | s8: $205.00 → $204.61 | s8: $205.00 ($167.00–$242.00) → $204.61 ($167.00–$242.22) | s8: $164.00 → $163.69 | s8: $143.50 → $143.23 | rd/sm fv: 205 → 204.61 | rd/sm values.fvHigh: 242 → 242.22 | rd/sm values.scenarios[0].tgt: 186 → 185.68 | rd/sm values.scenarios[1].tgt: 330 → 330.25 | rd/sm values.scenarios[2].tgt: 497 → 497.27 | rd/sm sm.mos: -19.7 → -19.9 | rd/sm sm.upside: -16.4 → -16.6",2,2,0,13,9,0,2,11,multi-rounding,0.2
VRTX,US,HUMAN,"era mismatch footer BE ≠ values.dateEra CE | D: scn.bear.tgt 418 → 417.65 | D: scn.base.tgt 513 → 512.91 | D: scn.bull.tgt 758 → 757.73 | D: prose:prose.strategy ""$508.34"" → {{px}} | D: prose stale copies ×4 (pe@analysis;px@analysis) | D: s1: ~$569.19 → $569.19 (+9%) | D: s4: $407.00 → $407.17 | D: s6: $418.00 → $417.65 | D: s6: $513.00 → $512.91 | D: s6: $758.00 → $757.73 | D: s8: ($341.00–$407.00) → ($340.82–$407.17) | D: s8: ($508.34) → ($522.38) | D: footer: 2569 → 2026 | D: rd/sm values.fvLow: 341 → 340.82 | D: rd/sm values.fvHigh: 407 → 407.17 | D: rd/sm values.scenarios[0].tgt: 418 → 417.65 | D: rd/sm values.scenarios[1].tgt: 513 → 512.91 | D: rd/sm values.scenarios[2].tgt: 758 → 757.73",2,2,0,8,6,4,1,5,,0.08
VST,US,HUMAN,"TEXT LOST ×2: จุดกลาง guide | D: scn.bear.tgt 139 → 139.38 | D: scn.base.tgt 217 → 217.48 | D: scn.bull.tgt 311 → 310.86 | D: s1: $132 → $132.66 | D: s2: $180.00 → $179.40 | D: s3: $187 $180.00 → $186.81 $179.40 | D: s4: $180.00 $126.00 $144.00 $180.00 → $179.40 $125.58 $143.52 $179.40 $186.81 | D: s4: $295 → | D: s4: $180.00 → $179.40 | D: s5: $180.00 → $179.40 | D: s6: $139.00 +0.8% → $139.38 +1.0% | D: s6: $217.00 +57% → $217.48 +58% | D: s6: $311.00 → $310.86 | D: s8: $180.00 → $179.40 | D: s8: $180.00 ($172.00–$187.00) → $179.40 ($172.00–$186.81) | D: s8: <$144.00 → <$143.52 | D: s8: <$126.00) → <$125.58) | D: header: $132.66–$219.82 • → (ปิดตลาด · | D: rd/sm fv: 180 → 179.4 | D: rd/sm values.fvHigh: 187 → 186.81 | D: rd/sm values.scenarios[0].tgt: 139 → 139.38 | D: rd/sm values.scenarios[1].tgt: 217 → 217.48 | D: rd/sm values.scenarios[2].tgt: 311 → 310.86 | D: rd/sm sm.mos: 23.4 → 23.1 | D: rd/sm sm.upside: 30.5 → 30.1",2,2,2,15,9,0,3,7,,0.4
VTR,US,HUMAN,"scenarios.driver ""ปันผล +4%/ปี"" not in [""eps"";""ffo"";""revenuePerShare"";""bvps"";""fcfPerShare"";""de"";""fre""] | scenarios.exitMetric ""Exit yield"" not in [""pe"";""ps"";""pbv"";""pffo"";""pfcf"";""evsales""] | custom cards 6 > 4 — dropped ""Net Debt / EBITDA""; ""Liquidity (Q1 2569)"" | TEXT LOST ×23: Net Debt EBITDA สูงกว่า WELL พอสมควร Liquidity สูงสุดเป็นประวัติการณ์ | D: FV 76 → 75.61 (family weights) | D: scn.bear.tgt 69 → 7.96 | D: scn.base.tgt 89 → 7.27 | D: scn.bull.tgt 111 → 6.93 | D: prose stale copies ×1 (px@analysis) | D: s2: $76.00 → $75.61 | D: s3: $72 $76.00 → $72.00 $75.61 | D: s4: $76.00 $53.20 $60.80 $76.00 $79.00 → $75.61 $52.93 $60.49 $75.61 $79.22 | D: s4: $76.00 → $75.61 | D: s4: −14%) → −15%) | D: s4: ($60.80) → ($60.49) | D: s5: −14% → −15% | D: s6: $69.00 −13% → $7.96 −83% | D: s6: $89.00 +11% → $7.27 −83% | D: s6: $111.00 +37% → $6.93 −83% | D: s8: $76.00 → $75.61 | D: s8: $76.00 ($72.00–$79.00) → $75.61 ($72.00–$79.22) | D: s8: −14% → −15% | D: s8: $76.00 → $75.61 | D: s8: ($60.80) → ($60.49) | D: rd/sm fv: 76 → 75.61 | D: rd/sm values.fvHigh: 79 → 79.22 | D: rd/sm values.scenarios[0].tgt: 69 → 7.96 | D: rd/sm values.scenarios[1].tgt: 89 → 7.27 | D: rd/sm values.scenarios[2].tgt: 111 → 6.93 | D: rd/sm sm.mos: -14.2 → -14.8 | D: rd/sm sm.upside: -12.5 → -12.9 | D: rd/sm sm.fairValue: 76 → 75.61",2,2,23,15,10,1,6,13,,93.76
VZ,US,VALUE-DRIFT,"prose stale copies ×1 (px@analysis)",3,3,0,0,2,1,2,11,prose-stale,0
WAB,US,HUMAN,"TEXT LOST ×5: NYSE WAB Industrials Rail Equipment | D: s2: $184.00 → $183.73 | D: s2: $184.00 → $183.73 | D: s3: $163 $184.00 → $162.40 $183.73 | D: s3: $184.00 → $183.73 | D: s3: $163.00–$205.00) → $162.40–$205.07) | D: s4: $184.00 $128.80 $147.20 $184.00 $205.00 $329 → $183.73 $128.61 $146.98 $183.73 $205.07 $329.00 | D: s4: $184.00 → $183.73 | D: s4: $147.20 → $146.98 | D: s4: $128.80 → $128.61 | D: s5: $184.00 → $183.73 | D: s6: $189 -33.5% → $189.23 −35% | D: s6: $288 +0.8% → $288.11 −0.7% | D: s6: $366 +27.8% → $366.23 +26% | D: s8: $184.00 → $183.73 | D: s8: $184.00 → $183.73 | D: s8: $147.20 $184.00 ($163.00–$205.00) → $146.98 $183.73 ($162.40–$205.07) | D: s8: $184.00 → $183.73 | D: s8: $147.20 → $146.98 | D: rd/sm fv: 184 → 183.73 | D: rd/sm values.fvLow: 163 → 162.4 | D: rd/sm values.fvHigh: 205 → 205.07 | D: rd/sm sm.mos: -57.7 → -58",2,2,5,18,6,0,1,8,,0.37
WAT,US,HUMAN,"price-bound custom card ""P/E (FY2025 organic)"" | D: scn.bear.tgt 371.1 → 371.07 | D: scn.base.tgt 532.2 → 532.21 | D: scn.bull.tgt 718.2 → 718.17 | D: s1: $442.71 → $443.00 (+3%) | D: s2: $412.00 → $411.60 | D: s3: $386 $412.00 → $386.11 $411.60 | D: s3: $412.00 → $411.60 | D: s3: $386.00 → $386.11 | D: s3: $437.00 → $437.10 | D: s3: −4% → −5% | D: s4: $412.00 $288.40 $329.60 $412.00 $437.00 $443 → $411.60 $288.12 $329.28 $411.60 $437.10 $443.00 | D: s4: $412.00 → $411.60 | D: s4: −4%) → −5%) | D: s4: $329.60 → $329.28 | D: s5: −4% → −5% | D: s6: $371.10 → $371.07 | D: s6: $532.20 → $532.21 | D: s6: $718.20 → $718.17 | D: s8: $412.00 → $411.60 | D: s8: −4%) → −5%) | D: s8: $412.00 ($386.00–$437.00) → $411.60 ($386.11–$437.10) | D: s8: −4% → −5% | D: s8: $329.60 → $329.28 | D: s8: $412.00 → $411.60 | D: s8: $532.20 → $532.21 | D: rd/sm fv: 412 → 411.6 | D: rd/sm values.fvLow: 386 → 386.11 | D: rd/sm values.fvHigh: 437 → 437.1 | D: rd/sm values.scenarios[0].tgt: 371.1 → 371.07 | D: rd/sm values.scenarios[1].tgt: 532.2 → 532.21 | D: rd/sm values.scenarios[2].tgt: 718.2 → 718.17",2,2,0,22,8,0,2,7,,0.1
WCC,US,HUMAN,"TEXT LOST ×1: กลางไกด์ไลน์บริษัท | D: scn.bear.tgt 198 → 197.96 | D: scn.bull.tgt 474 → 473.98 | D: prose:prose.strategy ""$306"" → {{fv}} | D: prose:prose.strategy ""$245"" → {{mos20}} | D: s1: ~25.2x → 25.0x | D: s2: $306.01 → $306.00 | D: s3: $306.01 → $306.00 | D: s4: $306.01 $214.21 $244.81 $306.01 → $306.00 $214.20 $244.80 $306.00 | D: s4: $$306.01 → $$306.00 | D: s6: $198.00 → $197.96 | D: s6: $474.00 → $473.98 | D: s8: $306.01 → $306.00 | D: rd/sm fv: 306.01 → 306 | D: rd/sm values.scenarios[0].tgt: 198 → 197.96 | D: rd/sm values.scenarios[2].tgt: 474 → 473.98",2,2,1,8,5,0,2,7,,0.02
WCN,US,HUMAN,"TEXT LOST ×1: หักลดด้วย | D: scn.bear.tgt 143.36 → 143.37 | D: s1: ~42.2x → 38.0x | D: s2: $150.70 → $151.20 | D: s2: $150.70 → $151.20 | D: s3: $152.00 → $152.33 | D: s3: $156.60 $150.70 → $156.62 $151.20 | D: s3: $150.70 → $151.20 | D: s4: $150.70 $105.49 $120.56 $150.70 → $151.20 $105.84 $120.96 $151.20 $156.62 | D: s4: $305 → | D: s4: $150.70 → $151.20 | D: s5: $150.70 → $151.20 | D: s6: $143.36 → $143.37 | D: s8: (~$150.70) → (~$151.20) | D: s8: $150.70 ($143.50–$156.60) → $151.20 ($143.50–$156.62) | D: rd/sm fv: 150.7 → 151.2 | D: rd/sm values.fvHigh: 156.6 → 156.62 | D: rd/sm values.scenarios[0].tgt: 143.36 → 143.37 | D: rd/sm sm.pe: 42.2 → 38.031707 | D: rd/sm sm.mos: -3.5 → -3.1 | D: rd/sm sm.upside: -3.4 → -3",3,3,1,13,8,0,1,8,,9.88
WDAY,US,HUMAN,"fy periods conflict across FY cards | TEXT LOST ×1: หุ้นรวมทุกคลาส | D: scn.bear.tgt 132 → 131.96 | D: scn.base.tgt 240 → 239.81 | D: scn.bull.tgt 364 → 364.1 | D: header: $110.36 – $249.85 • → | D: s2: $259.00 → $258.57 | D: s2: $259.00 → $258.57 | D: s3: $254 $259.00 → $254.00 $258.57 | D: s4: $259.00 $181.30 $207.20 → $258.57 $181.00 $206.86 | D: s4: $259.00 → $258.57 $263.14 | D: s4: $259.00 → $258.57 | D: s5: $259.00 → $258.57 | D: s5: $207.20 → $206.86 | D: s5: $181.30 → $181.00 | D: s6: $132.00 → $131.96 | D: s6: $240.00 → $239.81 | D: s6: $364.00 → $364.10 | D: s8: $259.00 → $258.57 | D: s8: $259.00 ($254.00–$263.00) → $258.57 ($254.00–$263.14) | D: s8: $207.20 → $206.86 | D: s8: $181.30) → $181.00) | D: rd/sm fv: 259 → 258.57 | D: rd/sm values.fvHigh: 263 → 263.14 | D: rd/sm values.scenarios[0].tgt: 132 → 131.96 | D: rd/sm values.scenarios[1].tgt: 240 → 239.81 | D: rd/sm values.scenarios[2].tgt: 364 → 364.1 | D: rd/sm sm.pe: 20.7 → 39.298354 | D: rd/sm sm.mos: 26.3 → 26.1 | D: rd/sm sm.upside: 35.6 → 35.4",2,2,1,17,10,0,2,12,,89.85
WDC,US,HUMAN,"fy periods conflict across FY cards | scenarios.cases[0] .ret annotation ""(≈ −36%/ปี)"" not carried — a per-year/number label would mislabel the v3 total return | scenarios.cases[1] .ret annotation ""(≈ −12%/ปี)"" not carried — a per-year/number label would mislabel the v3 total return | scenarios.cases[2] .ret annotation ""(≈ +8%/ปี)"" not carried — a per-year/number label would mislabel the v3 total return | TEXT LOST ×3: รวม รวม รวม | D: s1: ~19x → 44.1x | D: s2: $191.00 → $190.94 | D: s3: $187 $191.00 → $187.00 $190.94 | D: s4: $191.00 $133.70 $152.80 $191.00 → $190.94 $133.66 $152.75 $190.94 $194.87 | D: s5: $191.00 → $190.94 | D: s7: $191.00 → $190.94 | D: s8: ($191.00) → ($190.94) | D: s8: $191.00 ($187.00–$195.00) → $190.94 ($187.00–$194.87) | D: s8: $191.00 → $190.94 | D: s8: <$152.80) → <$152.75) | D: s6: $117 รวม −73% (ณ −36% ปี) $14.6 → $117.13 −74% $14.64 | D: s6: $304 รวม −31% (ณ −12% ปี) $25.3 → $303.60 −33% $25.30 | D: s6: $555 รวม +26% (ณ +8% ปี) $34.7 → $555.28 +23% $34.71 | D: rd/sm fv: 191 → 190.94 | D: rd/sm values.fvHigh: 195 → 194.87",2,2,3,13,4,0,4,16,,0.07
WEC,US,HUMAN,"scenarios.cases[1] .ret annotation ""รวม / ~14.5%/ปี"" not carried — a per-year/number label would mislabel the v3 total return | scenarios.cases[2] .ret annotation ""รวม / ~20.8%/ปี"" not carried — a per-year/number label would mislabel the v3 total return | TEXT LOST ×3: WEC รวม รวม | D: FV 113 → 113.61 (family weights) | D: scn.bear.tgt $107.35 → 107.34 | D: scn.base.tgt $139.26 → 139.34 | D: scn.bull.tgt $165.12 → 165.15 | D: prose:prose.strategy ""$117"" → {{px}} | D: s1: ~$32.9 → $32.9B | D: s2: $113.00 → $113.61 | D: s2: $113.00 → $113.61 | D: s3: $134.00 → $133.98 | D: s3: $85.40 $113.00 → $85.26 $113.61 | D: s3: $113.00 → $113.61 | D: s4: $113.00 $79.10 $90.40 $113.00 → $113.61 $79.53 $90.89 $113.61 | D: s4: $134.00 → $133.98 | D: s4: $113.00 → $113.61 | D: s6: $107.35 +18.1% → $107.34 +18% | D: s8: $113.00 → $113.61 | D: s8: $113.00 ($85.00–$134.00) → $113.61 ($85.26–$133.98) | D: s8: $113.00 → $113.61 | D: s8: ~$117 → ~$100.90 | D: s6: $139.26 +50.1% รวม 14.5% ปี → $139.34 +50% | D: s6: $165.12 +76.1% รวม 20.8% ปี → $165.15 +76% | D: rd/sm fv: 113 → 113.61 | D: rd/sm values.fvLow: 85 → 85.26 | D: rd/sm values.fvHigh: 134 → 133.98 | D: rd/sm sm.mos: 10.7 → 11.2 | D: rd/sm sm.upside: 12 → 12.6 | D: rd/sm sm.fairValue: 113 → 113.61",3,3,3,16,7,0,2,7,,0.6
WELL,US,HUMAN,"custom cards 6 > 4 — dropped ""Net Debt / EBITDA""; ""Liquidity"" | TEXT LOST ×14: Net Debt EBITDA ต่ำมากสำหรับ REIT ขนาดนี้ Liquidity ยืดหยุ่นสูง | D: scn.bear.tgt $222 → 221.48 | D: prose stale copies ×1 (px@analysis) | D: s2: $194.00 → $194.20 | D: s3: $147 $194.00 → $147.00 $194.20 | D: s3: $194.00 → $194.20 | D: s4: $194.00 $135.80 $155.20 $194.00 $241.00 $262 → $194.20 $135.94 $155.36 $194.20 $241.40 $262.00 | D: s4: $194.00 → $194.20 | D: s4: ($155.20) → ($155.36) | D: s6: $222 −5.0% → $221.48 −5% | D: s8: $194.00 → $194.20 | D: s8: $194.00 ($147.00–$241.00) → $194.20 ($147.00–$241.40) | D: s8: $194.00 → $194.20 | D: s8: ($155.20) → ($155.36) | D: rd/sm fv: 194 → 194.2 | D: rd/sm values.fvHigh: 241 → 241.4",2,2,14,11,4,1,6,15,,0.17
WFC,US,VALUE-DRIFT,"scn.bear.tgt 76 → 71.23 | scn.base.tgt 119 → 113.78 | scn.bull.tgt 150 → 144.99 | prose:prose.strategy ""$85.29"" → {{px}} | prose:prose.strategy ""$71"" → {{mos20}} | s2: $89.00 → $89.11 | s3: $87 $89.00 → $86.69 $89.11 | s4: $89.00 $62.30 $71.20 $89.00 $93.00 → $89.11 $62.38 $71.29 $89.11 $92.88 | s4: $89.00 → $89.11 | s6: $76.00 −8% → $71.23 −13% | s6: $119.00 +45% → $113.78 +38% | s6: $150.00 +83% → $144.99 +76% | s8: $89.00 ($85.00–$93.00) → $89.11 ($86.69–$92.88) | s8: $85.29 → $82.18 | rd/sm fv: 89 → 89.11 | rd/sm values.fvLow: 85 → 86.69 | rd/sm values.fvHigh: 93 → 92.88 | rd/sm values.scenarios[0].tgt: 76 → 71.23 | rd/sm values.scenarios[1].tgt: 119 → 113.78 | rd/sm values.scenarios[2].tgt: 150 → 144.99",3,3,0,9,8,0,2,8,mixed,6.28
WHA,TH,CLEAN,"analyst.target 5.21 from gauge ""เป้าเฉลี่ย Analyst"" (no values.analystTgt) | prose literals → tokens ×10 | rd/sm gauge.min: 3 → 2",3,3,0,0,1,0,0,3,,0
WHAUP,TH,VALUE-DRIFT,"scn.bear.tgt 5.4 → 5.42 | scn.base.tgt 7.45 → 7.43 | scn.bull.tgt 10.2 → 10.19 | s6: ฿5.40 → ฿5.42 | s6: ฿7.45 → ฿7.43 | s6: ฿10.20 → ฿10.19 | rd/sm values.scenarios[0].tgt: 5.4 → 5.42 | rd/sm values.scenarios[1].tgt: 7.45 → 7.43 | rd/sm values.scenarios[2].tgt: 10.2 → 10.19",3,3,0,3,4,0,0,5,scn-tgt,0.37
WICE,TH,VALUE-DRIFT,"prose stale copies ×1 (pe@analysis) | s1: ~23.3x → 25.1x | s2: ฿2.85 → ฿2.86 | s2: ฿2.85 → ฿2.86 | s3: ฿3.30 → ฿3.31 | s3: ฿2.85 → ฿2.86 | s3: ฿2.85 → ฿2.86 | s4: ฿2.85 → ฿2.86 | s4: ฿2.28 ฿2.85 ฿3.30 → ฿2.29 ฿2.86 ฿3.31 | s4: ฿2.85 → ฿2.86 | s4: <฿2.85 → <฿2.86 | s4: ฿2.28 → ฿2.29 | s5: <฿2.85 → <฿2.86 | s8: ฿2.85 → ฿2.86 | s8: ฿2.85 (฿2.40–฿3.30) → ฿2.86 (฿2.40–฿3.31) | s8: <฿2.85 → <฿2.86 | s8: <฿2.28 → <฿2.29 | rd/sm fv: 2.85 → 2.86 | rd/sm values.fvHigh: 3.3 → 3.31 | rd/sm sm.pe: 23.3 → 25.076923 | rd/sm sm.mos: -14.4 → -14 | rd/sm sm.upside: -12.6 → -12.3",2,2,0,16,7,1,0,5,mixed,7.63
WM,US,VALUE-DRIFT,"scn.base.tgt 247.2 → 247.21 | scn.bull.tgt 297.98 → 297.99 | s1: ~29.9x → 29.4x | s1: ~8.7x → 8.59x | s2: $210.70 → $210.68 | s3: $210.70 → $210.68 | s3: $210.70 → $210.68 | s4: $210.70 $147.49 $168.56 $210.70 $216.00 $260 → $210.68 $147.48 $168.54 $210.68 $216.34 $260.00 | s4: $210.70 → $210.68 | s4: $168.56 → $168.54 | s6: $247.20 → $247.21 | s6: $297.98 → $297.99 | s8: $210.70 → $210.68 | s8: $168.56 → $168.54 | s8: $210.70 ($205.00–$216.00) → $210.68 ($205.02–$216.34) | s8: $168.56 → $168.54 | rd/sm fv: 210.7 → 210.68 | rd/sm values.fvLow: 205 → 205.02 | rd/sm values.fvHigh: 216 → 216.34 | rd/sm values.scenarios[1].tgt: 247.2 → 247.21 | rd/sm values.scenarios[2].tgt: 297.98 → 297.99",2,2,0,14,7,0,2,6,multi-rounding,0.16
WMB,US,VALUE-DRIFT,"scn.base.tgt 65.8 → 65.77 | scn.bull.tgt 96.1 → 96.12 | s2: $52.40 → $52.44 | s3: $52.40 → $52.44 | s4: $52.40 $36.68 $41.92 $52.40 → $52.44 $36.71 $41.95 $52.44 $53.93 | s4: $98.00 → | s4: $52.40 → $52.44 | s5: ($41.92) → ($41.95) | s6: $65.80 → $65.77 | s6: $96.10 → $96.12 | s8: $52.40 → $52.44 | s8: $52.40 ($50.90–$53.90) → $52.44 ($50.95–$53.93) | s8: ($41.92) → ($41.95) | s8: ($36.68) → ($36.71) | rd/sm fv: 52.4 → 52.44 | rd/sm values.fvLow: 50.9 → 50.95 | rd/sm values.fvHigh: 53.9 → 53.93 | rd/sm values.scenarios[1].tgt: 65.8 → 65.77 | rd/sm values.scenarios[2].tgt: 96.1 → 96.12",2,2,0,12,7,0,0,7,multi-rounding,0.1
WMT,US,VALUE-DRIFT,"scn.bear.tgt 82 → 82.03 | scn.base.tgt 112 → 111.52 | scn.bull.tgt 157 → 156.57 | s2: $88.00 → $88.14 | s3: $90 $88.00 → $90.17 $88.14 | s3: $88.00 → $88.14 | s4: $88.00 $61.60 $70.40 $88.00 $108.00 → $88.14 $61.70 $70.51 $88.14 $90.17 | s4: $88.00 → $88.14 | s4: ($70.40) → ($70.51) | s6: $82.00 → $82.03 | s6: $112.00 +7% → $111.52 +6% | s6: $157.00 +49% → $156.57 +48% | s8: $88.00 → $88.14 | s8: $88.00 ($75.00–$108.00) → $88.14 ($86.11–$90.17) | s8: $70.40 → $70.51 | rd/sm fv: 88 → 88.14 | rd/sm values.fvLow: 75 → 86.11 | rd/sm values.fvHigh: 108 → 90.17 | rd/sm values.scenarios[0].tgt: 82 → 82.03 | rd/sm values.scenarios[1].tgt: 112 → 111.52 | rd/sm values.scenarios[2].tgt: 157 → 156.57 | rd/sm sm.mos: -22.3 → -22.1",2,2,0,12,8,0,3,4,mixed,16.51
WORK,TH,HUMAN,"fy periods conflict across FY cards | TEXT LOST ×4: Yahoo นักวิเคราะห์ ไม่ใช้ใน FV | D: scn.bear.tgt 1.46 → 1.44 | D: scn.base.tgt 4.25 → 4.2 | D: scn.bull.tgt 6.6 → 6.5 | D: prose stale copies ×1 (px@analysis) | D: s1: −฿0.14 → ~฿-0.14 | D: s6: ฿1.46 −57% ฿0.15 → ฿1.44 −58% ฿0.14 | D: s6: ฿4.25 +25% → ฿4.20 +24% | D: s6: ฿6.60 +94% ฿0.44 → ฿6.50 +91% ฿0.43 | D: rd/sm values.scenarios[0].tgt: 1.46 → 1.44 | D: rd/sm values.scenarios[1].tgt: 4.25 → 4.2 | D: rd/sm values.scenarios[2].tgt: 6.6 → 6.5",2,2,4,4,5,1,2,9,,1.52
WPC,US,HUMAN,"custom cards 5 > 4 — dropped ""สัญญาเช่าเฉลี่ย"" | TEXT LOST ×13: REIT Net Lease Diversified NYSE สัญญาเช่าเฉลี่ย Weightedaverage lease | D: scn.bear.tgt 63 → 63.09 | D: scn.bull.tgt 106.25 → 106.27 | D: s2: $72.10 → $72.12 | D: s3: $80.00 → $80.01 | D: s3: $72.10 → $72.12 | D: s3: $72.10 → $72.12 | D: s4: $72.10 $50.47 $57.68 $72.10 $80.00 → $72.12 $50.48 $57.70 $72.12 $80.01 | D: s4: ($72.10) → ($72.12) | D: s6: $63.00 → $63.09 | D: s6: $5.25 → $5.26 | D: s6: $106.25 → $106.27 | D: s8: $72.10 ($64.23–$80.00) → $72.12 ($64.23–$80.01) | D: s8: ($57.68) → ($57.70) | D: s1: สัญญาเช่าเฉลี่ย 12.1 ปี Weighted-average lease term คงเหลือ ~5.70% → 5.70% | D: rd/sm fv: 72.1 → 72.12 | D: rd/sm values.fvHigh: 80 → 80.01 | D: rd/sm values.scenarios[0].tgt: 63 → 63.09 | D: rd/sm values.scenarios[2].tgt: 106.25 → 106.27",2,2,13,12,6,0,5,8,,0.14
WPH,TH,VALUE-DRIFT,"scn.bear.tgt 7.24 → 7.22 | s6: ฿7.24 → ฿7.22 | rd/sm values.scenarios[0].tgt: 7.24 → 7.22",2,2,0,1,3,0,0,4,scn-tgt,0.28
WPM,US,HUMAN,"TEXT LOST ×4: ที่ราคาทอง Base มัธยฐานที่วัดได้ มัธยฐานเดียวกัน | D: scn.bear.tgt 55.66 → 55.61 | D: scn.base.tgt 87.42 → 87.26 | D: scn.bull.tgt 133.95 → 133.78 | D: prose stale copies ×1 (pe@analysis) | D: s1: ~29.8x → 31.9x | D: s1: ~6.6x → 7.12x | D: s2: $89.40 → $89.39 | D: s3: $89.40 → $89.39 | D: s4: $89.40 $62.58 $71.52 $89.40 → $89.39 $62.57 $71.51 $89.39 | D: s4: ($89.40) → ($89.39) | D: s5: $89.40 → $89.39 | D: s5: $71.52 → $71.51 | D: s6: $55.66 → $55.61 | D: s6: $87.42 → $87.26 | D: s6: $3.10 → $3.09 | D: s6: $133.95 → $133.78 | D: s6: $4.75 → $4.74 | D: s8: $89.40 → $89.39 | D: s8: $89.40 → $89.39 | D: s8: ($89.40) → ($89.39) | D: s8: $71.52 → $71.51 | D: rd/sm fv: 89.4 → 89.39 | D: rd/sm values.scenarios[0].tgt: 55.66 → 55.61 | D: rd/sm values.scenarios[1].tgt: 87.42 → 87.26 | D: rd/sm values.scenarios[2].tgt: 133.95 → 133.78 | D: rd/sm sm.pe: 29.8 → 31.902439",2,2,4,17,7,1,1,5,,7.06
WRB,US,VALUE-DRIFT,"scn.bear.tgt 63.7 → 63.73 | scn.base.tgt 85.7 → 85.71 | scn.bull.tgt 109.3 → 109.25 | s2: $71.50 → $71.52 | s3: $71.50 → $71.52 | s3: $71.50 → $71.52 | s4: $71.50 $50.05 $57.20 $69.4 $71.50 $77.00 → $71.52 $50.06 $57.22 $69.40 $71.52 $76.94 | s4: $71.50 → $71.52 | s6: $63.70 → $63.73 | s6: $85.70 → $85.71 | s6: $109.30 → $109.25 | s8: $71.50 → $71.52 | s8: $71.50 ($66.00–$77.00) → $71.52 ($66.10–$76.94) | s8: ($57.20) → ($57.22) | rd/sm fv: 71.5 → 71.52 | rd/sm values.fvLow: 66 → 66.1 | rd/sm values.fvHigh: 77 → 76.94 | rd/sm values.scenarios[0].tgt: 63.7 → 63.73 | rd/sm values.scenarios[1].tgt: 85.7 → 85.71 | rd/sm values.scenarios[2].tgt: 109.3 → 109.25",2,2,0,11,8,0,2,6,multi-rounding,0.15
WSM,US,HUMAN,"TEXT LOST ×9: ระหว่างมัธยฐาน กับ FY2024 ค่าเดียวกับขา ของ FV สูงกว่า FY2025 | D: s1: ~14.2x → 14.29x",2,2,9,1,2,0,1,6,,0
WSO,US,VALUE-DRIFT,"scn.bear.tgt 213 → 213.02 | scn.base.tgt 341.4 → 341.31 | scn.bull.tgt 423.4 → 423.16 | s6: $213.00 → $213.02 | s6: $341.40 → $341.31 | s6: $423.40 → $423.16 | s6: $15.12 → $15.11 | rd/sm values.scenarios[0].tgt: 213 → 213.02 | rd/sm values.scenarios[1].tgt: 341.4 → 341.31 | rd/sm values.scenarios[2].tgt: 423.4 → 423.16",3,3,0,4,4,0,0,5,scn-tgt,0.06
WST,US,VALUE-DRIFT,"scn.bear.tgt 220.5 → 220.52 | scn.base.tgt 395 → 395.01 | scn.bull.tgt 538.9 → 538.95 | s1: ~46.4x → 47.8x | s1: ~8.6x → 8.88x | s2: $275.00 → $274.67 | s3: $339.74 → $339.73 | s3: $275.00 → $274.67 | s4: $275.00 $192.50 $220.00 $275.00 $340.00 $405 → $274.67 $192.27 $219.74 $274.67 $339.73 $405.00 | s4: $275.00 → $274.67 | s4: $340.00 → $339.73 | s4: $220.00 → $219.74 | s4: $192.50 → $192.27 | s6: $220.50 → $220.52 | s6: $395.00 → $395.01 | s6: $538.90 → $538.95 | s8: ($275.00; → ($274.67; | s8: $210.00–$340.00) → $209.60–$339.73) | s8: $275.00 ($210.00–$340.00) → $274.67 ($209.60–$339.73) | s8: $220.00 → $219.74 | s8: $192.50 → $192.27 | rd/sm fv: 275 → 274.67 | rd/sm values.fvLow: 210 → 209.6 | rd/sm values.fvHigh: 340 → 339.73 | rd/sm values.scenarios[0].tgt: 220.5 → 220.52 | rd/sm values.scenarios[1].tgt: 395 → 395.01 | rd/sm values.scenarios[2].tgt: 538.9 → 538.95 | rd/sm sm.pe: 46.39 → 47.836108",2,2,0,18,9,0,1,8,mixed,3.12
WTRG,US,VALUE-DRIFT,"scn.bear.tgt 40.85 → 40.9 | scn.base.tgt 49.35 → 49.27 | scn.bull.tgt 57.04 → 57.08 | s1: ~19.4x → 20.2x | s2: $39.21 → $39.16 | s3: $28.63 $39.21 → $28.47 $39.16 | s3: $39.21 → $39.16 | s4: $39.21 $27.45 $31.37 $39.21 → $39.16 $27.41 $31.33 $39.16 | s4: $39.21 → $39.16 | s4: −1.4%) → −1.5%) | s5: −1.4% → −1.5% | s6: $40.85 +13% → $40.90 +14% | s6: $49.35 → $49.27 | s6: $57.04 → $57.08 | s8: $39.21 → $39.16 | s8: −1.4% → −1.5% | s8: $39.21 ($28.63–$45.67) → $39.16 ($28.47–$45.67) | s8: −1.4% → −1.5% | rd/sm fv: 39.21 → 39.16 | rd/sm values.fvLow: 28.63 → 28.47 | rd/sm values.scenarios[0].tgt: 40.85 → 40.9 | rd/sm values.scenarios[1].tgt: 49.35 → 49.27 | rd/sm values.scenarios[2].tgt: 57.04 → 57.08 | rd/sm sm.pe: 19.41 → 20.172589 | rd/sm sm.upside: -1.3 → -1.5",3,3,0,15,7,0,1,4,mixed,3.93
WTW,US,HUMAN,"TEXT LOST ×7: WTW Insurance Broking HR Consulting NASDAQ และ | D: scn.bear.tgt 208.01 → 208.02 | D: scn.base.tgt 339.05 → 339.04 | D: scn.bull.tgt 457.4 → 457.44 | D: s2: $355.00 → $354.70 | D: s3: $333.13 $355.00 → $333.32 $354.70 | D: s4: $355.00 $248.50 $284.00 $355.00 $376.00 $379 → $354.70 $248.29 $283.76 $354.70 $376.07 $379.00 | D: s4: $355.00 → $354.70 | D: s4: ($284.00) → ($283.76) | D: s4: ($248.50) → ($248.29) | D: s6: $208.01 → $208.02 | D: s6: $339.05 → $339.04 | D: s6: $457.40 → $457.44 | D: s8: $355.00 → $354.70 | D: s8: ($284.00) → ($283.76) | D: s8: $355.00 ($333.00–$376.00) → $354.70 ($333.32–$376.07) | D: s8: $355.00 → $354.70 | D: s8: $284.00 → $283.76 | D: s8: $248.50 → $248.29 | D: rd/sm fv: 355 → 354.7 | D: rd/sm values.fvLow: 333 → 333.32 | D: rd/sm values.fvHigh: 376 → 376.07 | D: rd/sm values.scenarios[0].tgt: 208.01 → 208.02 | D: rd/sm values.scenarios[1].tgt: 339.05 → 339.04 | D: rd/sm values.scenarios[2].tgt: 457.4 → 457.44",2,2,7,15,7,0,1,4,,0.1
WWD,US,VALUE-DRIFT,"FV 300.96 → 294.68 (family weights) | scn.bear.tgt 268.84 → 268.78 | scn.base.tgt 488.88 → 488.93 | scn.bull.tgt 617.2 → 617.24 | s2: $300.96 → $294.68 | s3: $300.96 → $294.68 | s3: $300.96 → $294.68 | s3: $300.96 → $294.68 | s4: $300.96 $210.67 $240.77 $300.96 → $294.68 $206.28 $235.74 $294.68 | s5: −8% → −11% | s5: $300.96 → $294.68 | s6: $268.84 → $268.78 | s6: $488.88 → $488.93 | s6: $617.20 → $617.24 | s8: ($300.96) → ($294.68) | s8: $300.96 → $294.68 | s8: −8% → −11% | rd/sm fv: 300.96 → 294.68 | rd/sm values.scenarios[0].tgt: 268.84 → 268.78 | rd/sm values.scenarios[1].tgt: 488.88 → 488.93 | rd/sm values.scenarios[2].tgt: 617.2 → 617.24 | rd/sm sm.mos: -8.3 → -10.6 | rd/sm sm.upside: -7.6 → -9.6 | rd/sm sm.fairValue: 300.96 → 294.68",3,3,0,13,9,0,0,8,mixed,2.3
WY,US,HUMAN,"TEXT LOST ×6: sh Exit sh Exit sh Exit | D: scn.bear.tgt 10 → 10.03 | D: scn.base.tgt 19 → 19.03 | D: scn.bull.tgt 39.4 → 39.41 | D: prose stale copies ×1 (pe@analysis) | D: s2: $16.80 → $16.76 | D: s3: $16.80 → $16.76 | D: s4: $16.80 $11.76 $13.44 $16.80 $17.90 → $16.76 $11.73 $13.41 $16.76 $17.94 | D: s4: $16.80 → $16.76 | D: s4: ($13.44) → ($13.41) | D: s4: ($11.76) → ($11.73) | D: s6: $10.00 → $10.03 | D: s6: $19.00 → $19.03 | D: s6: $39.40 → $39.41 | D: s8: $16.80 → $16.76 | D: s8: $16.80 ($15.60–$17.90) → $16.76 ($15.58–$17.94) | D: s8: ($13.44) → ($13.41) | D: rd/sm fv: 16.8 → 16.76 | D: rd/sm values.fvLow: 15.6 → 15.58 | D: rd/sm values.fvHigh: 17.9 → 17.94 | D: rd/sm values.scenarios[0].tgt: 10 → 10.03 | D: rd/sm values.scenarios[1].tgt: 19 → 19.03 | D: rd/sm values.scenarios[2].tgt: 39.4 → 39.41 | D: rd/sm sm.mos: -19.9 → -20.2 | D: rd/sm sm.upside: -16.6 → -16.8",2,2,6,12,9,1,1,8,,0.3
XEL,US,HUMAN,"scenarios.cases[1] .ret annotation ""รวม / ~10.9%/ปี"" not carried — a per-year/number label would mislabel the v3 total return | scenarios.cases[2] .ret annotation ""รวม / ~16.3%/ปี"" not carried — a per-year/number label would mislabel the v3 total return | TEXT LOST ×3: XEL รวม รวม | D: scn.bear.tgt $63.81 → 63.82 | D: scn.bull.tgt $101.16 → 101.15 | D: s1: ~$43.45 → $43.4B | D: s1: ~15.3% → · | D: s3: $90.91 → $90.92 | D: s3: $78.48 → $78.47 | D: s4: $90.91 → $90.92 | D: s6: $63.81 +2.6% → $63.82 +3% | D: s8: ($78.48–$90.91) → ($78.47–$90.92) | D: s6: +36.5% รวม 10.9% ปี → +36% | D: s6: $101.16 +57.4% รวม 16.3% ปี → $101.15 +57% | D: rd/sm values.fvLow: 78.48 → 78.47 | D: rd/sm values.fvHigh: 90.91 → 90.92",2,2,3,9,4,0,2,8,,0.01
XO,TH,VALUE-DRIFT,"scn.bear.tgt 12 → 11.99 | scn.base.tgt 18.1 → 18.13 | scn.bull.tgt 26.5 → 26.49 | s2: ฿18.15 → ฿18.14 | s2: ฿18.15 → ฿18.14 | s3: ฿21.5 ฿18.15 → ฿21.48 ฿18.14 | s3: +1.4% → +1.3% | s4: ฿18.15 → ฿18.14 | s4: ฿14.52 ฿18.15 → ฿14.51 ฿18.14 | s4: ฿21.50 → ฿21.48 | s4: ฿18.15 → ฿18.14 | s4: +1.4% → +1.3% | s4: ฿14.52 → ฿14.51 | s5: +1.4% → +1.3% | s6: ฿12.00 → ฿11.99 | s6: ฿18.10 → ฿18.13 | s6: ฿26.50 → ฿26.49 | s8: +1.4% → +1.3% | s8: ฿18.15 → ฿18.14 | s8: ฿14.52 → ฿14.51 | s8: ฿18.15 (฿14.80–฿21.50) → ฿18.14 (฿14.80–฿21.48) | s8: +1.4% → +1.3% | s8: ฿14.52 → ฿14.51 | rd/sm fv: 18.15 → 18.14 | rd/sm values.fvHigh: 21.5 → 21.48 | rd/sm values.scenarios[0].tgt: 12 → 11.99 | rd/sm values.scenarios[1].tgt: 18.1 → 18.13 | rd/sm values.scenarios[2].tgt: 26.5 → 26.49",2,2,0,20,7,0,0,4,multi-rounding,0.17
XOM,US,HUMAN,"TEXT LOST ×2: จุดสูงสุด มีค | D: scn.bear.tgt 77 → 77.24 | D: scn.base.tgt 120 → 119.89 | D: scn.bull.tgt 214 → 213.86 | D: s1: $110.39 → | D: s1: $170.91 → $171.00 (+5%) | D: s3: $124 $114.00 → $123.60 $113.58 | D: s3: $114.00 → $113.58 | D: s4: $114.00 $79.80 $91.20 $114.00 $124.00 $171 → $113.58 $79.51 $90.86 $113.58 $123.60 $171.00 | D: s4: $114.00 → $113.58 | D: s4: −42%) → −43%) | D: s4: $114.00 → $113.58 | D: s4: $91.20 → $90.86 | D: s4: $79.80 → $79.51 | D: s5: −42% → −43% | D: s6: $77.00 → $77.24 | D: s6: $120.00 → $119.89 | D: s6: $214.00 → $213.86 | D: s7: −42%) → −43%) | D: s8: $114.00 → $113.58 | D: s8: −42%) → −43%) | D: s8: $114.00 → $113.58 | D: s8: $91.20 → $90.86 | D: s8: $114.00 ($104.00–$124.00) → $113.58 ($103.57–$123.60) | D: s8: −42% → −43% | D: s8: $91.20–$114.00 → $90.86–$113.58 | D: s2: $114.00 จุดสูงสุด (มี.ค. 2569) → $113.58 | D: rd/sm fv: 114 → 113.58 | D: rd/sm values.fvLow: 104 → 103.57 | D: rd/sm values.fvHigh: 124 → 123.6 | D: rd/sm values.scenarios[0].tgt: 77 → 77.24 | D: rd/sm values.scenarios[1].tgt: 120 → 119.89 | D: rd/sm values.scenarios[2].tgt: 214 → 213.86 | D: rd/sm sm.mos: -42.2 → -42.8 | D: rd/sm sm.upside: -29.7 → -29.9",2,2,2,23,10,0,2,12,,0.6
XPO,US,VALUE-DRIFT,"scn.bear.tgt 107.46 → 107.39 | scn.base.tgt 194.16 → 194.14 | s6: $107.46 → $107.39 | s6: $194.16 → $194.14 | rd/sm values.scenarios[0].tgt: 107.46 → 107.39 | rd/sm values.scenarios[1].tgt: 194.16 → 194.14",2,2,0,2,2,0,3,3,scn-tgt,0.07
XYL,US,CLEAN,"theme.badge/chg dropped (template decoration) | analyst.target 153.88 from gauge ""เป้าเฉลี่ย Analyst"" (no values.analystTgt) | prose literals → tokens ×3 | rd/sm gauge.min: 70 → 80 | rd/sm gauge.max: 175 → 180",2,2,0,0,2,0,0,5,,0
YUM,US,HUMAN,"TEXT LOST ×3: QSR Franchise NYSE | D: prose stale copies ×1 (px@analysis) | D: s1: ~−$26 → ~$-26.00 | D: s2: $150.90 → $150.85 | D: s2: $150.90 → $150.85 | D: s3: $157.48 $150.90 → $157.41 $150.85 | D: s4: $150.90 $105.63 $120.72 $150.90 $157.48 $174 → $150.85 $105.59 $120.68 $150.85 $157.41 $174.00 | D: s4: $150.90 → $150.85 | D: s4: $120.72 → $120.68 | D: s8: $120.72 → $120.68 | D: s8: $150.90 → $150.85 | D: s8: $150.90 ($144.30–$157.48) → $150.85 ($144.30–$157.41) | D: s8: $120.72 → $120.68 | D: rd/sm fv: 150.9 → 150.85 | D: rd/sm values.fvHigh: 157.48 → 157.41",2,2,3,11,2,1,1,4,,0.04
ZBH,US,VALUE-DRIFT,"scn.bear.tgt 74 → 74.16 | scn.base.tgt 108 → 107.95 | scn.bull.tgt 150 → 150.5 | prose:prose.gauge ""+14%"" → {{analyst.pct}} | s2: $90.00 → $90.07 | s3: $73 $90.00 → $73.02 $90.07 | s3: $90.00 → $90.07 | s3: $73.00–$107.00 → $73.02–$107.12 | s4: $90.00 $63.00 $72.00 $90.00 $107.00 → $90.07 $63.05 $72.06 $90.07 $107.12 | s4: $90.00 (+0.3%) → $90.07 (+0.4%) | s4: $72.00 → $72.06 | s4: (+14% → (+20% | s5: +0.3% → +0.4% | s6: $74.00 → $74.16 | s6: $108.00 → $107.95 | s6: $150.00 +67% → $150.50 +68% | s8: $90.00 → $90.07 | s8: $90.00 ($73.00–$107.00) → $90.07 ($73.02–$107.12) | s8: +0.3% → +0.4% | s8: ($72.00) → ($72.06) | s8: ($63.00) → ($63.05) | rd/sm fv: 90 → 90.07 | rd/sm values.fvLow: 73 → 73.02 | rd/sm values.fvHigh: 107 → 107.12 | rd/sm values.scenarios[0].tgt: 74 → 74.16 | rd/sm values.scenarios[1].tgt: 108 → 107.95 | rd/sm values.scenarios[2].tgt: 150 → 150.5",2,2,0,17,8,0,2,7,mixed,0.33
ZBRA,US,HUMAN,"TEXT LOST ×1: ทรงตัว | D: scn.bear.tgt 238 → 237.82 | D: scn.base.tgt 381 → 381.29 | D: scn.bull.tgt 542 → 542.54 | D: s2: $326.00 → $326.40 | D: s3: $261 $326.00 → $261.48 $326.40 | D: s3: ($261.00–$391.00) → ($261.48–$391.32) | D: s3: $326.00 → $326.40 | D: s4: $326.00 $228.20 $260.80 $326.00 $391.00 → $326.40 $228.48 $261.12 $326.40 $391.32 | D: s4: ($261.00–$391.00) → ($261.48–$391.32) | D: s4: $326.00 → $326.40 | D: s5: $326.00 → $326.40 | D: s5: ($260.80) → ($261.12) | D: s5: ($228.20) → ($228.48) | D: s6: $238.00 → $237.82 | D: s6: $381.00 → $381.29 | D: s6: $542.00 +48% → $542.54 +49% | D: s8: $326.00 → $326.40 | D: s8: $326.00 ($261.00–$391.00) → $326.40 ($261.48–$391.32) | D: s8: ($260.80) → ($261.12) | D: rd/sm fv: 326 → 326.4 | D: rd/sm values.fvLow: 261 → 261.48 | D: rd/sm values.fvHigh: 391 → 391.32 | D: rd/sm values.scenarios[0].tgt: 238 → 237.82 | D: rd/sm values.scenarios[1].tgt: 381 → 381.29 | D: rd/sm values.scenarios[2].tgt: 542 → 542.54",2,2,1,16,8,0,0,4,,0.18
ZEN,TH,VALUE-DRIFT,"s1: ~37x → 36.0x | rd/sm sm.pe: 37 → 36",2,2,0,1,2,0,1,6,mixed,2.7
ZM,US,VALUE-DRIFT,"FV 88 → 87.48 (family weights) | scn.bear.tgt 57 → 57.41 | scn.base.tgt 99 → 98.86 | scn.bull.tgt 146 → 145.69 | s2: $88.00 → $87.48 | s2: $88.00 → $87.48 | s3: $94 $88.00 → $94.00 $87.48 | s3: $88.00 → $87.48 | s3: $81.00–$94.00) → $80.96–$94.00) | s4: $88.00 $61.60 $70.40 $88.00 → $87.48 $61.24 $69.98 $87.48 | s4: $88.00 → $87.48 | s4: ($70.40) → ($69.98) | s6: $57.00 −37% → $57.41 −36% | s6: $99.00 +10% → $98.86 +9% | s6: $146.00 +62% → $145.69 +61% | s8: $88.00 → $87.48 | s8: $88.00 ($81.00–$94.00) → $87.48 ($80.96–$94.00) | s8: ($70.40) → ($69.98) | s8: ($61.60) → ($61.24) | rd/sm fv: 88 → 87.48 | rd/sm values.fvLow: 81 → 80.96 | rd/sm values.scenarios[0].tgt: 57 → 57.41 | rd/sm values.scenarios[1].tgt: 99 → 98.86 | rd/sm values.scenarios[2].tgt: 146 → 145.69 | rd/sm sm.mos: -2.7 → -3.3 | rd/sm sm.upside: -2.6 → -3.2 | rd/sm sm.fairValue: 88 → 87.48",2,2,0,15,10,0,2,10,mixed,0.72
ZS,US,HUMAN,"custom cards 6 > 4 — dropped ""EPS Q4 FY26 (Non-GAAP)""; ""รายได้ FY27 (guide)"" | TEXT LOST ×14: EPS FY26 NonGAAP กำไร nonGAAP YoY รายได้ FY27 | D: scn.bear.tgt 105 → 104.62 | D: scn.base.tgt 183 → 182.81 | D: scn.bull.tgt 284 → 283.56 | D: prose:legs[2].note ""$203"" → {{px}} | D: s2: $143.00 → $143.10 | D: s3: $145 $143.00 → $144.25 $143.10 | D: s4: $143.00 $100.10 $114.40 $143.00 → $143.10 $100.17 $114.48 $143.10 $156.16 | D: s4: $298 → | D: s4: $143.00 → $143.10 | D: s5: $143.00 → $143.10 | D: s6: $105.00 → $104.62 | D: s6: $183.00 → $182.81 | D: s6: $284.00 → $283.56 | D: s8: $143.00 → $143.10 | D: s8: $143.00 ($136.00–$156.00) → $143.10 ($136.00–$156.16) | D: s8: $114.40 → $114.48 | D: s8: $100.10) → $100.17) | D: rd/sm fv: 143 → 143.1 | D: rd/sm values.fvHigh: 156 → 156.16 | D: rd/sm values.scenarios[0].tgt: 105 → 104.62 | D: rd/sm values.scenarios[1].tgt: 183 → 182.81 | D: rd/sm values.scenarios[2].tgt: 284 → 283.56",3,3,14,13,7,0,6,15,,0.36
ZTS,US,HUMAN,"scenarios.cases[1] .ret annotation ""(≈ +15.1%/ปี)"" not carried — a per-year/number label would mislabel the v3 total return | scenarios.cases[2] .ret annotation ""(≈ +25.8%/ปี)"" not carried — a per-year/number label would mislabel the v3 total return | D: scn.bear.tgt $56.60 → 56.61 | D: scn.bull.tgt $132.77 → 132.82 | D: prose:prose.verdictHeadline ""~12%"" → {{mos}} | D: s2: $85.00 → $85.25 | D: s2: $85.00 → $85.25 | D: s3: $85.00 → $85.25 | D: s3: $85.00 → $85.25 | D: s4: $85.00 $59.50 $68.00 $85.00 → $85.25 $59.68 $68.20 $85.25 | D: s4: $85.00 → $85.25 | D: s4: ($68.00) → ($68.20) | D: s5: +17% → +18% | D: s5: $85.00 → $85.25 | D: s5: $68.00) → $68.20) | D: s6: $56.60 −10.4% → $56.61 −10% | D: s6: +52.6% (ณ +15.1% ปี) → +53% | D: s6: $132.77 +98.9% (ณ +25.8% ปี) → $132.82 +99% | D: s6: $85.00 → $85.25 | D: s8: ~12% → +18% | D: s8: $85.00 → $85.25 | D: s8: $85.00 → $85.25 | D: s8: +17% → +18% | D: s8: $85.00 → $85.25 | D: s8: $68.00 → $68.20 | D: rd/sm fv: 85 → 85.25 | D: rd/sm sm.mos: 17.3 → 17.6 | D: rd/sm sm.upside: 21 → 21.3",3,3,0,20,5,0,1,10,,0.3
